[
 {
  "action": {
   "redirect": {
    "transform": {
     "queryTransform": {
      "removeParams": [
       "autoplay"
      ]
     }
    }
   },
   "type": "redirect"
  },
  "condition": {
   "initiatorDomains": [
    "kooora.com"
   ],
   "isUrlFilterCaseSensitive": false,
   "resourceTypes": [
    "main_frame",
    "sub_frame",
    "xmlhttprequest"
   ],
   "urlFilter": "||player.octivid.com/*/video?*&autoplay="
  },
  "id": 384
 },
 {
  "action": {
   "redirect": {
    "transform": {
     "queryTransform": {
      "removeParams": [
       "autoplay"
      ]
     }
    }
   },
   "type": "redirect"
  },
  "condition": {
   "isUrlFilterCaseSensitive": false,
   "resourceTypes": [
    "main_frame",
    "sub_frame",
    "xmlhttprequest"
   ],
   "urlFilter": "||dailymotion.com/embed/video/"
  },
  "id": 385
 }
]
