[
 {
  "action": {
   "redirect": {
    "transform": {
     "queryTransform": {
      "removeParams": [
       "affid",
       "bCode",
       "cpcAdToken"
      ]
     }
    }
   },
   "type": "redirect"
  },
  "condition": {
   "requestDomains": [
    "digikala.com"
   ],
   "resourceTypes": [
    "main_frame",
    "sub_frame",
    "xmlhttprequest"
   ]
  },
  "id": 542
 },
 {
  "action": {
   "redirect": {
    "transform": {
     "queryTransform": {
      "removeParams": [
       "rssRedirect"
      ]
     }
    }
   },
   "type": "redirect"
  },
  "condition": {
   "requestDomains": [
    "eghtesadnews.com"
   ],
   "resourceTypes": [
    "main_frame",
    "sub_frame",
    "xmlhttprequest"
   ]
  },
  "id": 543
 },
 {
  "action": {
   "redirect": {
    "transform": {
     "queryTransform": {
      "removeParams": [
       "_ga",
       "_gl"
      ]
     }
    }
   },
   "type": "redirect"
  },
  "condition": {
   "requestDomains": [
    "app.technews-iran.com"
   ],
   "resourceTypes": [
    "main_frame",
    "sub_frame",
    "xmlhttprequest"
   ]
  },
  "id": 544
 },
 {
  "action": {
   "redirect": {
    "transform": {
     "queryTransform": {
      "removeParams": [
       "_bt__experiment",
       "_ft__ab_test",
       "_ft__shop_score",
       "_http_referrer",
       "_url_referrer",
       "android_app_ver",
       "btn",
       "bvid",
       "device",
       "discover_method",
       "is_adv",
       "pre_prk",
       "session_id",
       "shop_rank",
       "suid",
       "uid"
      ]
     }
    }
   },
   "type": "redirect"
  },
  "condition": {
   "requestDomains": [
    "api.torob.com"
   ],
   "resourceTypes": [
    "main_frame",
    "sub_frame",
    "xmlhttprequest"
   ]
  },
  "id": 545
 },
 {
  "action": {
   "redirect": {
    "transform": {
     "queryTransform": {
      "removeParams": [
       "source"
      ]
     }
    }
   },
   "type": "redirect"
  },
  "condition": {
   "requestDomains": [
    "api.torob.com",
    "virgool.io"
   ],
   "resourceTypes": [
    "main_frame",
    "sub_frame",
    "xmlhttprequest"
   ]
  },
  "id": 546
 },
 {
  "action": {
   "redirect": {
    "transform": {
     "queryTransform": {
      "removeParams": [
       "ref"
      ]
     }
    }
   },
   "type": "redirect"
  },
  "condition": {
   "requestDomains": [
    "upera.tv"
   ],
   "resourceTypes": [
    "main_frame",
    "sub_frame",
    "xmlhttprequest"
   ]
  },
  "id": 547
 },
 {
  "action": {
   "redirect": {
    "transform": {
     "queryTransform": {
      "removeParams": [
       "referer"
      ]
     }
    }
   },
   "type": "redirect"
  },
  "condition": {
   "requestDomains": [
    "aparat.com"
   ],
   "resourceTypes": [
    "xmlhttprequest"
   ]
  },
  "id": 548
 },
 {
  "action": {
   "redirect": {
    "transform": {
     "queryTransform": {
      "removeParams": [
       "referrer"
      ]
     }
    }
   },
   "type": "redirect"
  },
  "condition": {
   "isUrlFilterCaseSensitive": false,
   "resourceTypes": [
    "xmlhttprequest"
   ],
   "urlFilter": "||podbean.com/player^"
  },
  "id": 549
 },
 {
  "action": {
   "redirect": {
    "transform": {
     "queryTransform": {
      "removeParams": [
       "pbss"
      ]
     }
    }
   },
   "type": "redirect"
  },
  "condition": {
   "isUrlFilterCaseSensitive": false,
   "resourceTypes": [
    "media"
   ],
   "urlFilter": "||podbean.com/pb^"
  },
  "id": 550
 },
 {
  "action": {
   "redirect": {
    "transform": {
     "queryTransform": {
      "removeParams": [
       "vastUrl"
      ]
     }
    }
   },
   "type": "redirect"
  },
  "condition": {
   "domainType": "thirdParty",
   "isUrlFilterCaseSensitive": false,
   "resourceTypes": [
    "main_frame",
    "sub_frame",
    "xmlhttprequest"
   ],
   "urlFilter": "||tamasha.com/embed^"
  },
  "id": 551
 }
]
