[
 {
  "action": {
   "redirect": {
    "transform": {
     "queryTransform": {
      "removeParams": [
       "scid",
       "utm_id"
      ]
     }
    }
   },
   "type": "redirect"
  },
  "condition": {
   "initiatorDomains": [
    "elgiganten.dk",
    "elkjop.no"
   ],
   "resourceTypes": [
    "main_frame",
    "sub_frame",
    "xmlhttprequest"
   ]
  },
  "id": 449
 },
 {
  "action": {
   "redirect": {
    "transform": {
     "queryTransform": {
      "removeParams": [
       "g"
      ]
     }
    }
   },
   "type": "redirect"
  },
  "condition": {
   "isUrlFilterCaseSensitive": false,
   "resourceTypes": [
    "main_frame",
    "sub_frame",
    "xmlhttprequest"
   ],
   "urlFilter": "||cdon."
  },
  "id": 450
 },
 {
  "action": {
   "redirect": {
    "transform": {
     "queryTransform": {
      "removeParams": [
       "ref"
      ]
     }
    }
   },
   "type": "redirect"
  },
  "condition": {
   "requestDomains": [
    "deal.no"
   ],
   "resourceTypes": [
    "main_frame",
    "sub_frame",
    "xmlhttprequest"
   ]
  },
  "id": 451
 },
 {
  "action": {
   "redirect": {
    "transform": {
     "queryTransform": {
      "removeParams": [
       "WebSiteMapNodeID"
      ]
     }
    }
   },
   "type": "redirect"
  },
  "condition": {
   "requestDomains": [
    "digitalimpuls.no"
   ],
   "resourceTypes": [
    "main_frame",
    "sub_frame",
    "xmlhttprequest"
   ]
  },
  "id": 452
 },
 {
  "action": {
   "redirect": {
    "transform": {
     "queryTransform": {
      "removeParams": [
       "gclsrc"
      ]
     }
    }
   },
   "type": "redirect"
  },
  "condition": {
   "requestDomains": [
    "jula.no"
   ],
   "resourceTypes": [
    "main_frame",
    "sub_frame",
    "xmlhttprequest"
   ]
  },
  "id": 453
 },
 {
  "action": {
   "redirect": {
    "transform": {
     "queryTransform": {
      "removeParams": [
       "dclid"
      ]
     }
    }
   },
   "type": "redirect"
  },
  "condition": {
   "requestDomains": [
    "netonnet.no"
   ],
   "resourceTypes": [
    "main_frame",
    "sub_frame",
    "xmlhttprequest"
   ]
  },
  "id": 454
 },
 {
  "action": {
   "redirect": {
    "transform": {
     "queryTransform": {
      "removeParams": [
       "WT.mc_id"
      ]
     }
    }
   },
   "type": "redirect"
  },
  "condition": {
   "requestDomains": [
    "norsktipping.no"
   ],
   "resourceTypes": [
    "main_frame",
    "sub_frame",
    "xmlhttprequest"
   ]
  },
  "id": 455
 },
 {
  "action": {
   "redirect": {
    "transform": {
     "queryTransform": {
      "removeParams": [
       "draftsforfriends"
      ]
     }
    }
   },
   "type": "redirect"
  },
  "condition": {
   "requestDomains": [
    "p3.no"
   ],
   "resourceTypes": [
    "main_frame",
    "sub_frame",
    "xmlhttprequest"
   ]
  },
  "id": 456
 },
 {
  "action": {
   "redirect": {
    "transform": {
     "queryTransform": {
      "removeParams": [
       "r",
       "tag"
      ]
     }
    }
   },
   "type": "redirect"
  },
  "condition": {
   "requestDomains": [
    "tv2.no"
   ],
   "resourceTypes": [
    "main_frame",
    "sub_frame",
    "xmlhttprequest"
   ]
  },
  "id": 457
 },
 {
  "action": {
   "redirect": {
    "transform": {
     "queryTransform": {
      "removeParams": [
       "afid"
      ]
     }
    }
   },
   "type": "redirect"
  },
  "condition": {
   "initiatorDomains": [
    "proshop.dk",
    "proshop.no"
   ],
   "resourceTypes": [
    "main_frame",
    "sub_frame",
    "xmlhttprequest"
   ]
  },
  "id": 458
 },
 {
  "action": {
   "redirect": {
    "transform": {
     "queryTransform": {
      "removeParams": [
       "t"
      ]
     }
    }
   },
   "type": "redirect"
  },
  "condition": {
   "requestDomains": [
    "adressa.no"
   ],
   "resourceTypes": [
    "main_frame",
    "sub_frame",
    "xmlhttprequest"
   ]
  },
  "id": 459
 },
 {
  "action": {
   "redirect": {
    "transform": {
     "queryTransform": {
      "removeParams": [
       "au_advert_id",
       "au_car_id"
      ]
     }
    }
   },
   "type": "redirect"
  },
  "condition": {
   "requestDomains": [
    "bilhusnord.dk"
   ],
   "resourceTypes": [
    "main_frame",
    "sub_frame",
    "xmlhttprequest"
   ]
  },
  "id": 460
 },
 {
  "action": {
   "redirect": {
    "transform": {
     "queryTransform": {
      "removeParams": [
       "pa-partnerid",
       "pacid",
       "paid"
      ]
     }
    }
   },
   "type": "redirect"
  },
  "condition": {
   "requestDomains": [
    "cykelpartner.dk"
   ],
   "resourceTypes": [
    "main_frame",
    "sub_frame",
    "xmlhttprequest"
   ]
  },
  "id": 461
 },
 {
  "action": {
   "redirect": {
    "transform": {
     "queryTransform": {
      "removeParams": [
       "itok"
      ]
     }
    }
   },
   "type": "redirect"
  },
  "condition": {
   "requestDomains": [
    "dagligvarehandelen.no"
   ],
   "resourceTypes": [
    "main_frame",
    "sub_frame",
    "xmlhttprequest"
   ]
  },
  "id": 462
 },
 {
  "action": {
   "redirect": {
    "transform": {
     "queryTransform": {
      "removeParams": [
       "ilc"
      ]
     }
    }
   },
   "type": "redirect"
  },
  "condition": {
   "requestDomains": [
    "ekstrabladet.dk"
   ],
   "resourceTypes": [
    "main_frame",
    "sub_frame",
    "xmlhttprequest"
   ]
  },
  "id": 463
 },
 {
  "action": {
   "redirect": {
    "transform": {
     "queryTransform": {
      "removeParams": [
       "extcmp"
      ]
     }
    }
   },
   "type": "redirect"
  },
  "condition": {
   "requestDomains": [
    "ellos.no"
   ],
   "resourceTypes": [
    "main_frame",
    "sub_frame",
    "xmlhttprequest"
   ]
  },
  "id": 464
 },
 {
  "action": {
   "redirect": {
    "transform": {
     "queryTransform": {
      "removeParams": [
       "ggcid",
       "ggdev",
       "ggdevm",
       "ggkey",
       "ggntk",
       "ggplm",
       "ggpos",
       "ggsub",
       "ggtgt"
      ]
     }
    }
   },
   "type": "redirect"
  },
  "condition": {
   "requestDomains": [
    "ericgown.no"
   ],
   "resourceTypes": [
    "main_frame",
    "sub_frame",
    "xmlhttprequest"
   ]
  },
  "id": 465
 },
 {
  "action": {
   "redirect": {
    "transform": {
     "queryTransform": {
      "removeParams": [
       "epi"
      ]
     }
    }
   },
   "type": "redirect"
  },
  "condition": {
   "requestDomains": [
    "fernerjacobsen.no"
   ],
   "resourceTypes": [
    "main_frame",
    "sub_frame",
    "xmlhttprequest"
   ]
  },
  "id": 466
 },
 {
  "action": {
   "redirect": {
    "transform": {
     "queryTransform": {
      "removeParams": [
       "adg_id",
       "cmp_id"
      ]
     }
    }
   },
   "type": "redirect"
  },
  "condition": {
   "requestDomains": [
    "frisktpust.no"
   ],
   "resourceTypes": [
    "main_frame",
    "sub_frame",
    "xmlhttprequest"
   ]
  },
  "id": 467
 },
 {
  "action": {
   "redirect": {
    "transform": {
     "queryTransform": {
      "removeParams": [
       "mobile",
       "signed"
      ]
     }
    }
   },
   "type": "redirect"
  },
  "condition": {
   "isUrlFilterCaseSensitive": false,
   "resourceTypes": [
    "main_frame",
    "sub_frame",
    "xmlhttprequest"
   ],
   "urlFilter": "||postnord."
  },
  "id": 468
 },
 {
  "action": {
   "redirect": {
    "transform": {
     "queryTransform": {
      "removeParams": [
       "dTribesID"
      ]
     }
    }
   },
   "type": "redirect"
  },
  "condition": {
   "requestDomains": [
    "productkeys.dk"
   ],
   "resourceTypes": [
    "main_frame",
    "sub_frame",
    "xmlhttprequest"
   ]
  },
  "id": 469
 },
 {
  "action": {
   "redirect": {
    "transform": {
     "queryTransform": {
      "removeParams": [
       "sClickID"
      ]
     }
    }
   },
   "type": "redirect"
  },
  "condition": {
   "requestDomains": [
    "shopping4net.dk"
   ],
   "resourceTypes": [
    "main_frame",
    "sub_frame",
    "xmlhttprequest"
   ]
  },
  "id": 470
 },
 {
  "action": {
   "redirect": {
    "transform": {
     "queryTransform": {
      "removeParams": [
       "rss"
      ]
     }
    }
   },
   "type": "redirect"
  },
  "condition": {
   "requestDomains": [
    "sn.dk"
   ],
   "resourceTypes": [
    "main_frame",
    "sub_frame",
    "xmlhttprequest"
   ]
  },
  "id": 471
 },
 {
  "action": {
   "redirect": {
    "transform": {
     "queryTransform": {
      "removeParams": [
       "at_gd"
      ]
     }
    }
   },
   "type": "redirect"
  },
  "condition": {
   "requestDomains": [
    "staypro.no"
   ],
   "resourceTypes": [
    "main_frame",
    "sub_frame",
    "xmlhttprequest"
   ]
  },
  "id": 472
 },
 {
  "action": {
   "redirect": {
    "transform": {
     "queryTransform": {
      "removeParams": [
       "eblink"
      ]
     }
    }
   },
   "type": "redirect"
  },
  "condition": {
   "requestDomains": [
    "tipsbladet.dk"
   ],
   "resourceTypes": [
    "main_frame",
    "sub_frame",
    "xmlhttprequest"
   ]
  },
  "id": 473
 }
]
