[
 {
  "action": {
   "redirect": {
    "transform": {
     "query": ""
    }
   },
   "type": "redirect"
  },
  "condition": {
   "isUrlFilterCaseSensitive": false,
   "resourceTypes": [
    "script"
   ],
   "urlFilter": "||amedia.online/templates/animedia/js/libs.js"
  },
  "id": 5779
 },
 {
  "action": {
   "redirect": {
    "transform": {
     "query": ""
    }
   },
   "type": "redirect"
  },
  "condition": {
   "isUrlFilterCaseSensitive": false,
   "resourceTypes": [
    "sub_frame"
   ],
   "urlFilter": "||1plus1.video/*/embed/*autoplay=1"
  },
  "id": 5815
 },
 {
  "action": {
   "redirect": {
    "transform": {
     "queryTransform": {
      "removeParams": [
       "geoblock"
      ]
     }
    }
   },
   "type": "redirect"
  },
  "condition": {
   "requestDomains": [
    "aniqit.com",
    "kodik.info"
   ],
   "resourceTypes": [
    "sub_frame"
   ]
  },
  "id": 5816
 },
 {
  "action": {
   "redirect": {
    "transform": {
     "queryTransform": {
      "removeParams": [
       "autoplay"
      ]
     }
    }
   },
   "type": "redirect"
  },
  "condition": {
   "isUrlFilterCaseSensitive": false,
   "resourceTypes": [
    "sub_frame"
   ],
   "urlFilter": "||cosmonova-broadcast.tv/player?autoplay="
  },
  "id": 5817
 },
 {
  "action": {
   "redirect": {
    "transform": {
     "query": ""
    }
   },
   "type": "redirect"
  },
  "condition": {
   "excludedInitiatorDomains": [
    "music.yandex.ru"
   ],
   "isUrlFilterCaseSensitive": false,
   "resourceTypes": [
    "sub_frame"
   ],
   "urlFilter": "||frontend.vh.yandex.ru/player/*autoplay=1"
  },
  "id": 5818
 },
 {
  "action": {
   "redirect": {
    "transform": {
     "queryTransform": {
      "removeParams": [
       "autoplay"
      ]
     }
    }
   },
   "type": "redirect"
  },
  "condition": {
   "isUrlFilterCaseSensitive": false,
   "resourceTypes": [
    "sub_frame"
   ],
   "urlFilter": "||ipcamlive.com/player/player.php?*autoplay=true"
  },
  "id": 5819
 },
 {
  "action": {
   "redirect": {
    "transform": {
     "queryTransform": {
      "removeParams": [
       "autoplay"
      ]
     }
    }
   },
   "type": "redirect"
  },
  "condition": {
   "isUrlFilterCaseSensitive": false,
   "resourceTypes": [
    "sub_frame"
   ],
   "urlFilter": "||my.mail.ru/video/embed/*autoplay=1"
  },
  "id": 5820
 },
 {
  "action": {
   "redirect": {
    "transform": {
     "query": ""
    }
   },
   "type": "redirect"
  },
  "condition": {
   "isUrlFilterCaseSensitive": false,
   "resourceTypes": [
    "sub_frame"
   ],
   "urlFilter": "||sportrecs.com/embed/*autoplay=1"
  },
  "id": 5822
 },
 {
  "action": {
   "redirect": {
    "transform": {
     "query": ""
    }
   },
   "type": "redirect"
  },
  "condition": {
   "isUrlFilterCaseSensitive": false,
   "resourceTypes": [
    "sub_frame"
   ],
   "urlFilter": "||u-stream.in/start/*&autoplay=1"
  },
  "id": 5823
 },
 {
  "action": {
   "redirect": {
    "transform": {
     "queryTransform": {
      "removeParams": [
       "autostart",
       "skin_name"
      ]
     }
    }
   },
   "type": "redirect"
  },
  "condition": {
   "isUrlFilterCaseSensitive": false,
   "resourceTypes": [
    "sub_frame"
   ],
   "urlFilter": "||video.matchtv.ru/iframe/feed/*autostart=1"
  },
  "id": 5824
 },
 {
  "action": {
   "redirect": {
    "transform": {
     "queryTransform": {
      "removeParams": [
       "autoplay"
      ]
     }
    }
   },
   "type": "redirect"
  },
  "condition": {
   "initiatorDomains": [
    "weukraine.tv"
   ],
   "isUrlFilterCaseSensitive": false,
   "resourceTypes": [
    "sub_frame"
   ],
   "urlFilter": "||youtube-nocookie.com/embed/*autoplay=1"
  },
  "id": 5825
 },
 {
  "action": {
   "redirect": {
    "transform": {
     "queryTransform": {
      "removeParams": [
       "autoplay"
      ]
     }
    }
   },
   "type": "redirect"
  },
  "condition": {
   "isUrlFilterCaseSensitive": false,
   "resourceTypes": [
    "sub_frame"
   ],
   "urlFilter": "||youtube.com/embed/*autoplay=1"
  },
  "id": 5826
 },
 {
  "action": {
   "redirect": {
    "transform": {
     "query": ""
    }
   },
   "type": "redirect"
  },
  "condition": {
   "isUrlFilterCaseSensitive": false,
   "resourceTypes": [
    "sub_frame"
   ],
   "urlFilter": "||ok.ru/videoembed/*autoplay=1"
  },
  "id": 5827
 },
 {
  "action": {
   "redirect": {
    "transform": {
     "query": ""
    }
   },
   "type": "redirect"
  },
  "condition": {
   "domainType": "thirdParty",
   "isUrlFilterCaseSensitive": false,
   "resourceTypes": [
    "sub_frame"
   ],
   "urlFilter": "||dzen.ru/embed/*autoplay=1"
  },
  "id": 5833
 },
 {
  "action": {
   "redirect": {
    "transform": {
     "queryTransform": {
      "removeParams": [
       "autoplay"
      ]
     }
    }
   },
   "type": "redirect"
  },
  "condition": {
   "domainType": "thirdParty",
   "isUrlFilterCaseSensitive": false,
   "resourceTypes": [
    "sub_frame"
   ],
   "urlFilter": "||vk.com/video_ext.php?"
  },
  "id": 5834
 }
]
