[
 {
  "action": {
   "type": "block"
  },
  "condition": {
   "isUrlFilterCaseSensitive": false,
   "urlFilter": "||matomeantena.com/scripts/parts/blog/"
  },
  "id": 1
 },
 {
  "action": {
   "type": "block"
  },
  "condition": {
   "isUrlFilterCaseSensitive": false,
   "urlFilter": "||moviegate4.net/fukugansan/"
  },
  "id": 2
 },
 {
  "action": {
   "type": "block"
  },
  "condition": {
   "isUrlFilterCaseSensitive": false,
   "urlFilter": "||adlt18antenna.xyz/blogparts/blog_parts_js.php"
  },
  "id": 3
 },
 {
  "action": {
   "type": "block"
  },
  "condition": {
   "isUrlFilterCaseSensitive": false,
   "urlFilter": "/sp_rss_iframe.html"
  },
  "id": 4
 },
 {
  "action": {
   "type": "block"
  },
  "condition": {
   "isUrlFilterCaseSensitive": false,
   "urlFilter": "||blog.livedoor.jp/plugin/ldblog_rss_plugin.js"
  },
  "id": 5
 },
 {
  "action": {
   "type": "block"
  },
  "condition": {
   "isUrlFilterCaseSensitive": false,
   "urlFilter": "||blozoo.info/js/rsstool/"
  },
  "id": 6
 },
 {
  "action": {
   "type": "block"
  },
  "condition": {
   "isUrlFilterCaseSensitive": false,
   "urlFilter": "||blog.livedoor.jp/ispachinkas/rss_"
  },
  "id": 7
 },
 {
  "action": {
   "type": "block"
  },
  "condition": {
   "isUrlFilterCaseSensitive": false,
   "urlFilter": "||blog.livedoor.jp/i6469/rss/"
  },
  "id": 8
 },
 {
  "action": {
   "type": "block"
  },
  "condition": {
   "isUrlFilterCaseSensitive": false,
   "urlFilter": "||blog.livedoor.jp/neomani/neomani-news.htm"
  },
  "id": 9
 },
 {
  "action": {
   "type": "block"
  },
  "condition": {
   "isUrlFilterCaseSensitive": false,
   "urlFilter": "||blog.livedoor.jp/rock1963roll/pride_rss"
  },
  "id": 10
 },
 {
  "action": {
   "type": "block"
  },
  "condition": {
   "isUrlFilterCaseSensitive": false,
   "urlFilter": "||blog.livedoor.jp/goldennews/js/inlink_main12.js"
  },
  "id": 11
 },
 {
  "action": {
   "type": "block"
  },
  "condition": {
   "isUrlFilterCaseSensitive": false,
   "urlFilter": "||blog.livedoor.jp/goldennews/js/inlink_mainlast.js"
  },
  "id": 12
 },
 {
  "action": {
   "type": "block"
  },
  "condition": {
   "isUrlFilterCaseSensitive": false,
   "urlFilter": "||blog.livedoor.jp/*/js/kijisita.js"
  },
  "id": 13
 },
 {
  "action": {
   "type": "block"
  },
  "condition": {
   "isUrlFilterCaseSensitive": false,
   "urlFilter": "||blog.livedoor.jp/*/js/top_post.js"
  },
  "id": 14
 },
 {
  "action": {
   "type": "block"
  },
  "condition": {
   "initiatorDomains": [
    "japohan.net"
   ],
   "requestDomains": [
    "matomeantena.com",
    "nullpoantenna.com"
   ]
  },
  "id": 15
 },
 {
  "action": {
   "type": "block"
  },
  "condition": {
   "isUrlFilterCaseSensitive": false,
   "urlFilter": "||vtubernews.jp/*link.js"
  },
  "id": 16
 },
 {
  "action": {
   "type": "block"
  },
  "condition": {
   "isUrlFilterCaseSensitive": false,
   "urlFilter": "||dameparts.com/plist/"
  },
  "id": 17
 },
 {
  "action": {
   "type": "block"
  },
  "condition": {
   "isUrlFilterCaseSensitive": false,
   "urlFilter": "||matomeabc.livedoor.blog/korerin*.html"
  },
  "id": 18
 },
 {
  "action": {
   "type": "block"
  },
  "condition": {
   "isUrlFilterCaseSensitive": false,
   "urlFilter": "||matomeabc.livedoor.blog/antena*.html"
  },
  "id": 19
 },
 {
  "action": {
   "type": "block"
  },
  "condition": {
   "isUrlFilterCaseSensitive": false,
   "urlFilter": "||matomeantena.com/scripts/parts/category/vip.js"
  },
  "id": 20
 },
 {
  "action": {
   "type": "block"
  },
  "condition": {
   "isUrlFilterCaseSensitive": false,
   "urlFilter": "||squallchannel.*/rssbottom.html"
  },
  "id": 21
 },
 {
  "action": {
   "type": "block"
  },
  "condition": {
   "isUrlFilterCaseSensitive": false,
   "urlFilter": "||kotaro269.com/kotaro269.html"
  },
  "id": 22
 },
 {
  "action": {
   "type": "block"
  },
  "condition": {
   "isUrlFilterCaseSensitive": false,
   "urlFilter": "||geinoujam.com/rss01"
  },
  "id": 23
 },
 {
  "action": {
   "type": "block"
  },
  "condition": {
   "isUrlFilterCaseSensitive": false,
   "urlFilter": "||kininatta2chmatome.doorblog.jp/rss*.index.html"
  },
  "id": 24
 },
 {
  "action": {
   "type": "block"
  },
  "condition": {
   "initiatorDomains": [
    "kininatta2chmatome.doorblog.jp"
   ],
   "isUrlFilterCaseSensitive": false,
   "urlFilter": "||js.blozoo.info/js/locktool/blogparts.js"
  },
  "id": 25
 },
 {
  "action": {
   "type": "block"
  },
  "condition": {
   "isUrlFilterCaseSensitive": false,
   "urlFilter": "||blogmaterial.nicoblomaga.jp/material/279/js/rss/"
  },
  "id": 26
 },
 {
  "action": {
   "type": "block"
  },
  "condition": {
   "isUrlFilterCaseSensitive": false,
   "urlFilter": "||fc2.com/i/2/c/i2chmeijin/i2chmeijintoprss11.html"
  },
  "id": 27
 },
 {
  "action": {
   "type": "block"
  },
  "condition": {
   "isUrlFilterCaseSensitive": false,
   "urlFilter": "||eromanga-musou.com/musoutextrss001.html"
  },
  "id": 28
 },
 {
  "action": {
   "type": "block"
  },
  "condition": {
   "isUrlFilterCaseSensitive": false,
   "urlFilter": "||baiku-sokuho.info/top-rss.html"
  },
  "id": 29
 },
 {
  "action": {
   "type": "block"
  },
  "condition": {
   "isUrlFilterCaseSensitive": false,
   "urlFilter": "||mudainodocument.com/headline9.html"
  },
  "id": 30
 },
 {
  "action": {
   "type": "block"
  },
  "condition": {
   "isUrlFilterCaseSensitive": false,
   "urlFilter": "||anime365.net/js/rsslinkimage_"
  },
  "id": 31
 },
 {
  "action": {
   "type": "block"
  },
  "condition": {
   "isUrlFilterCaseSensitive": false,
   "urlFilter": "||football-2ch.com/headline.htm"
  },
  "id": 32
 },
 {
  "action": {
   "type": "block"
  },
  "condition": {
   "isUrlFilterCaseSensitive": false,
   "urlFilter": "||mojokosan.doorblog.jp/rss10.html"
  },
  "id": 33
 },
 {
  "action": {
   "type": "block"
  },
  "condition": {
   "isUrlFilterCaseSensitive": false,
   "urlFilter": "||hero-news.com/*rss.html"
  },
  "id": 34
 },
 {
  "action": {
   "type": "block"
  },
  "condition": {
   "isUrlFilterCaseSensitive": false,
   "urlFilter": "||h-pon.doorblog.jp/149502rss.html"
  },
  "id": 35
 },
 {
  "action": {
   "type": "block"
  },
  "condition": {
   "isUrlFilterCaseSensitive": false,
   "urlFilter": "||harusuki3.sakura.ne.jp/rss_reader.html"
  },
  "id": 36
 },
 {
  "action": {
   "type": "block"
  },
  "condition": {
   "isUrlFilterCaseSensitive": false,
   "urlFilter": "||2nt.com/m/a/t/matomate/rssblogroll.html"
  },
  "id": 37
 },
 {
  "action": {
   "type": "block"
  },
  "condition": {
   "isUrlFilterCaseSensitive": false,
   "urlFilter": "||sutekinakijo.com/js/kijinakashitahidari.js"
  },
  "id": 38
 },
 {
  "action": {
   "type": "block"
  },
  "condition": {
   "isUrlFilterCaseSensitive": false,
   "urlFilter": "||sutekinakijo.com/js/kijinakashitamigi.js"
  },
  "id": 39
 },
 {
  "action": {
   "type": "block"
  },
  "condition": {
   "isUrlFilterCaseSensitive": false,
   "urlFilter": "||kimagure-kijyo.com/js/kimagure_"
  },
  "id": 40
 },
 {
  "action": {
   "type": "block"
  },
  "condition": {
   "initiatorDomains": [
    "densetsunokijo.net",
    "ikuji-news.com",
    "kichimama-life.com",
    "kichimama.net",
    "kichimamasenki.com",
    "kijonikki.net",
    "kijyonohimitsu.com",
    "kijyotown.net",
    "kimagure-kijyo.com",
    "romeodensetsu.com",
    "shuraba-dendo.com",
    "shuraba.net",
    "shurabanote.com",
    "sukashuraba.net",
    "uwasakijo.net"
   ],
   "isUrlFilterCaseSensitive": false,
   "urlFilter": "/kotei.js"
  },
  "id": 41
 },
 {
  "action": {
   "type": "block"
  },
  "condition": {
   "isUrlFilterCaseSensitive": false,
   "urlFilter": "||shingekikyojin.doorblog.jp/rss-shin01.html"
  },
  "id": 42
 },
 {
  "action": {
   "type": "block"
  },
  "condition": {
   "isUrlFilterCaseSensitive": false,
   "urlFilter": "||shuraba.net/link_list.js"
  },
  "id": 43
 },
 {
  "action": {
   "type": "block"
  },
  "condition": {
   "isUrlFilterCaseSensitive": false,
   "urlFilter": "||geinoujam.com/rss02.html"
  },
  "id": 44
 },
 {
  "action": {
   "type": "block"
  },
  "condition": {
   "isUrlFilterCaseSensitive": false,
   "urlFilter": "||geinoujam.com/jam-rss.html"
  },
  "id": 45
 },
 {
  "action": {
   "type": "block"
  },
  "condition": {
   "isUrlFilterCaseSensitive": false,
   "urlFilter": "||digital-thread.com/digital-thread-headline.html"
  },
  "id": 46
 },
 {
  "action": {
   "type": "block"
  },
  "condition": {
   "isUrlFilterCaseSensitive": false,
   "urlFilter": "||digital-thread.com/digital-thread-headline-pickup.html"
  },
  "id": 47
 },
 {
  "action": {
   "type": "block"
  },
  "condition": {
   "isUrlFilterCaseSensitive": false,
   "urlFilter": "||digital-thread.com/digital-thread-headline-pickups.html"
  },
  "id": 48
 },
 {
  "action": {
   "type": "block"
  },
  "condition": {
   "isUrlFilterCaseSensitive": false,
   "urlFilter": "||all-nationz.com/feed-all-nationz.html"
  },
  "id": 49
 },
 {
  "action": {
   "type": "block"
  },
  "condition": {
   "isUrlFilterCaseSensitive": false,
   "urlFilter": "||amnewgame.blog.jp/toprss3.html"
  },
  "id": 50
 },
 {
  "action": {
   "type": "block"
  },
  "condition": {
   "isUrlFilterCaseSensitive": false,
   "urlFilter": "||momoclonews.com/momoclonews_rss_"
  },
  "id": 51
 },
 {
  "action": {
   "type": "block"
  },
  "condition": {
   "isUrlFilterCaseSensitive": false,
   "urlFilter": "||figsoku.net/wp/wp-content/themes/figsoku/figrss.html"
  },
  "id": 52
 },
 {
  "action": {
   "type": "block"
  },
  "condition": {
   "isUrlFilterCaseSensitive": false,
   "urlFilter": "||blog.livedoor.jp/kijyomita/rss/"
  },
  "id": 53
 },
 {
  "action": {
   "type": "block"
  },
  "condition": {
   "isUrlFilterCaseSensitive": false,
   "urlFilter": "||slotlog.blog.jp/rss_top2.html"
  },
  "id": 54
 },
 {
  "action": {
   "type": "block"
  },
  "condition": {
   "isUrlFilterCaseSensitive": false,
   "urlFilter": "||kateich.net/headline.html"
  },
  "id": 55
 },
 {
  "action": {
   "type": "block"
  },
  "condition": {
   "isUrlFilterCaseSensitive": false,
   "urlFilter": "||doucolle-kako.livedoor.biz/kiji_link/"
  },
  "id": 56
 },
 {
  "action": {
   "type": "block"
  },
  "condition": {
   "isUrlFilterCaseSensitive": false,
   "urlFilter": "||dameparts.com/pbanner/"
  },
  "id": 57
 },
 {
  "action": {
   "type": "block"
  },
  "condition": {
   "isUrlFilterCaseSensitive": false,
   "urlFilter": "||nijitoraware.com/wp-content/uploads/*/niji_header_"
  },
  "id": 58
 },
 {
  "action": {
   "type": "block"
  },
  "condition": {
   "isUrlFilterCaseSensitive": false,
   "urlFilter": "||blog.jp/rss_frame/"
  },
  "id": 59
 },
 {
  "action": {
   "type": "block"
  },
  "condition": {
   "isUrlFilterCaseSensitive": false,
   "urlFilter": "||raburaibu.com/rss_frame/"
  },
  "id": 60
 },
 {
  "action": {
   "type": "block"
  },
  "condition": {
   "isUrlFilterCaseSensitive": false,
   "urlFilter": "||news4vip.livedoor.biz/rss-test3.html"
  },
  "id": 61
 },
 {
  "action": {
   "type": "block"
  },
  "condition": {
   "isUrlFilterCaseSensitive": false,
   "urlFilter": "||blogmaterial.nicoblomaga.jp/material/279/js/rss/alfa_article_bottom2.js"
  },
  "id": 62
 },
 {
  "action": {
   "type": "block"
  },
  "condition": {
   "isUrlFilterCaseSensitive": false,
   "urlFilter": "||blogmaterial.nicoblomaga.jp/material/279/js/rss/alfa_article_bottom4.js"
  },
  "id": 63
 },
 {
  "action": {
   "type": "block"
  },
  "condition": {
   "isUrlFilterCaseSensitive": false,
   "urlFilter": "||blogmaterial.nicoblomaga.jp/material/279/js/rss/sp0*.js"
  },
  "id": 64
 },
 {
  "action": {
   "type": "block"
  },
  "condition": {
   "isUrlFilterCaseSensitive": false,
   "urlFilter": "||cowboy.blog.jp/main/rss*.html"
  },
  "id": 65
 },
 {
  "action": {
   "type": "block"
  },
  "condition": {
   "isUrlFilterCaseSensitive": false,
   "urlFilter": "||0taku.livedoor.biz/js/blogroll.js"
  },
  "id": 66
 },
 {
  "action": {
   "type": "block"
  },
  "condition": {
   "isUrlFilterCaseSensitive": false,
   "urlFilter": "||seesaa.net/common/kijinaka1.js"
  },
  "id": 67
 },
 {
  "action": {
   "type": "block"
  },
  "condition": {
   "isUrlFilterCaseSensitive": false,
   "urlFilter": "||seesaa.net/common/kijinaka2.js"
  },
  "id": 68
 },
 {
  "action": {
   "type": "block"
  },
  "condition": {
   "isUrlFilterCaseSensitive": false,
   "urlFilter": "||seesaa.net/common/kijinaka.js"
  },
  "id": 69
 },
 {
  "action": {
   "type": "block"
  },
  "condition": {
   "isUrlFilterCaseSensitive": false,
   "urlFilter": "||seesaa.net/common/kijisita.js"
  },
  "id": 70
 },
 {
  "action": {
   "type": "block"
  },
  "condition": {
   "isUrlFilterCaseSensitive": false,
   "urlFilter": "||bantyou.livedoor.biz/rssframe.html"
  },
  "id": 71
 },
 {
  "action": {
   "type": "block"
  },
  "condition": {
   "isUrlFilterCaseSensitive": false,
   "urlFilter": "||bantyou.livedoor.biz/frss.html"
  },
  "id": 72
 },
 {
  "action": {
   "type": "block"
  },
  "condition": {
   "isUrlFilterCaseSensitive": false,
   "urlFilter": "||wara2ch.com/warakan_rsslink.html"
  },
  "id": 73
 },
 {
  "action": {
   "type": "block"
  },
  "condition": {
   "isUrlFilterCaseSensitive": false,
   "urlFilter": "||syurabahazard.com/js/bottomlink.js"
  },
  "id": 74
 },
 {
  "action": {
   "type": "block"
  },
  "condition": {
   "isUrlFilterCaseSensitive": false,
   "urlFilter": "||syurabahazard.com/js/middlelink.js"
  },
  "id": 75
 },
 {
  "action": {
   "type": "block"
  },
  "condition": {
   "isUrlFilterCaseSensitive": false,
   "urlFilter": "||npb-news.com/matome.html"
  },
  "id": 76
 },
 {
  "action": {
   "type": "block"
  },
  "condition": {
   "isUrlFilterCaseSensitive": false,
   "urlFilter": "||watarukiti.com/js/*permalink.js"
  },
  "id": 77
 },
 {
  "action": {
   "type": "block"
  },
  "condition": {
   "isUrlFilterCaseSensitive": false,
   "urlFilter": "||heartlife-matome.com/js/yomikomi.js"
  },
  "id": 78
 },
 {
  "action": {
   "type": "block"
  },
  "condition": {
   "initiatorDomains": [
    "densetsunokijo.net",
    "kichimama-life.com",
    "kichimama.net",
    "kijonikki.net",
    "kijyonohimitsu.com",
    "kijyotown.net",
    "labradorsokuho.net",
    "romeodensetsu.com",
    "shuraba-dendo.com",
    "shurabanote.com",
    "sukashuraba.net"
   ],
   "isUrlFilterCaseSensitive": false,
   "urlFilter": "/front.js"
  },
  "id": 79
 },
 {
  "action": {
   "type": "block"
  },
  "condition": {
   "initiatorDomains": [
    "densetsunokijo.net",
    "kichimama-life.com",
    "kichimama.net",
    "kijonikki.net",
    "kijyonohimitsu.com",
    "kijyotown.net",
    "labradorsokuho.net",
    "romeodensetsu.com",
    "shuraba-dendo.com",
    "shurabanote.com",
    "sukashuraba.net"
   ],
   "isUrlFilterCaseSensitive": false,
   "urlFilter": "/middle.js"
  },
  "id": 80
 },
 {
  "action": {
   "type": "block"
  },
  "condition": {
   "initiatorDomains": [
    "densetsunokijo.net",
    "kichimama-life.com",
    "kichimama.net",
    "kijonikki.net",
    "kijyonohimitsu.com",
    "kijyotown.net",
    "labradorsokuho.net",
    "romeodensetsu.com",
    "shuraba-dendo.com",
    "shurabanote.com",
    "sukashuraba.net"
   ],
   "isUrlFilterCaseSensitive": false,
   "urlFilter": "/under.js"
  },
  "id": 81
 },
 {
  "action": {
   "type": "block"
  },
  "condition": {
   "isUrlFilterCaseSensitive": false,
   "urlFilter": "||warotanikki.com/wp-content/headline.html"
  },
  "id": 82
 },
 {
  "action": {
   "type": "block"
  },
  "condition": {
   "isUrlFilterCaseSensitive": false,
   "urlFilter": "||moez-m.com/top-rssnews1.html"
  },
  "id": 83
 },
 {
  "action": {
   "type": "block"
  },
  "condition": {
   "initiatorDomains": [
    "heartlife-matome.com",
    "ikarishintou.com",
    "ikuji-news.com",
    "sutekinakijo.com",
    "uwasakijo.net"
   ],
   "isUrlFilterCaseSensitive": false,
   "urlFilter": "/js/koteilink*.js"
  },
  "id": 84
 },
 {
  "action": {
   "type": "block"
  },
  "condition": {
   "isUrlFilterCaseSensitive": false,
   "urlFilter": "||uwakich.com/js/kiji*.js"
  },
  "id": 85
 },
 {
  "action": {
   "type": "block"
  },
  "condition": {
   "isUrlFilterCaseSensitive": false,
   "urlFilter": "||uwakich.com/js/top*.js"
  },
  "id": 86
 },
 {
  "action": {
   "type": "block"
  },
  "condition": {
   "isUrlFilterCaseSensitive": false,
   "urlFilter": "||basketballbbs.com/wp/wp-content/uploads/nbakijisita.rss"
  },
  "id": 87
 },
 {
  "action": {
   "type": "block"
  },
  "condition": {
   "isUrlFilterCaseSensitive": false,
   "urlFilter": "||kasegeru.blog.jp/iframe_kijisita.html"
  },
  "id": 88
 },
 {
  "action": {
   "type": "block"
  },
  "condition": {
   "isUrlFilterCaseSensitive": false,
   "urlFilter": "||marasoku.info/rss_"
  },
  "id": 89
 },
 {
  "action": {
   "type": "block"
  },
  "condition": {
   "isUrlFilterCaseSensitive": false,
   "urlFilter": "||eegg.fun/rssline.html"
  },
  "id": 90
 },
 {
  "action": {
   "type": "block"
  },
  "condition": {
   "isUrlFilterCaseSensitive": false,
   "urlFilter": "||norisoku.com/rss-"
  },
  "id": 91
 },
 {
  "action": {
   "type": "block"
  },
  "condition": {
   "isUrlFilterCaseSensitive": false,
   "urlFilter": "||ertk.net/rss.php"
  },
  "id": 92
 },
 {
  "action": {
   "type": "block"
  },
  "condition": {
   "isUrlFilterCaseSensitive": false,
   "urlFilter": "||tsubamesoku.blog.jp/new.html"
  },
  "id": 93
 },
 {
  "action": {
   "type": "block"
  },
  "condition": {
   "isUrlFilterCaseSensitive": false,
   "urlFilter": "||tsubamesoku.blog.jp/yakutu.htm"
  },
  "id": 94
 },
 {
  "action": {
   "type": "block"
  },
  "condition": {
   "isUrlFilterCaseSensitive": false,
   "urlFilter": "||tsubamesoku.blog.jp/yaku2.html"
  },
  "id": 95
 },
 {
  "action": {
   "type": "block"
  },
  "condition": {
   "isUrlFilterCaseSensitive": false,
   "urlFilter": "||news.2chblog.jp/headline1.htm"
  },
  "id": 96
 },
 {
  "action": {
   "type": "block"
  },
  "condition": {
   "isUrlFilterCaseSensitive": false,
   "urlFilter": "||news.2chblog.jp/headline2.htm"
  },
  "id": 97
 },
 {
  "action": {
   "type": "block"
  },
  "condition": {
   "isUrlFilterCaseSensitive": false,
   "urlFilter": "||kurumachannel.com/*-rss.html"
  },
  "id": 98
 },
 {
  "action": {
   "type": "block"
  },
  "condition": {
   "isUrlFilterCaseSensitive": false,
   "urlFilter": "||otasoku.livedoor.biz/otarss.html"
  },
  "id": 99
 },
 {
  "action": {
   "type": "block"
  },
  "condition": {
   "initiatorDomains": [
    "blog.2nt.com",
    "blog.fc2.com",
    "blog.jp",
    "blog.livedoor.jp",
    "moeasia.net"
   ],
   "isUrlFilterCaseSensitive": false,
   "urlFilter": "/rss.html"
  },
  "id": 100
 },
 {
  "action": {
   "type": "block"
  },
  "condition": {
   "initiatorDomains": [
    "blog.jp",
    "blog.livedoor.jp",
    "kimsoku.com"
   ],
   "isUrlFilterCaseSensitive": false,
   "urlFilter": "/rss1.htm"
  },
  "id": 101
 },
 {
  "action": {
   "type": "block"
  },
  "condition": {
   "initiatorDomains": [
    "ani-chat.net",
    "blog.livedoor.jp"
   ],
   "isUrlFilterCaseSensitive": false,
   "urlFilter": "/rss2.html"
  },
  "id": 102
 },
 {
  "action": {
   "type": "block"
  },
  "condition": {
   "initiatorDomains": [
    "ani-chat.net",
    "kimagure-kijyo.com",
    "no-one-no.net"
   ],
   "isUrlFilterCaseSensitive": false,
   "urlFilter": "/rss3.html"
  },
  "id": 103
 },
 {
  "action": {
   "type": "block"
  },
  "condition": {
   "initiatorDomains": [
    "blog.livedoor.jp",
    "xxxblog.jp"
   ],
   "isUrlFilterCaseSensitive": false,
   "urlFilter": "/rss4.html"
  },
  "id": 104
 },
 {
  "action": {
   "type": "block"
  },
  "condition": {
   "initiatorDomains": [
    "bakufu.jp"
   ],
   "isUrlFilterCaseSensitive": false,
   "urlFilter": "/rss6.html"
  },
  "id": 105
 },
 {
  "action": {
   "type": "block"
  },
  "condition": {
   "initiatorDomains": [
    "bakufu.jp"
   ],
   "isUrlFilterCaseSensitive": false,
   "urlFilter": "/rss7.html"
  },
  "id": 106
 },
 {
  "action": {
   "type": "block"
  },
  "condition": {
   "initiatorDomains": [
    "blog.livedoor.jp"
   ],
   "isUrlFilterCaseSensitive": false,
   "urlFilter": "_rss.html"
  },
  "id": 107
 },
 {
  "action": {
   "type": "block"
  },
  "condition": {
   "initiatorDomains": [
    "blog.livedoor.jp"
   ],
   "isUrlFilterCaseSensitive": false,
   "urlFilter": "_rss2.html"
  },
  "id": 108
 },
 {
  "action": {
   "type": "block"
  },
  "condition": {
   "initiatorDomains": [
    "blog.livedoor.jp"
   ],
   "isUrlFilterCaseSensitive": false,
   "urlFilter": "_rss3.html"
  },
  "id": 109
 },
 {
  "action": {
   "type": "block"
  },
  "condition": {
   "isUrlFilterCaseSensitive": false,
   "urlFilter": "||leaked.jp/blogroll.html"
  },
  "id": 110
 },
 {
  "action": {
   "type": "block"
  },
  "condition": {
   "isUrlFilterCaseSensitive": false,
   "urlFilter": "||gazounabi.com/toprss1.html"
  },
  "id": 111
 },
 {
  "action": {
   "type": "block"
  },
  "condition": {
   "isUrlFilterCaseSensitive": false,
   "urlFilter": "||mv-mindhack2ch.up.seesaa.net/common/image_feed.js"
  },
  "id": 112
 },
 {
  "action": {
   "type": "block"
  },
  "condition": {
   "isUrlFilterCaseSensitive": false,
   "urlFilter": "||s.net-public.com/js/b.js"
  },
  "id": 113
 },
 {
  "action": {
   "type": "block"
  },
  "condition": {
   "isUrlFilterCaseSensitive": false,
   "urlFilter": "||kami-ch.com/blogparts/"
  },
  "id": 114
 },
 {
  "action": {
   "type": "block"
  },
  "condition": {
   "isUrlFilterCaseSensitive": false,
   "urlFilter": "||hayamimi-hobby.com/gen-rss/"
  },
  "id": 115
 },
 {
  "action": {
   "type": "block"
  },
  "condition": {
   "initiatorDomains": [
    "blog.livedoor.jp",
    "crx7601.com",
    "fate-rpg.jp",
    "gadgetlife2ch.blomaga.jp",
    "gensen5ch.blog.jp",
    "hayamimi-gunpla.com",
    "hdouga.com",
    "ibarakinews.jp",
    "obutu.com",
    "totalwar.doorblog.jp",
    "xn--bckadddb2a0d4dnc8dwhngdtb58aya0l4a2om843g5npczp7dwh5g.com",
    "xn--cckea5a6cidcbh6ce7ghug17a2ge3aht3nwigef51658aw7kd.com"
   ],
   "requestDomains": [
    "feed.mikle.com"
   ]
  },
  "id": 116
 },
 {
  "action": {
   "type": "block"
  },
  "condition": {
   "isUrlFilterCaseSensitive": false,
   "urlFilter": "||doujinlist.com/rss.js"
  },
  "id": 117
 },
 {
  "action": {
   "type": "block"
  },
  "condition": {
   "initiatorDomains": [
    "eromanga-moeerolibrar.com",
    "moeero-library.com"
   ],
   "isUrlFilterCaseSensitive": false,
   "urlFilter": ".sprss002.html"
  },
  "id": 118
 },
 {
  "action": {
   "type": "block"
  },
  "condition": {
   "isUrlFilterCaseSensitive": false,
   "urlFilter": "||sealserver.trustwave.com/seal.js"
  },
  "id": 119
 },
 {
  "action": {
   "type": "block"
  },
  "condition": {
   "isUrlFilterCaseSensitive": false,
   "urlFilter": "||bot-upload.s3.amazonaws.com/*/icone_sbot-"
  },
  "id": 120
 },
 {
  "action": {
   "type": "block"
  },
  "condition": {
   "isUrlFilterCaseSensitive": false,
   "urlFilter": "||cubikachatuiuat.azurefd.net/cubikbot"
  },
  "id": 121
 },
 {
  "action": {
   "type": "block"
  },
  "condition": {
   "initiatorDomains": [
    "sonichits.com"
   ],
   "requestDomains": [
    "product.instiengage.com"
   ]
  },
  "id": 122
 },
 {
  "action": {
   "type": "block"
  },
  "condition": {
   "isUrlFilterCaseSensitive": false,
   "urlFilter": "||eegg.fun/js/sougo_list.js"
  },
  "id": 123
 },
 {
  "action": {
   "type": "block"
  },
  "condition": {
   "isUrlFilterCaseSensitive": false,
   "urlFilter": "||ekr.zdassets.com/compose/zopim_chat/"
  },
  "id": 124
 },
 {
  "action": {
   "type": "block"
  },
  "condition": {
   "isUrlFilterCaseSensitive": false,
   "urlFilter": "||apkmodhub.in/wp-content/plugins/chaty-pro/js/cht-front-script.min.js"
  },
  "id": 125
 },
 {
  "action": {
   "type": "block"
  },
  "condition": {
   "isUrlFilterCaseSensitive": false,
   "urlFilter": "||elog-ch.com/news/newsbbs/"
  },
  "id": 126
 },
 {
  "action": {
   "type": "block"
  },
  "condition": {
   "isUrlFilterCaseSensitive": false,
   "urlFilter": "||burusoku-vip.com/users/burusoku-headline-mein.html"
  },
  "id": 127
 },
 {
  "action": {
   "type": "block"
  },
  "condition": {
   "isUrlFilterCaseSensitive": false,
   "urlFilter": "||hosyusokuhou.jp/rss/"
  },
  "id": 128
 },
 {
  "action": {
   "type": "block"
  },
  "condition": {
   "initiatorDomains": [
    "sugumiru18.com"
   ],
   "isUrlFilterCaseSensitive": false,
   "urlFilter": "||fc2.com/sugumiru18/rsst.html"
  },
  "id": 129
 },
 {
  "action": {
   "type": "block"
  },
  "condition": {
   "isUrlFilterCaseSensitive": false,
   "urlFilter": "||4pd.org/js/fpd-rss."
  },
  "id": 130
 },
 {
  "action": {
   "type": "block"
  },
  "condition": {
   "isUrlFilterCaseSensitive": false,
   "urlFilter": "||itaishinja.com/rss/"
  },
  "id": 131
 },
 {
  "action": {
   "type": "block"
  },
  "condition": {
   "isUrlFilterCaseSensitive": false,
   "urlFilter": ".ru/proxy_*.php?p___=*&part_url=*.php?callback=*&token=*&iso="
  },
  "id": 132
 },
 {
  "action": {
   "type": "block"
  },
  "condition": {
   "isUrlFilterCaseSensitive": false,
   "urlFilter": ".net/proxy_*.php?p___=*&part_url=*.php?callback=*&token=*&iso="
  },
  "id": 133
 },
 {
  "action": {
   "type": "block"
  },
  "condition": {
   "isUrlFilterCaseSensitive": false,
   "urlFilter": ".az/livechat/"
  },
  "id": 134
 },
 {
  "action": {
   "type": "block"
  },
  "condition": {
   "isUrlFilterCaseSensitive": false,
   "urlFilter": "/crm/site_button/loader_*.js"
  },
  "id": 135
 },
 {
  "action": {
   "type": "block"
  },
  "condition": {
   "isUrlFilterCaseSensitive": false,
   "urlFilter": "/edugram_chat.js"
  },
  "id": 136
 },
 {
  "action": {
   "type": "block"
  },
  "condition": {
   "isUrlFilterCaseSensitive": false,
   "urlFilter": "/jetlink.js"
  },
  "id": 137
 },
 {
  "action": {
   "type": "block"
  },
  "condition": {
   "isUrlFilterCaseSensitive": false,
   "urlFilter": "/promo.php?type=partnerchat&file=prvd_partnerchat.js"
  },
  "id": 138
 },
 {
  "action": {
   "type": "block"
  },
  "condition": {
   "isUrlFilterCaseSensitive": false,
   "urlFilter": "/prvd_partnerchat.js"
  },
  "id": 139
 },
 {
  "action": {
   "type": "block"
  },
  "condition": {
   "isUrlFilterCaseSensitive": false,
   "urlFilter": "/prvd_partnerchat_utf8.min.js"
  },
  "id": 140
 },
 {
  "action": {
   "type": "block"
  },
  "condition": {
   "isUrlFilterCaseSensitive": false,
   "urlFilter": "/static.leadia.ru/js/"
  },
  "id": 141
 },
 {
  "action": {
   "type": "block"
  },
  "condition": {
   "isUrlFilterCaseSensitive": false,
   "urlFilter": "/unib0ts/unibots*/*/script.js"
  },
  "id": 142
 },
 {
  "action": {
   "type": "block"
  },
  "condition": {
   "isUrlFilterCaseSensitive": false,
   "urlFilter": "/widget/js/przv.js"
  },
  "id": 143
 },
 {
  "action": {
   "type": "block"
  },
  "condition": {
   "isUrlFilterCaseSensitive": false,
   "urlFilter": "/wp-content/plugins/bazz-callback-widget/"
  },
  "id": 144
 },
 {
  "action": {
   "type": "block"
  },
  "condition": {
   "isUrlFilterCaseSensitive": false,
   "urlFilter": "/wp-content/plugins/click-to-chat-for-whatsapp/new/inc/assets/js/app.js"
  },
  "id": 145
 },
 {
  "action": {
   "type": "block"
  },
  "condition": {
   "isUrlFilterCaseSensitive": false,
   "urlFilter": "/wp-content/plugins/elfsight-whatsapp-chat-cc/"
  },
  "id": 146
 },
 {
  "action": {
   "type": "block"
  },
  "condition": {
   "excludedInitiatorDomains": [
    "venyoo.ru"
   ],
   "requestDomains": [
    "api.spotleadia.com"
   ]
  },
  "id": 147
 },
 {
  "action": {
   "type": "block"
  },
  "condition": {
   "initiatorDomains": [
    "freshcotton.com"
   ],
   "isUrlFilterCaseSensitive": false,
   "urlFilter": "||selfservice.robinhq.com/external/robin"
  },
  "id": 148
 },
 {
  "action": {
   "type": "block"
  },
  "condition": {
   "initiatorDomains": [
    "chugoku-np.co.jp"
   ],
   "requestDomains": [
    "kuzen.io"
   ]
  },
  "id": 149
 },
 {
  "action": {
   "type": "block"
  },
  "condition": {
   "isUrlFilterCaseSensitive": false,
   "urlFilter": "||vashnal.ru/wid10437.php"
  },
  "id": 150
 },
 {
  "action": {
   "type": "block"
  },
  "condition": {
   "isUrlFilterCaseSensitive": false,
   "urlFilter": "||engage.wixapps.net/chat-widget-server/"
  },
  "id": 151
 },
 {
  "action": {
   "type": "block"
  },
  "condition": {
   "initiatorDomains": [
    "r.gnavi.co.jp"
   ],
   "requestDomains": [
    "questant.jp"
   ]
  },
  "id": 152
 },
 {
  "action": {
   "type": "block"
  },
  "condition": {
   "isUrlFilterCaseSensitive": false,
   "urlFilter": "||cdn.mindbehind.com/sdk/mindbehind-webchat.js"
  },
  "id": 153
 },
 {
  "action": {
   "type": "block"
  },
  "condition": {
   "initiatorDomains": [
    "stridehealth.com"
   ],
   "isUrlFilterCaseSensitive": false,
   "urlFilter": "||cdn.solvvy.com/deflect/customization^"
  },
  "id": 154
 },
 {
  "action": {
   "type": "block"
  },
  "condition": {
   "initiatorDomains": [
    "incredibleindia.org"
   ],
   "isUrlFilterCaseSensitive": false,
   "urlFilter": "/motchat/design/defaulttheme/js/widgetv*/index.js"
  },
  "id": 155
 },
 {
  "action": {
   "type": "block"
  },
  "condition": {
   "isUrlFilterCaseSensitive": false,
   "urlFilter": "||chat.bitkub.com/chat.js"
  },
  "id": 156
 },
 {
  "action": {
   "type": "block"
  },
  "condition": {
   "isUrlFilterCaseSensitive": false,
   "urlFilter": "||alcogolizm.com/konsul/"
  },
  "id": 157
 },
 {
  "action": {
   "type": "block"
  },
  "condition": {
   "initiatorDomains": [
    "hondacarsrockhill.com"
   ],
   "isUrlFilterCaseSensitive": false,
   "urlFilter": "||app.carnow.com/dealers/carnow_plugin.js"
  },
  "id": 158
 },
 {
  "action": {
   "type": "block"
  },
  "condition": {
   "isUrlFilterCaseSensitive": false,
   "urlFilter": "||app.yellowmessenger.com/widget/main.js"
  },
  "id": 159
 },
 {
  "action": {
   "type": "block"
  },
  "condition": {
   "isUrlFilterCaseSensitive": false,
   "urlFilter": "||askaunjai.ais.co.th/aunjai-get-files/js/aunjai_widget.js"
  },
  "id": 160
 },
 {
  "action": {
   "type": "block"
  },
  "condition": {
   "isUrlFilterCaseSensitive": false,
   "urlFilter": "||assets.kayako.com/messenger/"
  },
  "id": 161
 },
 {
  "action": {
   "type": "block"
  },
  "condition": {
   "isUrlFilterCaseSensitive": false,
   "urlFilter": "||assets.livecall.io/accounts/*/widget.js"
  },
  "id": 162
 },
 {
  "action": {
   "type": "block"
  },
  "condition": {
   "initiatorDomains": [
    "zarplata.ru"
   ],
   "isUrlFilterCaseSensitive": false,
   "urlFilter": "||assets.zendesk.com/embeddable_framework/main.js"
  },
  "id": 163
 },
 {
  "action": {
   "type": "block"
  },
  "condition": {
   "isUrlFilterCaseSensitive": false,
   "urlFilter": "||autolegal.ru/_fb/widget.php"
  },
  "id": 164
 },
 {
  "action": {
   "type": "block"
  },
  "condition": {
   "isUrlFilterCaseSensitive": false,
   "urlFilter": "||axiomplus.com.ua/static/*/axiom_callme/js/call-me.js"
  },
  "id": 165
 },
 {
  "action": {
   "type": "block"
  },
  "condition": {
   "isUrlFilterCaseSensitive": false,
   "urlFilter": "||az601263.vo.msecnd.net/webview/*/embed.js"
  },
  "id": 166
 },
 {
  "action": {
   "type": "block"
  },
  "condition": {
   "isUrlFilterCaseSensitive": false,
   "urlFilter": "||banco.bradesco/assets/common/chatbia/js/chatbia-dist.js"
  },
  "id": 167
 },
 {
  "action": {
   "type": "block"
  },
  "condition": {
   "isUrlFilterCaseSensitive": false,
   "urlFilter": "||beltehno.by/manager/callme/script"
  },
  "id": 168
 },
 {
  "action": {
   "type": "block"
  },
  "condition": {
   "initiatorDomains": [
    "byjus.com"
   ],
   "requestDomains": [
    "boldchat.com"
   ]
  },
  "id": 169
 },
 {
  "action": {
   "type": "block"
  },
  "condition": {
   "isUrlFilterCaseSensitive": false,
   "urlFilter": "||bot.aimylogic.com/chatwidget"
  },
  "id": 170
 },
 {
  "action": {
   "type": "block"
  },
  "condition": {
   "isUrlFilterCaseSensitive": false,
   "urlFilter": "||cdn.banki.ru/static/bundles/*/creditmasterbundle/"
  },
  "id": 171
 },
 {
  "action": {
   "type": "block"
  },
  "condition": {
   "isUrlFilterCaseSensitive": false,
   "urlFilter": "||cdn.banki.ru/static/bundles/ui-*/bigdatabundle/credit-master-chatbot*.js"
  },
  "id": 172
 },
 {
  "action": {
   "type": "block"
  },
  "condition": {
   "initiatorDomains": [
    "brutalshop.ru"
   ],
   "requestDomains": [
    "cdn.carrotquest.io"
   ]
  },
  "id": 173
 },
 {
  "action": {
   "type": "block"
  },
  "condition": {
   "isUrlFilterCaseSensitive": false,
   "urlFilter": "||cdn.xeno.app/chat_loader.js"
  },
  "id": 174
 },
 {
  "action": {
   "type": "block"
  },
  "condition": {
   "initiatorDomains": [
    "byjus.com",
    "civilsdaily.com",
    "spiritualresearchfoundation.org"
   ],
   "requestDomains": [
    "connect.livechatinc.com"
   ]
  },
  "id": 175
 },
 {
  "action": {
   "type": "block"
  },
  "condition": {
   "isUrlFilterCaseSensitive": false,
   "urlFilter": "||content.astro7.ru/js/chat-bot-"
  },
  "id": 176
 },
 {
  "action": {
   "type": "block"
  },
  "condition": {
   "isUrlFilterCaseSensitive": false,
   "urlFilter": "||finbazis.ru/_*.php|"
  },
  "id": 177
 },
 {
  "action": {
   "type": "block"
  },
  "condition": {
   "initiatorDomains": [
    "voopoo.com"
   ],
   "requestDomains": [
    "formcs.globalso.com"
   ]
  },
  "id": 178
 },
 {
  "action": {
   "type": "block"
  },
  "condition": {
   "isUrlFilterCaseSensitive": false,
   "urlFilter": "||hello.zonos.com/hello.js"
  },
  "id": 179
 },
 {
  "action": {
   "type": "block"
  },
  "condition": {
   "isUrlFilterCaseSensitive": false,
   "urlFilter": "||highflyers.ru/ven/wiget_consult.js"
  },
  "id": 180
 },
 {
  "action": {
   "type": "block"
  },
  "condition": {
   "isUrlFilterCaseSensitive": false,
   "urlFilter": "||hotpartner.ru/forms/widget"
  },
  "id": 181
 },
 {
  "action": {
   "type": "block"
  },
  "condition": {
   "isUrlFilterCaseSensitive": false,
   "urlFilter": "||js.zohocdn.com/salesiq/js/floatbutton_*.js"
  },
  "id": 182
 },
 {
  "action": {
   "type": "block"
  },
  "condition": {
   "isUrlFilterCaseSensitive": false,
   "urlFilter": "||kasikornbank.com/sitecollectiondocuments/js/livechat.js"
  },
  "id": 183
 },
 {
  "action": {
   "type": "block"
  },
  "condition": {
   "isUrlFilterCaseSensitive": false,
   "urlFilter": "||ladesk.com/scripts/track.js"
  },
  "id": 184
 },
 {
  "action": {
   "type": "block"
  },
  "condition": {
   "isUrlFilterCaseSensitive": false,
   "urlFilter": "||law-divorce.ru/_fb/widget.php"
  },
  "id": 185
 },
 {
  "action": {
   "type": "block"
  },
  "condition": {
   "isUrlFilterCaseSensitive": false,
   "urlFilter": "||migranty.info/*/js/chat.*.min.js"
  },
  "id": 186
 },
 {
  "action": {
   "type": "block"
  },
  "condition": {
   "isUrlFilterCaseSensitive": false,
   "urlFilter": "||mobitorg.phonet.com.ua/public/widget/call-catcher/"
  },
  "id": 187
 },
 {
  "action": {
   "type": "block"
  },
  "condition": {
   "isUrlFilterCaseSensitive": false,
   "urlFilter": "||my.zadarma.com/callbackwidget/js/main.min.js"
  },
  "id": 188
 },
 {
  "action": {
   "type": "block"
  },
  "condition": {
   "isUrlFilterCaseSensitive": false,
   "urlFilter": "||nauchniestati.ru/wp-content/themes/express/assets/js/chat.js"
  },
  "id": 189
 },
 {
  "action": {
   "type": "block"
  },
  "condition": {
   "isUrlFilterCaseSensitive": false,
   "urlFilter": "||networkguru.ru/catalog/view/theme/networkguru/javascript/callme.js"
  },
  "id": 190
 },
 {
  "action": {
   "type": "block"
  },
  "condition": {
   "isUrlFilterCaseSensitive": false,
   "urlFilter": "||online.a1.by/js/button.js"
  },
  "id": 191
 },
 {
  "action": {
   "type": "block"
  },
  "condition": {
   "isUrlFilterCaseSensitive": false,
   "urlFilter": "||pg-chatn9.bjmantis.net/chat"
  },
  "id": 192
 },
 {
  "action": {
   "type": "block"
  },
  "condition": {
   "isUrlFilterCaseSensitive": false,
   "urlFilter": "||place.leadada.com/api.js?chatform"
  },
  "id": 193
 },
 {
  "action": {
   "type": "block"
  },
  "condition": {
   "isUrlFilterCaseSensitive": false,
   "urlFilter": "||plusinbound.hachidori.io/operators/js_chat.js"
  },
  "id": 194
 },
 {
  "action": {
   "type": "block"
  },
  "condition": {
   "isUrlFilterCaseSensitive": false,
   "urlFilter": "||pravapot.ru/*.php?promo_id="
  },
  "id": 195
 },
 {
  "action": {
   "type": "block"
  },
  "condition": {
   "isUrlFilterCaseSensitive": false,
   "urlFilter": "||propiskainfo.ru/*.php?promo_id="
  },
  "id": 196
 },
 {
  "action": {
   "type": "block"
  },
  "condition": {
   "isUrlFilterCaseSensitive": false,
   "urlFilter": "||rac.co.uk/rac/responsive-medialibrary/livechat/"
  },
  "id": 197
 },
 {
  "action": {
   "type": "block"
  },
  "condition": {
   "isUrlFilterCaseSensitive": false,
   "urlFilter": "||rsocks.net/resources/landing/message.mp3"
  },
  "id": 198
 },
 {
  "action": {
   "type": "block"
  },
  "condition": {
   "isUrlFilterCaseSensitive": false,
   "urlFilter": "||s.9111s.ru/*/js/robot_chat/addq_chat.js"
  },
  "id": 199
 },
 {
  "action": {
   "type": "block"
  },
  "condition": {
   "isUrlFilterCaseSensitive": false,
   "urlFilter": "||s.acquire.io/*/init.js"
  },
  "id": 200
 },
 {
  "action": {
   "type": "block"
  },
  "condition": {
   "isUrlFilterCaseSensitive": false,
   "urlFilter": "||s.blamper.ru/js/app/widgets/common/fakechat/"
  },
  "id": 201
 },
 {
  "action": {
   "type": "block"
  },
  "condition": {
   "isUrlFilterCaseSensitive": false,
   "urlFilter": "||salesforce.com/*/webpack-script-manifest-livechat-js.*.js"
  },
  "id": 202
 },
 {
  "action": {
   "type": "block"
  },
  "condition": {
   "initiatorDomains": [
    "intimissimi.com",
    "liquidweb.com"
   ],
   "requestDomains": [
    "salesforceliveagent.com"
   ]
  },
  "id": 203
 },
 {
  "action": {
   "type": "block"
  },
  "condition": {
   "isUrlFilterCaseSensitive": false,
   "urlFilter": "||salesiq.zoho.com/widget"
  },
  "id": 204
 },
 {
  "action": {
   "type": "block"
  },
  "condition": {
   "isUrlFilterCaseSensitive": false,
   "urlFilter": "||sf-thomas-cook.s*.amazonaws.com/chatsdk/"
  },
  "id": 205
 },
 {
  "action": {
   "type": "block"
  },
  "condition": {
   "isUrlFilterCaseSensitive": false,
   "urlFilter": "||sinoptik.ua/_uploaded_files/informer/"
  },
  "id": 206
 },
 {
  "action": {
   "type": "block"
  },
  "condition": {
   "isUrlFilterCaseSensitive": false,
   "urlFilter": "||sourcingplace.net/livechaten/php/app.php?widget-init.js"
  },
  "id": 207
 },
 {
  "action": {
   "type": "block"
  },
  "condition": {
   "isUrlFilterCaseSensitive": false,
   "urlFilter": "||sparmoscow.ru/_*.php|"
  },
  "id": 208
 },
 {
  "action": {
   "type": "block"
  },
  "condition": {
   "isUrlFilterCaseSensitive": false,
   "urlFilter": "||sprosivracha.com/widget/js/init.js"
  },
  "id": 209
 },
 {
  "action": {
   "type": "block"
  },
  "condition": {
   "initiatorDomains": [
    "jre-travel.com"
   ],
   "requestDomains": [
    "support-widget.nakanohito.jp"
   ]
  },
  "id": 210
 },
 {
  "action": {
   "type": "block"
  },
  "condition": {
   "isUrlFilterCaseSensitive": false,
   "urlFilter": "||svoe.guru/_*.php|"
  },
  "id": 211
 },
 {
  "action": {
   "type": "block"
  },
  "condition": {
   "initiatorDomains": [
    "healthians.com"
   ],
   "isUrlFilterCaseSensitive": false,
   "urlFilter": "||tars-file-upload.s*.amazonaws.com/bulb/js/widget.js"
  },
  "id": 212
 },
 {
  "action": {
   "type": "block"
  },
  "condition": {
   "isUrlFilterCaseSensitive": false,
   "urlFilter": "||tforms.fcc-online.pl/public/widget.js"
  },
  "id": 213
 },
 {
  "action": {
   "type": "block"
  },
  "condition": {
   "isUrlFilterCaseSensitive": false,
   "urlFilter": "||tocplus*.com/chatloader.do?"
  },
  "id": 214
 },
 {
  "action": {
   "type": "block"
  },
  "condition": {
   "initiatorDomains": [
    "turkbet.tv"
   ],
   "isUrlFilterCaseSensitive": false,
   "urlFilter": "||turkbet.zendesk.com/embeddable"
  },
  "id": 215
 },
 {
  "action": {
   "type": "block"
  },
  "condition": {
   "initiatorDomains": [
    "apppay.com.br"
   ],
   "isUrlFilterCaseSensitive": false,
   "urlFilter": "||unpkg.com/blip-chat-widget"
  },
  "id": 216
 },
 {
  "action": {
   "type": "block"
  },
  "condition": {
   "isUrlFilterCaseSensitive": false,
   "urlFilter": "||urist-24.com/*/addwidget.js"
  },
  "id": 217
 },
 {
  "action": {
   "type": "block"
  },
  "condition": {
   "isUrlFilterCaseSensitive": false,
   "urlFilter": "||uxfeedback-cdn.s3.yandex.net/_static/widget/widget.js"
  },
  "id": 218
 },
 {
  "action": {
   "type": "block"
  },
  "condition": {
   "isUrlFilterCaseSensitive": false,
   "urlFilter": "||w.chatlio.com/v5/w.chatlio-widget.js"
  },
  "id": 219
 },
 {
  "action": {
   "type": "block"
  },
  "condition": {
   "isUrlFilterCaseSensitive": false,
   "urlFilter": "||wchat.freshchat.com/js/widget.js"
  },
  "id": 220
 },
 {
  "action": {
   "type": "block"
  },
  "condition": {
   "isUrlFilterCaseSensitive": false,
   "urlFilter": "||widget.info-static.ru/js/init.js"
  },
  "id": 221
 },
 {
  "action": {
   "type": "block"
  },
  "condition": {
   "isUrlFilterCaseSensitive": false,
   "urlFilter": "||yangteacher.ru/reformal.js"
  },
  "id": 222
 },
 {
  "action": {
   "type": "block"
  },
  "condition": {
   "initiatorDomains": [
    "goodprice4you.ru",
    "next24.ru"
   ],
   "isUrlFilterCaseSensitive": false,
   "urlFilter": "||yastatic.net/*/chat/widget.js"
  },
  "id": 223
 },
 {
  "action": {
   "type": "block"
  },
  "condition": {
   "isUrlFilterCaseSensitive": false,
   "urlFilter": "||yengec.zendesk.com/embeddable/"
  },
  "id": 224
 },
 {
  "action": {
   "type": "block"
  },
  "condition": {
   "initiatorDomains": [
    "pharmencyclopedia.com.ua"
   ],
   "isUrlFilterCaseSensitive": false,
   "urlFilter": "||geoapteka.ua/geowidget/loader/geowidget.min.js"
  },
  "id": 225
 },
 {
  "action": {
   "type": "block"
  },
  "condition": {
   "excludedInitiatorDomains": [
    "tehno-rating.ru"
   ],
   "isUrlFilterCaseSensitive": false,
   "urlFilter": "||aflt.market.yandex.ru/widget"
  },
  "id": 226
 },
 {
  "action": {
   "type": "block"
  },
  "condition": {
   "initiatorDomains": [
    "mhealth.ru"
   ],
   "requestDomains": [
    "likemore-fe.go.mail.ru"
   ]
  },
  "id": 227
 },
 {
  "action": {
   "type": "block"
  },
  "condition": {
   "isUrlFilterCaseSensitive": false,
   "urlFilter": "/js/chat/edu_chat.js"
  },
  "id": 228
 },
 {
  "action": {
   "type": "block"
  },
  "condition": {
   "isUrlFilterCaseSensitive": false,
   "urlFilter": "/wp-content/plugins/creame-whatsapp-me/public/js/joinchat."
  },
  "id": 229
 },
 {
  "action": {
   "type": "block"
  },
  "condition": {
   "initiatorDomains": [
    "139.99.120.222",
    "animeindo.moe",
    "aniwatcher.com",
    "bosscast.net",
    "cricfree.live",
    "daemon-hentai.com",
    "debrid-file.com",
    "footlive.me",
    "gdplayer.tv",
    "goanimelist.me",
    "hesgoal.com",
    "indoxxi.show",
    "mylivecricket.info",
    "mysocceraustralia.com",
    "neonime.site",
    "neonime.vip",
    "pokemon-tube.com",
    "psntvs.me",
    "sanzisport.com",
    "sedsports.com",
    "seirsanduk.us",
    "shirainime.com",
    "snahp.it",
    "streamonsport.info",
    "streamonsports.cc",
    "worldcupfootball.me",
    "xtapes.to"
   ],
   "requestDomains": [
    "st.chatango.com"
   ]
  },
  "id": 230
 },
 {
  "action": {
   "type": "block"
  },
  "condition": {
   "initiatorDomains": [
    "appmaster.io"
   ],
   "requestDomains": [
    "widget.intercom.io"
   ]
  },
  "id": 231
 },
 {
  "action": {
   "type": "block"
  },
  "condition": {
   "isUrlFilterCaseSensitive": false,
   "urlFilter": "||webpage.qidian.qq.com/qidian/chatv3/"
  },
  "id": 232
 },
 {
  "action": {
   "type": "block"
  },
  "condition": {
   "initiatorDomains": [
    "city.arakawa.tokyo.jp"
   ],
   "isUrlFilterCaseSensitive": false,
   "urlFilter": "||guest-agent.mobilus.me/web/mobi-agent-client-frame-loader.min.js"
  },
  "id": 233
 },
 {
  "action": {
   "type": "block"
  },
  "condition": {
   "isUrlFilterCaseSensitive": false,
   "urlFilter": "||focoalugueldecarros.orpen.com.br*/webchat/"
  },
  "id": 234
 },
 {
  "action": {
   "type": "block"
  },
  "condition": {
   "initiatorDomains": [
    "elron.ee"
   ],
   "isUrlFilterCaseSensitive": false,
   "urlFilter": "||live-cwc.elron.titancs.mindtitan.com/chat-web-sdk-"
  },
  "id": 235
 },
 {
  "action": {
   "type": "block"
  },
  "condition": {
   "isUrlFilterCaseSensitive": false,
   "urlFilter": "||studlancer.net/images/chat/studlancer_chat.js"
  },
  "id": 236
 },
 {
  "action": {
   "type": "block"
  },
  "condition": {
   "isUrlFilterCaseSensitive": false,
   "urlFilter": "||stdntl.ru/*/std-order-chat.js"
  },
  "id": 237
 },
 {
  "action": {
   "type": "block"
  },
  "condition": {
   "initiatorDomains": [
    "posta.sk"
   ],
   "isUrlFilterCaseSensitive": false,
   "urlFilter": "||sp-prod-bot1.predu.sk/chat/chat.js"
  },
  "id": 238
 },
 {
  "action": {
   "type": "block"
  },
  "condition": {
   "isUrlFilterCaseSensitive": false,
   "urlFilter": "||byjus.nanorep.co/web/floating-widget.js"
  },
  "id": 239
 },
 {
  "action": {
   "type": "block"
  },
  "condition": {
   "isUrlFilterCaseSensitive": false,
   "urlFilter": "||chatwhizz.com/chat-support/js/wk-chat-support.js"
  },
  "id": 240
 },
 {
  "action": {
   "type": "block"
  },
  "condition": {
   "initiatorDomains": [
    "dila.ua"
   ],
   "isUrlFilterCaseSensitive": false,
   "urlFilter": "||collectcdn.com/launcher.js"
  },
  "id": 241
 },
 {
  "action": {
   "type": "block"
  },
  "condition": {
   "initiatorDomains": [
    "store.sony.ru"
   ],
   "requestDomains": [
    "csportal.directstar.ru"
   ]
  },
  "id": 242
 },
 {
  "action": {
   "type": "block"
  },
  "condition": {
   "initiatorDomains": [
    "hospitaloswaldocruz.org.br"
   ],
   "requestDomains": [
    "hospitaloswaldocruz.my.salesforce.com"
   ]
  },
  "id": 243
 },
 {
  "action": {
   "type": "block"
  },
  "condition": {
   "isUrlFilterCaseSensitive": false,
   "urlFilter": "||lenov.ru/engine/modules/light_chat/"
  },
  "id": 244
 },
 {
  "action": {
   "type": "block"
  },
  "condition": {
   "initiatorDomains": [
    "nexcess.net"
   ],
   "requestDomains": [
    "liquidweb.my.salesforce.com"
   ]
  },
  "id": 245
 },
 {
  "action": {
   "type": "block"
  },
  "condition": {
   "isUrlFilterCaseSensitive": false,
   "urlFilter": "||procdncache.com/chat.php"
  },
  "id": 246
 },
 {
  "action": {
   "type": "block"
  },
  "condition": {
   "initiatorDomains": [
    "buhgalter.com.ua"
   ],
   "isUrlFilterCaseSensitive": false,
   "urlFilter": "||reactive.factor.ua/buhgalter911_chat/"
  },
  "id": 247
 },
 {
  "action": {
   "type": "block"
  },
  "condition": {
   "isUrlFilterCaseSensitive": false,
   "urlFilter": "||selcdn.net/chatbot.js"
  },
  "id": 248
 },
 {
  "action": {
   "type": "block"
  },
  "condition": {
   "isUrlFilterCaseSensitive": false,
   "urlFilter": "||service.force.com/embeddedservice/*/esw.min.js"
  },
  "id": 249
 },
 {
  "action": {
   "type": "block"
  },
  "condition": {
   "isUrlFilterCaseSensitive": false,
   "urlFilter": "||simplebotz.com/packages/rocketchat_livechat/assets/rocketchat-livechat.min.js"
  },
  "id": 250
 },
 {
  "action": {
   "type": "block"
  },
  "condition": {
   "isUrlFilterCaseSensitive": false,
   "urlFilter": "||sklum.com/core/controllers/front/livechat/js/octonecontroller.js"
  },
  "id": 251
 },
 {
  "action": {
   "type": "block"
  },
  "condition": {
   "isUrlFilterCaseSensitive": false,
   "urlFilter": "||smartsuppchat.com/loader.js"
  },
  "id": 252
 },
 {
  "action": {
   "type": "block"
  },
  "condition": {
   "isUrlFilterCaseSensitive": false,
   "urlFilter": "||sonnik.expert/wid4360.php"
  },
  "id": 253
 },
 {
  "action": {
   "type": "block"
  },
  "condition": {
   "isUrlFilterCaseSensitive": false,
   "urlFilter": "||studlancer.net/images/chat/studlancer_form.js"
  },
  "id": 254
 },
 {
  "action": {
   "type": "block"
  },
  "condition": {
   "isUrlFilterCaseSensitive": false,
   "urlFilter": "||teknomehmet.com/wp-content/plugins/creame-whatsapp-me/public/js/whatsappme.min.js"
  },
  "id": 255
 },
 {
  "action": {
   "type": "block"
  },
  "condition": {
   "initiatorDomains": [
    "myoplay.club"
   ],
   "isUrlFilterCaseSensitive": false,
   "urlFilter": "||video.ibm.com/socialstream/"
  },
  "id": 256
 },
 {
  "action": {
   "type": "block"
  },
  "condition": {
   "initiatorDomains": [
    "unstoppabledomains.com"
   ],
   "requestDomains": [
    "wchat.freshchat.com"
   ]
  },
  "id": 257
 },
 {
  "action": {
   "type": "block"
  },
  "condition": {
   "initiatorDomains": [
    "zaycev.fm"
   ],
   "requestDomains": [
    "web.tolstoycomments.com"
   ]
  },
  "id": 258
 },
 {
  "action": {
   "type": "block"
  },
  "condition": {
   "initiatorDomains": [
    "androidaba.com"
   ],
   "requestDomains": [
    "widget.flyzoo.co"
   ]
  },
  "id": 259
 },
 {
  "action": {
   "type": "block"
  },
  "condition": {
   "isUrlFilterCaseSensitive": false,
   "urlFilter": "||xatech.com/web_gear/chat/chat.swf"
  },
  "id": 260
 },
 {
  "action": {
   "type": "block"
  },
  "condition": {
   "isUrlFilterCaseSensitive": false,
   "urlFilter": "||zebratechnologies.force.com/resource/*/chatbotjs/js/botchat-es5.js"
  },
  "id": 261
 },
 {
  "action": {
   "type": "block"
  },
  "condition": {
   "isUrlFilterCaseSensitive": false,
   "urlFilter": "||getnews.jp/webgame/"
  },
  "id": 262
 },
 {
  "action": {
   "type": "block"
  },
  "condition": {
   "initiatorDomains": [
    "echofm.online",
    "thebell.io",
    "zona.media"
   ],
   "isUrlFilterCaseSensitive": false,
   "urlFilter": "||thetruestory.news/widget-top.iife.js"
  },
  "id": 263
 },
 {
  "action": {
   "type": "block"
  },
  "condition": {
   "isUrlFilterCaseSensitive": false,
   "urlFilter": "||about.glavbukh.ru/callback/form-api.php"
  },
  "id": 264
 },
 {
  "action": {
   "type": "block"
  },
  "condition": {
   "initiatorDomains": [
    "unyenethaber.com"
   ],
   "isUrlFilterCaseSensitive": false,
   "urlFilter": "||radyosfer.com/player/"
  },
  "id": 265
 },
 {
  "action": {
   "type": "block"
  },
  "condition": {
   "initiatorDomains": [
    "yenimesaj.com.tr"
   ],
   "isUrlFilterCaseSensitive": false,
   "urlFilter": "||s3.tradingview.com/external-embedding/embed-widget-ticker-tape^"
  },
  "id": 266
 },
 {
  "action": {
   "type": "block"
  },
  "condition": {
   "initiatorDomains": [
    "pcmag.com"
   ],
   "requestDomains": [
    "pcm-intl.speedtestcustom.com"
   ]
  },
  "id": 267
 },
 {
  "action": {
   "type": "block"
  },
  "condition": {
   "initiatorDomains": [
    "ajansspor.com"
   ],
   "requestDomains": [
    "widget.bitay.com"
   ]
  },
  "id": 268
 },
 {
  "action": {
   "type": "block"
  },
  "condition": {
   "initiatorDomains": [
    "haberler.com"
   ],
   "isUrlFilterCaseSensitive": false,
   "urlFilter": "||widget.yenimedya.com.tr/partner/"
  },
  "id": 269
 },
 {
  "action": {
   "type": "block"
  },
  "condition": {
   "isUrlFilterCaseSensitive": false,
   "urlFilter": "||socialproof.primewidgets.com/*/online"
  },
  "id": 270
 },
 {
  "action": {
   "type": "block"
  },
  "condition": {
   "initiatorDomains": [
    "parkiet.com"
   ],
   "isUrlFilterCaseSensitive": false,
   "urlFilter": "||v.xchanger.io/widget/exchange/default/exchange.php"
  },
  "id": 271
 },
 {
  "action": {
   "type": "block"
  },
  "condition": {
   "isUrlFilterCaseSensitive": false,
   "urlFilter": "||my.openwrite.cn/js/readmore.js"
  },
  "id": 272
 },
 {
  "action": {
   "type": "block"
  },
  "condition": {
   "isUrlFilterCaseSensitive": false,
   "urlFilter": "||leaselink.pl/js/slide-button-shoper.js"
  },
  "id": 273
 },
 {
  "action": {
   "type": "block"
  },
  "condition": {
   "initiatorDomains": [
    "animeru.tv",
    "hentaiz.org"
   ],
   "isUrlFilterCaseSensitive": false,
   "urlFilter": "||discordapp.com/widget?id="
  },
  "id": 274
 },
 {
  "action": {
   "type": "block"
  },
  "condition": {
   "initiatorDomains": [
    "xda-developers.com"
   ],
   "requestDomains": [
    "widgets.stackcommerce.com"
   ]
  },
  "id": 275
 },
 {
  "action": {
   "type": "block"
  },
  "condition": {
   "initiatorDomains": [
    "anbariloche.com.ar"
   ],
   "isUrlFilterCaseSensitive": false,
   "urlFilter": "||platform.twitter.com/js/timeline"
  },
  "id": 276
 },
 {
  "action": {
   "type": "block"
  },
  "condition": {
   "isUrlFilterCaseSensitive": false,
   "urlFilter": "||fresher.ru/widget/"
  },
  "id": 277
 },
 {
  "action": {
   "type": "block"
  },
  "condition": {
   "initiatorDomains": [
    "nv.ua"
   ],
   "requestDomains": [
    "l.getsitecontrol.com"
   ]
  },
  "id": 278
 },
 {
  "action": {
   "type": "block"
  },
  "condition": {
   "isUrlFilterCaseSensitive": false,
   "urlFilter": "||youtube.com/embed/?enablejsapi=1&origin=*3dnews.ru&widgetid=1"
  },
  "id": 279
 },
 {
  "action": {
   "type": "block"
  },
  "condition": {
   "initiatorDomains": [
    "monster.com"
   ],
   "requestDomains": [
    "js-seeker.newjobs.com"
   ]
  },
  "id": 280
 },
 {
  "action": {
   "type": "block"
  },
  "condition": {
   "isUrlFilterCaseSensitive": false,
   "urlFilter": "||ftxtr.com/iframes/t24/web/"
  },
  "id": 281
 },
 {
  "action": {
   "type": "block"
  },
  "condition": {
   "isUrlFilterCaseSensitive": false,
   "urlFilter": "||money.hu/assets-new/js/calculator-widget-init.js"
  },
  "id": 282
 },
 {
  "action": {
   "type": "block"
  },
  "condition": {
   "excludedInitiatorDomains": [
    "gismeteo.ru"
   ],
   "requestDomains": [
    "informer.gismeteo.ru"
   ]
  },
  "id": 283
 },
 {
  "action": {
   "type": "block"
  },
  "condition": {
   "initiatorDomains": [
    "gijn.org"
   ],
   "requestDomains": [
    "static.fundraiseup.com"
   ]
  },
  "id": 284
 },
 {
  "action": {
   "type": "block"
  },
  "condition": {
   "isUrlFilterCaseSensitive": false,
   "urlFilter": "||pidru4niki.com/images/zsu_help.png"
  },
  "id": 285
 },
 {
  "action": {
   "type": "block"
  },
  "condition": {
   "isUrlFilterCaseSensitive": false,
   "urlFilter": "||m4ex.com/m4ex_box/frame/choice*.html"
  },
  "id": 286
 },
 {
  "action": {
   "type": "block"
  },
  "condition": {
   "initiatorDomains": [
    "luciferdonghua.in",
    "magicemperor.online"
   ],
   "requestDomains": [
    "ko-fi.com"
   ]
  },
  "id": 287
 },
 {
  "action": {
   "type": "block"
  },
  "condition": {
   "isUrlFilterCaseSensitive": false,
   "urlFilter": "||helpukrainewinwidget.org/cdn/widget.js"
  },
  "id": 288
 },
 {
  "action": {
   "type": "block"
  },
  "condition": {
   "isUrlFilterCaseSensitive": false,
   "urlFilter": "||itsider.com.ua/wp-content/uploads/2022/03/ac3030f-600-500-copy-100-original.jpg"
  },
  "id": 289
 },
 {
  "action": {
   "type": "block"
  },
  "condition": {
   "isUrlFilterCaseSensitive": false,
   "urlFilter": "||paywall.fewcents.co/static/js/paywall.js"
  },
  "id": 290
 },
 {
  "action": {
   "type": "block"
  },
  "condition": {
   "isUrlFilterCaseSensitive": false,
   "urlFilter": "||aqours.today/img01/mp3/zl.jpg"
  },
  "id": 291
 },
 {
  "action": {
   "type": "block"
  },
  "condition": {
   "isUrlFilterCaseSensitive": false,
   "urlFilter": "||i.lb.ua/static/donate/news.png"
  },
  "id": 292
 },
 {
  "action": {
   "type": "block"
  },
  "condition": {
   "isUrlFilterCaseSensitive": false,
   "urlFilter": "||static.theprint.in/wp-content/uploads/*/subscribe_*.png"
  },
  "id": 293
 },
 {
  "action": {
   "type": "block"
  },
  "condition": {
   "isUrlFilterCaseSensitive": false,
   "urlFilter": "||fosshub.com/index/donate"
  },
  "id": 294
 },
 {
  "action": {
   "type": "block"
  },
  "condition": {
   "initiatorDomains": [
    "samlab.ws"
   ],
   "requestDomains": [
    "yoomoney.ru"
   ]
  },
  "id": 295
 },
 {
  "action": {
   "type": "block"
  },
  "condition": {
   "initiatorDomains": [
    "blog.themarfa.name",
    "ovgorskiy.ru"
   ],
   "isUrlFilterCaseSensitive": false,
   "urlFilter": "||yoomoney.ru/quickpay/shop-widget"
  },
  "id": 296
 },
 {
  "action": {
   "type": "block"
  },
  "condition": {
   "initiatorDomains": [
    "demek.ru",
    "ovgorskiy.ru",
    "xn--80aayfwofft0a1d.xn--p1ai"
   ],
   "isUrlFilterCaseSensitive": false,
   "urlFilter": "||funding.webmoney.ru/widgets/"
  },
  "id": 297
 },
 {
  "action": {
   "type": "block"
  },
  "condition": {
   "requestDomains": [
    "3site-rss.s3-ap-northeast-1.amazonaws.com",
    "blogroll.livedoor.net",
    "blogroll.matome-alpha.com",
    "btxliveprice.kceyazilim.com",
    "chatbot-cdn.czso.cz",
    "chatbot.lifecell.ua",
    "chatntr.com",
    "crm.sov-inform-buro.ru",
    "date.cursorinfo.co.il",
    "hawk.laptopmag.com",
    "idt.shopassistant.myklio.com",
    "informer.minfin.com.ua",
    "partner-widget.vse-sdal.com",
    "perimeterx.widget.insent.ai",
    "quiz.marquiz.ru",
    "rssfetcher.blogsys.jp",
    "sge-chat.skorpik.ru",
    "toolbar.complex.com",
    "widget.cloud-cdn.ru",
    "widget.feedot-lawyer.ru",
    "widget.happyfoxchat.com",
    "widget.oncustomer.asia",
    "widgets.jobbio.com",
    "widgets.sprinkletxt.com"
   ]
  },
  "id": 298
 },
 {
  "action": {
   "type": "block"
  },
  "condition": {
   "isUrlFilterCaseSensitive": false,
   "resourceTypes": [
    "script"
   ],
   "urlFilter": "||tb.53kf.com/code/"
  },
  "id": 299
 },
 {
  "action": {
   "type": "block"
  },
  "condition": {
   "isUrlFilterCaseSensitive": false,
   "resourceTypes": [
    "script"
   ],
   "urlFilter": ".info/proxy_*.php?init_widget="
  },
  "id": 300
 },
 {
  "action": {
   "type": "block"
  },
  "condition": {
   "isUrlFilterCaseSensitive": false,
   "resourceTypes": [
    "script"
   ],
   "urlFilter": ".net/proxy_*.php?init_form="
  },
  "id": 301
 },
 {
  "action": {
   "type": "block"
  },
  "condition": {
   "isUrlFilterCaseSensitive": false,
   "resourceTypes": [
    "script"
   ],
   "urlFilter": ".ru/proxy_*.php?init_form="
  },
  "id": 302
 },
 {
  "action": {
   "type": "block"
  },
  "condition": {
   "isUrlFilterCaseSensitive": false,
   "resourceTypes": [
    "script"
   ],
   "urlFilter": ".ru/proxy_*.php?init_widget="
  },
  "id": 303
 },
 {
  "action": {
   "type": "block"
  },
  "condition": {
   "isUrlFilterCaseSensitive": false,
   "resourceTypes": [
    "script"
   ],
   "urlFilter": ".net/proxy_*.php?init_widget="
  },
  "id": 304
 },
 {
  "action": {
   "type": "block"
  },
  "condition": {
   "isUrlFilterCaseSensitive": false,
   "resourceTypes": [
    "script"
   ],
   "urlFilter": ".ru/proxy_*.php?init_button="
  },
  "id": 305
 },
 {
  "action": {
   "type": "block"
  },
  "condition": {
   "isUrlFilterCaseSensitive": false,
   "resourceTypes": [
    "script"
   ],
   "urlFilter": ".net/proxy_*.php?init_button="
  },
  "id": 306
 },
 {
  "action": {
   "type": "block"
  },
  "condition": {
   "isUrlFilterCaseSensitive": false,
   "resourceTypes": [
    "script"
   ],
   "urlFilter": "||101urist.com/_*.php"
  },
  "id": 307
 },
 {
  "action": {
   "type": "block"
  },
  "condition": {
   "isUrlFilterCaseSensitive": false,
   "resourceTypes": [
    "script"
   ],
   "urlFilter": "||biznes-delo.ru/_*.php"
  },
  "id": 308
 },
 {
  "action": {
   "type": "block"
  },
  "condition": {
   "isUrlFilterCaseSensitive": false,
   "resourceTypes": [
    "script"
   ],
   "urlFilter": "||info-gosuslugi.ru/_*.php"
  },
  "id": 309
 },
 {
  "action": {
   "type": "block"
  },
  "condition": {
   "isUrlFilterCaseSensitive": false,
   "resourceTypes": [
    "script"
   ],
   "urlFilter": "||jilishnik.ru/_*.php"
  },
  "id": 310
 },
 {
  "action": {
   "type": "block"
  },
  "condition": {
   "isUrlFilterCaseSensitive": false,
   "resourceTypes": [
    "script"
   ],
   "urlFilter": "||provodim24.ru/_*.php"
  },
  "id": 311
 },
 {
  "action": {
   "type": "block"
  },
  "condition": {
   "isUrlFilterCaseSensitive": false,
   "resourceTypes": [
    "script"
   ],
   "urlFilter": "||turimm.com/_*.php"
  },
  "id": 312
 },
 {
  "action": {
   "type": "block"
  },
  "condition": {
   "isUrlFilterCaseSensitive": false,
   "resourceTypes": [
    "sub_frame"
   ],
   "urlFilter": "||blog.livedoor.jp/livejupiter2/rss_"
  },
  "id": 313
 },
 {
  "action": {
   "type": "block"
  },
  "condition": {
   "isUrlFilterCaseSensitive": false,
   "resourceTypes": [
    "sub_frame"
   ],
   "urlFilter": "||yumetsu.web.fc2.com/rss_"
  },
  "id": 314
 },
 {
  "action": {
   "type": "block"
  },
  "condition": {
   "isUrlFilterCaseSensitive": false,
   "resourceTypes": [
    "sub_frame"
   ],
   "urlFilter": "||blog.livedoor.jp/rbkyn844/ftp/gazoulink"
  },
  "id": 315
 },
 {
  "action": {
   "type": "block"
  },
  "condition": {
   "isUrlFilterCaseSensitive": false,
   "resourceTypes": [
    "sub_frame"
   ],
   "urlFilter": "||blog.livedoor.jp/kokopyon1/rss/"
  },
  "id": 316
 },
 {
  "action": {
   "type": "block"
  },
  "condition": {
   "isUrlFilterCaseSensitive": false,
   "resourceTypes": [
    "sub_frame"
   ],
   "urlFilter": "||kitimama-matome.net/rss"
  },
  "id": 317
 },
 {
  "action": {
   "type": "block"
  },
  "condition": {
   "isUrlFilterCaseSensitive": false,
   "resourceTypes": [
    "sub_frame"
   ],
   "urlFilter": "||oryouri.2chblog.jp/rss-"
  },
  "id": 318
 },
 {
  "action": {
   "type": "block"
  },
  "condition": {
   "isUrlFilterCaseSensitive": false,
   "resourceTypes": [
    "sub_frame"
   ],
   "urlFilter": "||2chnewsblog.blog.jp/imgrss_"
  },
  "id": 319
 },
 {
  "action": {
   "type": "block"
  },
  "condition": {
   "isUrlFilterCaseSensitive": false,
   "resourceTypes": [
    "sub_frame"
   ],
   "urlFilter": "||doucolle-kako.livedoor.biz/pick-"
  },
  "id": 320
 },
 {
  "action": {
   "type": "block"
  },
  "condition": {
   "isUrlFilterCaseSensitive": false,
   "resourceTypes": [
    "sub_frame"
   ],
   "urlFilter": "||inutomo11.com/nanj"
  },
  "id": 321
 },
 {
  "action": {
   "type": "block"
  },
  "condition": {
   "initiatorDomains": [
    "eegg.fun"
   ],
   "isUrlFilterCaseSensitive": false,
   "resourceTypes": [
    "sub_frame"
   ],
   "urlFilter": "/rss_"
  },
  "id": 322
 },
 {
  "action": {
   "type": "block"
  },
  "condition": {
   "initiatorDomains": [
    "helloprojects.seesaa.net"
   ],
   "requestDomains": [
    "juicejiuce.up.seesaa.net"
   ],
   "resourceTypes": [
    "sub_frame"
   ]
  },
  "id": 323
 },
 {
  "action": {
   "type": "block"
  },
  "condition": {
   "isUrlFilterCaseSensitive": false,
   "resourceTypes": [
    "sub_frame"
   ],
   "urlFilter": "||doujincafe.com/doujincafe."
  },
  "id": 324
 },
 {
  "action": {
   "type": "block"
  },
  "condition": {
   "isUrlFilterCaseSensitive": false,
   "resourceTypes": [
    "sub_frame"
   ],
   "urlFilter": "||ero-mangalife.com/eromangalife."
  },
  "id": 325
 },
 {
  "action": {
   "type": "block"
  },
  "condition": {
   "initiatorDomains": [
    "bottisoku.blog.2nt.com"
   ],
   "isUrlFilterCaseSensitive": false,
   "resourceTypes": [
    "sub_frame"
   ],
   "urlFilter": "||2nt.com/b/o/t/bottisoku/"
  },
  "id": 326
 },
 {
  "action": {
   "type": "block"
  },
  "condition": {
   "isUrlFilterCaseSensitive": false,
   "resourceTypes": [
    "sub_frame"
   ],
   "urlFilter": "||livedoor.jp/goldennews/js/"
  },
  "id": 327
 },
 {
  "action": {
   "type": "block"
  },
  "condition": {
   "isUrlFilterCaseSensitive": false,
   "resourceTypes": [
    "sub_frame"
   ],
   "urlFilter": "||chaos2ch.com/rss"
  },
  "id": 328
 },
 {
  "action": {
   "type": "block"
  },
  "condition": {
   "isUrlFilterCaseSensitive": false,
   "resourceTypes": [
    "sub_frame"
   ],
   "urlFilter": "||fategrandorder.info/kiji/"
  },
  "id": 329
 },
 {
  "action": {
   "type": "block"
  },
  "condition": {
   "initiatorDomains": [
    "2chav.com"
   ],
   "isUrlFilterCaseSensitive": false,
   "resourceTypes": [
    "sub_frame"
   ],
   "urlFilter": "||fc2.com/2/c/h/2chxvideos/rss_"
  },
  "id": 330
 },
 {
  "action": {
   "type": "block"
  },
  "condition": {
   "domainType": "firstParty",
   "isUrlFilterCaseSensitive": false,
   "resourceTypes": [
    "script"
   ],
   "urlFilter": "||kyousoku.net/js/rss"
  },
  "id": 331
 },
 {
  "action": {
   "type": "block"
  },
  "condition": {
   "domainType": "firstParty",
   "isUrlFilterCaseSensitive": false,
   "resourceTypes": [
    "script"
   ],
   "urlFilter": "||eegg.fun/js/exfd*.js"
  },
  "id": 332
 },
 {
  "action": {
   "type": "block"
  },
  "condition": {
   "domainType": "firstParty",
   "requestDomains": [
    "inazumanews2.com"
   ],
   "resourceTypes": [
    "script"
   ]
  },
  "id": 333
 },
 {
  "action": {
   "type": "block"
  },
  "condition": {
   "domainType": "firstParty",
   "isUrlFilterCaseSensitive": false,
   "resourceTypes": [
    "sub_frame"
   ],
   "urlFilter": "/rss/rss.html"
  },
  "id": 334
 },
 {
  "action": {
   "type": "block"
  },
  "condition": {
   "domainType": "firstParty",
   "isUrlFilterCaseSensitive": false,
   "resourceTypes": [
    "sub_frame"
   ],
   "urlFilter": ".biz/rss.htm"
  },
  "id": 335
 },
 {
  "action": {
   "type": "block"
  },
  "condition": {
   "domainType": "firstParty",
   "isUrlFilterCaseSensitive": false,
   "resourceTypes": [
    "sub_frame"
   ],
   "urlFilter": ".biz/rss2.htm"
  },
  "id": 336
 },
 {
  "action": {
   "type": "block"
  },
  "condition": {
   "domainType": "firstParty",
   "isUrlFilterCaseSensitive": false,
   "resourceTypes": [
    "sub_frame"
   ],
   "urlFilter": ".com/rss.htm"
  },
  "id": 337
 },
 {
  "action": {
   "type": "block"
  },
  "condition": {
   "domainType": "firstParty",
   "isUrlFilterCaseSensitive": false,
   "resourceTypes": [
    "sub_frame"
   ],
   "urlFilter": ".com/rss2.htm"
  },
  "id": 338
 },
 {
  "action": {
   "type": "block"
  },
  "condition": {
   "domainType": "firstParty",
   "isUrlFilterCaseSensitive": false,
   "resourceTypes": [
    "sub_frame"
   ],
   "urlFilter": ".jp/rss.htm"
  },
  "id": 339
 },
 {
  "action": {
   "type": "block"
  },
  "condition": {
   "domainType": "firstParty",
   "isUrlFilterCaseSensitive": false,
   "resourceTypes": [
    "sub_frame"
   ],
   "urlFilter": ".net/rss.htm"
  },
  "id": 340
 },
 {
  "action": {
   "type": "block"
  },
  "condition": {
   "domainType": "firstParty",
   "isUrlFilterCaseSensitive": false,
   "resourceTypes": [
    "sub_frame"
   ],
   "urlFilter": ".net/rss2.htm"
  },
  "id": 341
 },
 {
  "action": {
   "type": "block"
  },
  "condition": {
   "domainType": "firstParty",
   "isUrlFilterCaseSensitive": false,
   "resourceTypes": [
    "sub_frame"
   ],
   "urlFilter": ".com/rss/"
  },
  "id": 342
 },
 {
  "action": {
   "type": "block"
  },
  "condition": {
   "domainType": "firstParty",
   "isUrlFilterCaseSensitive": false,
   "resourceTypes": [
    "sub_frame"
   ],
   "urlFilter": "||blog.livedoor.jp/love120331/"
  },
  "id": 343
 },
 {
  "action": {
   "type": "block"
  },
  "condition": {
   "domainType": "firstParty",
   "isUrlFilterCaseSensitive": false,
   "resourceTypes": [
    "sub_frame"
   ],
   "urlFilter": "||blog.livedoor.jp/yakiusoku/rss"
  },
  "id": 344
 },
 {
  "action": {
   "type": "block"
  },
  "condition": {
   "domainType": "firstParty",
   "isUrlFilterCaseSensitive": false,
   "resourceTypes": [
    "sub_frame"
   ],
   "urlFilter": "||blog.livedoor.jp/misopan_news/headline"
  },
  "id": 345
 },
 {
  "action": {
   "type": "block"
  },
  "condition": {
   "domainType": "firstParty",
   "isUrlFilterCaseSensitive": false,
   "resourceTypes": [
    "sub_frame"
   ],
   "urlFilter": "||blog.livedoor.jp/diet2channel/"
  },
  "id": 346
 },
 {
  "action": {
   "type": "block"
  },
  "condition": {
   "domainType": "firstParty",
   "isUrlFilterCaseSensitive": false,
   "resourceTypes": [
    "sub_frame"
   ],
   "urlFilter": "||blog.livedoor.jp/hibinanchara/"
  },
  "id": 347
 },
 {
  "action": {
   "type": "block"
  },
  "condition": {
   "domainType": "firstParty",
   "isUrlFilterCaseSensitive": false,
   "resourceTypes": [
    "sub_frame"
   ],
   "urlFilter": "||blog.livedoor.jp/kekkongo/"
  },
  "id": 348
 },
 {
  "action": {
   "type": "block"
  },
  "condition": {
   "domainType": "firstParty",
   "isUrlFilterCaseSensitive": false,
   "resourceTypes": [
    "sub_frame"
   ],
   "urlFilter": "||blog.livedoor.jp/aoba_f/"
  },
  "id": 349
 },
 {
  "action": {
   "type": "block"
  },
  "condition": {
   "domainType": "firstParty",
   "isUrlFilterCaseSensitive": false,
   "resourceTypes": [
    "sub_frame"
   ],
   "urlFilter": "||blog.livedoor.jp/jyoushiki43/"
  },
  "id": 350
 },
 {
  "action": {
   "type": "block"
  },
  "condition": {
   "domainType": "firstParty",
   "isUrlFilterCaseSensitive": false,
   "resourceTypes": [
    "sub_frame"
   ],
   "urlFilter": "||blog.livedoor.jp/robosoku/"
  },
  "id": 351
 },
 {
  "action": {
   "type": "block"
  },
  "condition": {
   "domainType": "firstParty",
   "isUrlFilterCaseSensitive": false,
   "resourceTypes": [
    "sub_frame"
   ],
   "urlFilter": "||usi32.com/inc/rss"
  },
  "id": 352
 },
 {
  "action": {
   "type": "block"
  },
  "condition": {
   "domainType": "firstParty",
   "isUrlFilterCaseSensitive": false,
   "resourceTypes": [
    "sub_frame"
   ],
   "urlFilter": "||asianoneta.blog.jp/rss"
  },
  "id": 353
 },
 {
  "action": {
   "type": "block"
  },
  "condition": {
   "domainType": "firstParty",
   "isUrlFilterCaseSensitive": false,
   "resourceTypes": [
    "sub_frame"
   ],
   "urlFilter": "||jin115.com/rss*"
  },
  "id": 354
 },
 {
  "action": {
   "type": "block"
  },
  "condition": {
   "domainType": "firstParty",
   "requestDomains": [
    "aaieba.livedoor.biz",
    "anicobin.ldblog.jp",
    "bipblog.com",
    "erologz.com",
    "eromanga-cafe.com",
    "exawarosu.net",
    "fesoku.net",
    "link.idol-blog.com",
    "matome-tarou.ldblog.jp",
    "monhan-mhw.com",
    "onecall2ch.com",
    "otanew.jp",
    "toushichannel.net",
    "waranote.livedoor.biz"
   ],
   "resourceTypes": [
    "sub_frame"
   ]
  },
  "id": 355
 },
 {
  "action": {
   "type": "block"
  },
  "condition": {
   "domainType": "thirdParty",
   "requestDomains": [
    "acobot.ai",
    "actionbutton.co",
    "apester.com",
    "api-pravoved.s3.amazonaws.com",
    "api.autopilothq.com",
    "api.cloudleadia.com",
    "api.leadiacloud.com",
    "api.popin.cc",
    "api.pozvonim.com",
    "api.venyoo.ru",
    "api.visitor.chat",
    "app.chatplus.jp",
    "app.livechatoo.com",
    "app.mycountrytalks.org",
    "app.popuparchitect.com",
    "apps.azhelp.ru",
    "artibot.ai",
    "assets-prod.vicomi.com",
    "avaamo.com",
    "bazzaro.ru",
    "blinger.io",
    "blog-rss.com",
    "booster.webtradecenter.com",
    "callback.onlinepbx.ru",
    "callkeeper.ru",
    "callmenow.com.ua",
    "carambo.la",
    "cbot.ai",
    "cdn-chat.grattis.ru",
    "cdn.callbackhunter.com",
    "cdn.callbackkiller.com",
    "cdn.callibri.ru",
    "cdn.carrotquest.app",
    "cdn.freshbots.ai",
    "cdn.gubagoo.io",
    "cdn.krible.com",
    "cdn.qform24.com",
    "cdn.reamaze.com",
    "cdnjs.buymeacoffee.com",
    "chaser.ru",
    "chat.amplify.ai",
    "chat.autofaq.ai",
    "chat.mundiale.com.br",
    "chat.sociomile.com",
    "chat24.io",
    "chatbot.com",
    "chatra.io",
    "chats.novait.com.ua",
    "chatterpal.me",
    "civey.com",
    "ckct.ru",
    "cleversite.ru",
    "client.crisp.chat",
    "clients.streamwood.ru",
    "clloudia.com",
    "code.blablateka.com",
    "collectcdn.com",
    "comagic.ru",
    "components.justanswer.com",
    "config.gorgias.chat",
    "consultsystems.ru",
    "continual.ly",
    "corover.mobi",
    "cp.onicon.ru",
    "cp.skibble.com.ua",
    "digital-interview.com",
    "dl.metabar.ru",
    "dtbot.directtalk.com.br",
    "easyliao.com",
    "edialog24.com",
    "embed.doorbell.io",
    "envybox.io",
    "epleads.ru",
    "extraaedge.com",
    "eyenewton.ru",
    "fastcallagent.com",
    "feedback.luxnet.ua",
    "foresee.com",
    "form.cloudleadia.com",
    "formilla.com",
    "frase.io",
    "fukugan.com",
    "gacraft.jp",
    "getbutton.io",
    "girnarsoft.com",
    "go.pardot.com",
    "gtlead.ru",
    "gubagootracking.com",
    "helpscout.net",
    "highflyers.ru",
    "holyclock.com",
    "iadvize.com",
    "igas.com.ua",
    "img-c.net",
    "informers.sinoptik.ua",
    "insticator.com",
    "iteratehq.com",
    "js.driftt.com",
    "jurleads.ru",
    "komatech.net",
    "kommunicate.io",
    "leadback.ru",
    "leadbooster-chat.pipedrive.com",
    "leadgenic.ru",
    "limetalk.com",
    "livechat.chat2desk.com",
    "livechatv2.chat2desk.com",
    "liveexpert.ru",
    "livesupporti.com",
    "mod.calltouch.ru",
    "mylivechat.com",
    "netroxsc.ru",
    "pinformer.sinoptik.ua",
    "plista.com",
    "plus20.ru",
    "purechat.com",
    "renderer.qmerce.com",
    "rss-loader.com",
    "rss.tc",
    "rssrank.net",
    "salesiq.zoho.in",
    "scripts.mailfire.io",
    "secure.livechatinc.com",
    "servicelead.top",
    "sharpay.io",
    "shomershabes.co.il",
    "shomershabes.com",
    "showtalk.jp",
    "st.yagla.ru",
    "static.landbot.io",
    "static.leadia.ru",
    "static.me-talk.ru",
    "sumo.com",
    "synalio.com",
    "tanganrss.com",
    "tidio.com",
    "tidiochat.com",
    "tracdelight.com",
    "tracker.tolvnow.com",
    "uberlaw.ru",
    "uhchat.net",
    "userlike.com",
    "vchat.essaygator.net",
    "verbox.ru",
    "wat.atms.at",
    "web-client-02.livetex.ru",
    "web-client.livetex.ru",
    "web.redhelper.ru",
    "webchat.birdeye.com",
    "webchat.cmcplanet.com",
    "webim.ru",
    "whatya.solairo-api.com",
    "whisbi.com",
    "whitesaas.com",
    "widget-static.com",
    "widget.beesender.com",
    "widget.beop.io",
    "widget.bitay.com.tr",
    "widget.chatbullet.com",
    "widget.contactleader.pl",
    "widget.cpa.legalaxy.com",
    "widget.flowxo.com",
    "widget.getgist.com",
    "widget.getyourguide.com",
    "widget.happycustomer.ru",
    "widget.helpcrunch.com",
    "widget.info-static.ru",
    "widget.installchatbot.com",
    "widget.lawyer-feedot.ru",
    "widget.mango-office.ru",
    "widget.manychat.com",
    "widget.moin.ai",
    "widget.my.feedot.com",
    "widget.profeat.team",
    "widget.replain.cc",
    "widget.reserve-widget.ru",
    "widget.siteheart.com",
    "widget.skobeeff.ru",
    "widget.surveymonkey.com",
    "widget.teletype.app",
    "widget.textback.io",
    "widget.webica.pro",
    "widget.whatsbroadcast.com",
    "widget.whatshelp.io",
    "widgets.binotel.com",
    "widgets.coingecko.com",
    "widgets.digitalmediacommunications.com",
    "widgets.getsitecontrol.com",
    "widgets.hadilive.com",
    "widgets.livetex.ru",
    "widgets.mango-office.ru",
    "widgets.opinary.com",
    "widgets.trustedshops.com"
   ]
  },
  "id": 356
 },
 {
  "action": {
   "type": "block"
  },
  "condition": {
   "domainType": "thirdParty",
   "isUrlFilterCaseSensitive": false,
   "urlFilter": "||widget-v*.tidiochat.com^"
  },
  "id": 357
 },
 {
  "action": {
   "type": "block"
  },
  "condition": {
   "domainType": "thirdParty",
   "excludedInitiatorDomains": [
    "jumbo-casino.fun",
    "roonlabs.com"
   ],
   "requestDomains": [
    "embed.tawk.to"
   ]
  },
  "id": 358
 },
 {
  "action": {
   "type": "block"
  },
  "condition": {
   "domainType": "thirdParty",
   "excludedInitiatorDomains": [
    "jivosite.ru"
   ],
   "requestDomains": [
    "jivosite.com"
   ]
  },
  "id": 359
 },
 {
  "action": {
   "type": "block"
  },
  "condition": {
   "domainType": "thirdParty",
   "excludedInitiatorDomains": [
    "cafemarta.ch",
    "savearizonafund.com",
    "taube-rankweil.at",
    "trestlebrewing.com"
   ],
   "requestDomains": [
    "static.elfsight.com"
   ]
  },
  "id": 360
 },
 {
  "action": {
   "type": "block"
  },
  "condition": {
   "domainType": "thirdParty",
   "excludedInitiatorDomains": [
    "privat24.ua",
    "privatbank.ua"
   ],
   "requestDomains": [
    "widget.sender.mobi"
   ]
  },
  "id": 361
 },
 {
  "action": {
   "type": "block"
  },
  "condition": {
   "domainType": "thirdParty",
   "isUrlFilterCaseSensitive": false,
   "urlFilter": "||cloud.lexprofit."
  },
  "id": 362
 },
 {
  "action": {
   "type": "block"
  },
  "condition": {
   "domainType": "thirdParty",
   "isUrlFilterCaseSensitive": false,
   "urlFilter": "||code.jivosite.com/script/widget"
  },
  "id": 363
 },
 {
  "action": {
   "type": "block"
  },
  "condition": {
   "domainType": "thirdParty",
   "isUrlFilterCaseSensitive": false,
   "urlFilter": "||code.jivo.ru/widget/"
  },
  "id": 364
 },
 {
  "action": {
   "type": "block"
  },
  "condition": {
   "domainType": "thirdParty",
   "isUrlFilterCaseSensitive": false,
   "urlFilter": "||static.quiq-cdn.com/webchat/"
  },
  "id": 365
 },
 {
  "action": {
   "type": "block"
  },
  "condition": {
   "domainType": "thirdParty",
   "isUrlFilterCaseSensitive": false,
   "urlFilter": "||static.arc.io/widget"
  },
  "id": 366
 },
 {
  "action": {
   "type": "block"
  },
  "condition": {
   "domainType": "thirdParty",
   "isUrlFilterCaseSensitive": false,
   "urlFilter": "||app.whappodo.com/pages/widget^"
  },
  "id": 367
 },
 {
  "action": {
   "type": "block"
  },
  "condition": {
   "domainType": "thirdParty",
   "isUrlFilterCaseSensitive": false,
   "urlFilter": "||autofaq.ai/widget/"
  },
  "id": 368
 },
 {
  "action": {
   "type": "block"
  },
  "condition": {
   "domainType": "thirdParty",
   "isUrlFilterCaseSensitive": false,
   "urlFilter": "||leetero.ru/consultant/"
  },
  "id": 369
 },
 {
  "action": {
   "type": "block"
  },
  "condition": {
   "domainType": "thirdParty",
   "excludedInitiatorDomains": [
    "lg.com",
    "linline-clinic.ru",
    "tele2.ru"
   ],
   "isUrlFilterCaseSensitive": false,
   "urlFilter": "||livetex.ru/js/client.js"
  },
  "id": 370
 },
 {
  "action": {
   "type": "block"
  },
  "condition": {
   "domainType": "thirdParty",
   "isUrlFilterCaseSensitive": false,
   "urlFilter": "||me-talk.ru/support/support.js"
  },
  "id": 371
 },
 {
  "action": {
   "type": "block"
  },
  "condition": {
   "domainType": "thirdParty",
   "isUrlFilterCaseSensitive": false,
   "urlFilter": "||media.reformal.ru/widgets/"
  },
  "id": 372
 },
 {
  "action": {
   "type": "block"
  },
  "condition": {
   "domainType": "thirdParty",
   "isUrlFilterCaseSensitive": false,
   "urlFilter": "||sinoptik.ua/informers"
  },
  "id": 373
 },
 {
  "action": {
   "type": "block"
  },
  "condition": {
   "domainType": "thirdParty",
   "excludedInitiatorDomains": [
    "fooda.com"
   ],
   "isUrlFilterCaseSensitive": false,
   "urlFilter": "||static.olark.com/jsclient/"
  },
  "id": 374
 },
 {
  "action": {
   "type": "block"
  },
  "condition": {
   "domainType": "thirdParty",
   "isUrlFilterCaseSensitive": false,
   "urlFilter": "||js.trendmd.com/trendmd."
  },
  "id": 375
 },
 {
  "action": {
   "type": "block"
  },
  "condition": {
   "domainType": "thirdParty",
   "isUrlFilterCaseSensitive": false,
   "urlFilter": "||app.hubspot.com/conversations-visitor"
  },
  "id": 376
 },
 {
  "action": {
   "type": "block"
  },
  "condition": {
   "domainType": "thirdParty",
   "isUrlFilterCaseSensitive": false,
   "urlFilter": "||cdn.shopify.com/shopifycloud/shopify_chat^"
  },
  "id": 377
 },
 {
  "action": {
   "type": "block"
  },
  "condition": {
   "domainType": "thirdParty",
   "isUrlFilterCaseSensitive": false,
   "urlFilter": "||cdn.shopifycloud.com/shopify_chat/"
  },
  "id": 378
 },
 {
  "action": {
   "type": "block"
  },
  "condition": {
   "domainType": "thirdParty",
   "isUrlFilterCaseSensitive": false,
   "urlFilter": "||connect.podium.com/widget.js"
  },
  "id": 379
 },
 {
  "action": {
   "type": "block"
  },
  "condition": {
   "domainType": "thirdParty",
   "isUrlFilterCaseSensitive": false,
   "urlFilter": "||effect.com/widget"
  },
  "id": 380
 },
 {
  "action": {
   "type": "block"
  },
  "condition": {
   "domainType": "thirdParty",
   "isUrlFilterCaseSensitive": false,
   "urlFilter": "||fstrkchat.com/widget/"
  },
  "id": 381
 },
 {
  "action": {
   "type": "block"
  },
  "condition": {
   "domainType": "thirdParty",
   "isUrlFilterCaseSensitive": false,
   "urlFilter": "||getcobra.io/ext/poll/"
  },
  "id": 382
 },
 {
  "action": {
   "type": "block"
  },
  "condition": {
   "domainType": "thirdParty",
   "isUrlFilterCaseSensitive": false,
   "urlFilter": "||arc.io/widget.*js"
  },
  "id": 383
 },
 {
  "action": {
   "type": "block"
  },
  "condition": {
   "domainType": "thirdParty",
   "isUrlFilterCaseSensitive": false,
   "urlFilter": "||medya.ilan.gov.tr/widgets^"
  },
  "id": 384
 },
 {
  "action": {
   "type": "block"
  },
  "condition": {
   "domainType": "thirdParty",
   "isUrlFilterCaseSensitive": false,
   "urlFilter": "||cevapla.tv/widget/"
  },
  "id": 385
 },
 {
  "action": {
   "type": "block"
  },
  "condition": {
   "domainType": "thirdParty",
   "isUrlFilterCaseSensitive": false,
   "urlFilter": "||vuukle.com/widgets/powerbar/"
  },
  "id": 386
 },
 {
  "action": {
   "type": "block"
  },
  "condition": {
   "domainType": "thirdParty",
   "isUrlFilterCaseSensitive": false,
   "urlFilter": "||vuukle.com/ideabox.aspx"
  },
  "id": 387
 },
 {
  "action": {
   "type": "block"
  },
  "condition": {
   "domainType": "thirdParty",
   "excludedInitiatorDomains": [
    "thepetitionsite.com"
   ],
   "isUrlFilterCaseSensitive": false,
   "urlFilter": "||care2.com/petitions/"
  },
  "id": 388
 },
 {
  "action": {
   "type": "block"
  },
  "condition": {
   "domainType": "thirdParty",
   "isUrlFilterCaseSensitive": false,
   "urlFilter": "||getsitecontrol.com/widgets/"
  },
  "id": 389
 },
 {
  "action": {
   "type": "block"
  },
  "condition": {
   "domainType": "thirdParty",
   "isUrlFilterCaseSensitive": false,
   "urlFilter": "||kinoafisha.ua/widget/"
  },
  "id": 390
 },
 {
  "action": {
   "type": "block"
  },
  "condition": {
   "domainType": "thirdParty",
   "isUrlFilterCaseSensitive": false,
   "urlFilter": "||compass.pressekompass.net/compasses^"
  },
  "id": 391
 },
 {
  "action": {
   "type": "block"
  },
  "condition": {
   "domainType": "thirdParty",
   "isUrlFilterCaseSensitive": false,
   "urlFilter": "||cvmarket.lv/infoblocks/"
  },
  "id": 392
 },
 {
  "action": {
   "type": "block"
  },
  "condition": {
   "domainType": "thirdParty",
   "isUrlFilterCaseSensitive": false,
   "urlFilter": "||js.jebbit.com/companion/*/widget.js"
  },
  "id": 393
 },
 {
  "action": {
   "type": "block"
  },
  "condition": {
   "domainType": "thirdParty",
   "isUrlFilterCaseSensitive": false,
   "urlFilter": "||kursvalut.com/informer/"
  },
  "id": 394
 },
 {
  "action": {
   "type": "block"
  },
  "condition": {
   "domainType": "thirdParty",
   "isUrlFilterCaseSensitive": false,
   "urlFilter": "||finam.ru/widget/"
  },
  "id": 395
 },
 {
  "action": {
   "type": "block"
  },
  "condition": {
   "domainType": "thirdParty",
   "isUrlFilterCaseSensitive": false,
   "urlFilter": "||kurs.com.ua/informer/"
  },
  "id": 396
 },
 {
  "action": {
   "type": "block"
  },
  "condition": {
   "domainType": "thirdParty",
   "isUrlFilterCaseSensitive": false,
   "urlFilter": "||kurs.com.ru/informer/"
  },
  "id": 397
 },
 {
  "action": {
   "type": "block"
  },
  "condition": {
   "domainType": "thirdParty",
   "isUrlFilterCaseSensitive": false,
   "urlFilter": "/gs_informerclient.min."
  },
  "id": 398
 },
 {
  "action": {
   "type": "block"
  },
  "condition": {
   "domainType": "thirdParty",
   "isUrlFilterCaseSensitive": false,
   "urlFilter": "/gs_informerclient.s"
  },
  "id": 399
 },
 {
  "action": {
   "type": "block"
  },
  "condition": {
   "domainType": "thirdParty",
   "isUrlFilterCaseSensitive": false,
   "urlFilter": "||gismeteo.*/getinformer/"
  },
  "id": 400
 },
 {
  "action": {
   "type": "block"
  },
  "condition": {
   "domainType": "thirdParty",
   "isUrlFilterCaseSensitive": false,
   "urlFilter": "||meteoprog.ua/*/weather/informer/"
  },
  "id": 401
 },
 {
  "action": {
   "type": "block"
  },
  "condition": {
   "domainType": "thirdParty",
   "isUrlFilterCaseSensitive": false,
   "resourceTypes": [
    "sub_frame"
   ],
   "urlFilter": "/blogparts_iframe.php?sc="
  },
  "id": 402
 },
 {
  "action": {
   "type": "allow"
  },
  "condition": {
   "initiatorDomains": [
    "coffee-tea-bravos.ru"
   ],
   "isUrlFilterCaseSensitive": false,
   "urlFilter": "||code.jivo.ru/widget/"
  },
  "id": 403
 },
 {
  "action": {
   "type": "allow"
  },
  "condition": {
   "initiatorDomains": [
    "justanswer.co.uk",
    "justanswer.de",
    "justanswer.es",
    "justanswer.jp"
   ],
   "requestDomains": [
    "components.justanswer.com"
   ]
  },
  "id": 404
 },
 {
  "action": {
   "type": "allow"
  },
  "condition": {
   "initiatorDomains": [
    "skillfactory.ru"
   ],
   "requestDomains": [
    "quiz.marquiz.ru"
   ]
  },
  "id": 405
 },
 {
  "action": {
   "type": "allow"
  },
  "condition": {
   "initiatorDomains": [
    "help.getpocket.com"
   ],
   "requestDomains": [
    "beacon-v2.helpscout.net"
   ]
  },
  "id": 406
 },
 {
  "action": {
   "type": "allow"
  },
  "condition": {
   "initiatorDomains": [
    "strongboxsafe.com"
   ],
   "isUrlFilterCaseSensitive": false,
   "urlFilter": "||cdn.reamaze.com/assets/"
  },
  "id": 407
 },
 {
  "action": {
   "type": "allow"
  },
  "condition": {
   "initiatorDomains": [
    "sanity.io"
   ],
   "requestDomains": [
    "js.driftt.com"
   ]
  },
  "id": 408
 },
 {
  "action": {
   "type": "allow"
  },
  "condition": {
   "initiatorDomains": [
    "cab.meest.cn"
   ],
   "isUrlFilterCaseSensitive": false,
   "urlFilter": "||widget.beesender.com/*/widget.js"
  },
  "id": 409
 },
 {
  "action": {
   "type": "allow"
  },
  "condition": {
   "initiatorDomains": [
    "cab.meest.cn"
   ],
   "isUrlFilterCaseSensitive": false,
   "urlFilter": "||widget.beesender.com/*/chunk-vendors.js"
  },
  "id": 410
 },
 {
  "action": {
   "type": "allow"
  },
  "condition": {
   "initiatorDomains": [
    "sport24.ru"
   ],
   "isUrlFilterCaseSensitive": false,
   "urlFilter": "||static.apester.com/js/sdk/*/apester-javascript-sdk.min.js"
  },
  "id": 411
 },
 {
  "action": {
   "type": "allow"
  },
  "condition": {
   "initiatorDomains": [
    "sport24.ru"
   ],
   "requestDomains": [
    "renderer.apester.com"
   ]
  },
  "id": 412
 },
 {
  "action": {
   "type": "allow"
  },
  "condition": {
   "initiatorDomains": [
    "help.letyshops.ru"
   ],
   "requestDomains": [
    "code.jivosite.com"
   ]
  },
  "id": 413
 },
 {
  "action": {
   "type": "allow"
  },
  "condition": {
   "initiatorDomains": [
    "cyberpowersystems.com",
    "lego.com",
    "microchip.com",
    "playstation.com",
    "visible.com"
   ],
   "isUrlFilterCaseSensitive": false,
   "urlFilter": "||service.force.com/embeddedservice/*/esw.min.js"
  },
  "id": 414
 },
 {
  "action": {
   "type": "allow"
  },
  "condition": {
   "initiatorDomains": [
    "spiegel.de"
   ],
   "isUrlFilterCaseSensitive": false,
   "urlFilter": "||compass.pressekompass.net/compasses^"
  },
  "id": 415
 },
 {
  "action": {
   "type": "allow"
  },
  "condition": {
   "initiatorDomains": [
    "langoguessr.com"
   ],
   "isUrlFilterCaseSensitive": false,
   "resourceTypes": [
    "script"
   ],
   "urlFilter": "||buymeacoffee.com/*/widget."
  },
  "id": 416
 },
 {
  "action": {
   "type": "allow"
  },
  "condition": {
   "initiatorDomains": [
    "sport24.ru"
   ],
   "isUrlFilterCaseSensitive": false,
   "resourceTypes": [
    "xmlhttprequest"
   ],
   "urlFilter": "||display.apester.com/interactions/"
  },
  "id": 417
 }
]
