[
 {
  "action": {
   "type": "block"
  },
  "condition": {
   "initiatorDomains": [
    "cumhuriyet.com.tr"
   ],
   "isUrlFilterCaseSensitive": false,
   "urlFilter": "||geo.dailymotion.com/player/x8agi.html"
  },
  "id": 1
 },
 {
  "action": {
   "type": "block"
  },
  "condition": {
   "initiatorDomains": [
    "areanapoli.it"
   ],
   "requestDomains": [
    "fcp.codes"
   ]
  },
  "id": 2
 },
 {
  "action": {
   "type": "block"
  },
  "condition": {
   "isUrlFilterCaseSensitive": false,
   "urlFilter": "||ppstatic.pl/assets/nsk/v*/js/compiled/atoms/article/*sticky-video*.js"
  },
  "id": 3
 },
 {
  "action": {
   "type": "block"
  },
  "condition": {
   "initiatorDomains": [
    "boldsky.com"
   ],
   "isUrlFilterCaseSensitive": false,
   "urlFilter": "||geo.dailymotion.com/libs/player/"
  },
  "id": 4
 },
 {
  "action": {
   "type": "block"
  },
  "condition": {
   "isUrlFilterCaseSensitive": false,
   "urlFilter": "||gqjapan.jp/verso/static/chunk.presenter-account-bookmarks"
  },
  "id": 5
 },
 {
  "action": {
   "type": "block"
  },
  "condition": {
   "initiatorDomains": [
    "myjitsu.jp",
    "renote.net"
   ],
   "requestDomains": [
    "player.ivideosmart.com"
   ]
  },
  "id": 6
 },
 {
  "action": {
   "type": "block"
  },
  "condition": {
   "isUrlFilterCaseSensitive": false,
   "urlFilter": "||softpedia.com/zds.php"
  },
  "id": 7
 },
 {
  "action": {
   "type": "block"
  },
  "condition": {
   "isUrlFilterCaseSensitive": false,
   "urlFilter": "||pay-day.ru/wp-content/cache/min/1/js/vq_starter.js"
  },
  "id": 8
 },
 {
  "action": {
   "type": "block"
  },
  "condition": {
   "isUrlFilterCaseSensitive": false,
   "urlFilter": "||static.insurancedekho.com/pwa/js/bundle/newsdetail."
  },
  "id": 9
 },
 {
  "action": {
   "type": "block"
  },
  "condition": {
   "initiatorDomains": [
    "sport360.com"
   ],
   "requestDomains": [
    "widget.golfscape.com"
   ]
  },
  "id": 10
 },
 {
  "action": {
   "type": "block"
  },
  "condition": {
   "initiatorDomains": [
    "wired.com"
   ],
   "requestDomains": [
    "player.cnevids.com"
   ]
  },
  "id": 11
 },
 {
  "action": {
   "type": "block"
  },
  "condition": {
   "isUrlFilterCaseSensitive": false,
   "urlFilter": "||ais.th/asset_index2020/js/chat_and_shop.js"
  },
  "id": 12
 },
 {
  "action": {
   "type": "block"
  },
  "condition": {
   "isUrlFilterCaseSensitive": false,
   "urlFilter": "||wikipedia.su/muzikfon.php"
  },
  "id": 13
 },
 {
  "action": {
   "type": "block"
  },
  "condition": {
   "initiatorDomains": [
    "applesfera.com"
   ],
   "isUrlFilterCaseSensitive": false,
   "urlFilter": "||img.weblogssl.com/*/js/dailymotion-"
  },
  "id": 14
 },
 {
  "action": {
   "type": "block"
  },
  "condition": {
   "initiatorDomains": [
    "9db.jp",
    "apptopi.jp",
    "ctinews.com",
    "football-tribe.com",
    "kinmaweb.jp",
    "moneysave.info",
    "techinsight.jp"
   ],
   "requestDomains": [
    "player.gliacloud.com"
   ]
  },
  "id": 15
 },
 {
  "action": {
   "type": "block"
  },
  "condition": {
   "initiatorDomains": [
    "allmusic.com",
    "bleepingcomputer.com",
    "fadmagazine.com",
    "favesouthernrecipes.com",
    "hbcugameday.com",
    "lifehacker.com",
    "on3.com",
    "penna.gr",
    "shadowandact.com",
    "sportsgamblingpodcast.com",
    "tangorin.com",
    "thegatewaypundit.com",
    "thisismoney.co.uk",
    "urbanbellemag.com",
    "workitdaily.com"
   ],
   "requestDomains": [
    "connatix.com"
   ]
  },
  "id": 16
 },
 {
  "action": {
   "type": "block"
  },
  "condition": {
   "isUrlFilterCaseSensitive": false,
   "urlFilter": "||fireworkapi1.com/embed/v2/playlists/5m1wz5/feeds?page_size=10"
  },
  "id": 17
 },
 {
  "action": {
   "type": "block"
  },
  "condition": {
   "isUrlFilterCaseSensitive": false,
   "urlFilter": "||fireworkapi1.com/embed/v2/channels/whats_trending"
  },
  "id": 18
 },
 {
  "action": {
   "type": "block"
  },
  "condition": {
   "isUrlFilterCaseSensitive": false,
   "urlFilter": "||fireworkapi.com/embed/v2/publisher_clients/"
  },
  "id": 19
 },
 {
  "action": {
   "type": "block"
  },
  "condition": {
   "initiatorDomains": [
    "as-web.jp",
    "blogto.com",
    "boldsky.com",
    "final-inc.com",
    "fudge.jp",
    "gendai.media",
    "getnews.jp",
    "gizmodo.jp",
    "jj-jj.net",
    "lp.p.pia.jp",
    "mensnonno.jp",
    "olive-hitomawashi.com",
    "roomie.jp"
   ],
   "requestDomains": [
    "fireworkapi1.com"
   ]
  },
  "id": 20
 },
 {
  "action": {
   "type": "block"
  },
  "condition": {
   "isUrlFilterCaseSensitive": false,
   "urlFilter": "||images.news18.com/static_news18/pix/ibnhome/news18/jio_saavn_"
  },
  "id": 21
 },
 {
  "action": {
   "type": "block"
  },
  "condition": {
   "isUrlFilterCaseSensitive": false,
   "urlFilter": "||belaruspartisan.by/images/sherem.png"
  },
  "id": 22
 },
 {
  "action": {
   "type": "block"
  },
  "condition": {
   "isUrlFilterCaseSensitive": false,
   "urlFilter": "||belaruspartisan.by/images/svaboda3.jpg"
  },
  "id": 23
 },
 {
  "action": {
   "type": "block"
  },
  "condition": {
   "initiatorDomains": [
    "devilpage.pl"
   ],
   "isUrlFilterCaseSensitive": false,
   "urlFilter": "||meczyki.pl/js/news-widget.js"
  },
  "id": 24
 },
 {
  "action": {
   "type": "block"
  },
  "condition": {
   "isUrlFilterCaseSensitive": false,
   "urlFilter": "||azby.fmworld.net/usage/images/banner_enquete.jpg"
  },
  "id": 25
 },
 {
  "action": {
   "type": "block"
  },
  "condition": {
   "isUrlFilterCaseSensitive": false,
   "urlFilter": "||mwcm.nytimes.com/capi/metered_assets/?plat=*&areas=welcomead"
  },
  "id": 26
 },
 {
  "action": {
   "type": "block"
  },
  "condition": {
   "isUrlFilterCaseSensitive": false,
   "urlFilter": "||newzit.com/static/videoplayer/*/scripts/mol-fe-videoplayer.min.js"
  },
  "id": 27
 },
 {
  "action": {
   "type": "block"
  },
  "condition": {
   "initiatorDomains": [
    "wizaz.pl"
   ],
   "isUrlFilterCaseSensitive": false,
   "urlFilter": "||edicloud.edipresse.pl/random/wizaz/video.js"
  },
  "id": 28
 },
 {
  "action": {
   "type": "block"
  },
  "condition": {
   "isUrlFilterCaseSensitive": false,
   "urlFilter": "||syouron.com/neko_tora.js"
  },
  "id": 29
 },
 {
  "action": {
   "type": "block"
  },
  "condition": {
   "isUrlFilterCaseSensitive": false,
   "urlFilter": "||static3.car.ru/img/ya.gif"
  },
  "id": 30
 },
 {
  "action": {
   "type": "block"
  },
  "condition": {
   "isUrlFilterCaseSensitive": false,
   "urlFilter": "||darkcrew.org/forum/service_worker.js"
  },
  "id": 31
 },
 {
  "action": {
   "type": "block"
  },
  "condition": {
   "isUrlFilterCaseSensitive": false,
   "urlFilter": "||brief.pl/wp-content/uploads/2021/06/baner-www-750x100px.png"
  },
  "id": 32
 },
 {
  "action": {
   "type": "block"
  },
  "condition": {
   "initiatorDomains": [
    "ytplaylist-len.herokuapp.com"
   ],
   "isUrlFilterCaseSensitive": false,
   "urlFilter": "||fiverr.com/embed_gigs?id"
  },
  "id": 33
 },
 {
  "action": {
   "type": "block"
  },
  "condition": {
   "isUrlFilterCaseSensitive": false,
   "urlFilter": "||nicoad.nicovideo.jp/v1/contents/video/*/pickup_supporters"
  },
  "id": 34
 },
 {
  "action": {
   "type": "block"
  },
  "condition": {
   "isUrlFilterCaseSensitive": false,
   "urlFilter": "||sputnik.by/files/tgparser/sputnik_by.html"
  },
  "id": 35
 },
 {
  "action": {
   "type": "block"
  },
  "condition": {
   "initiatorDomains": [
    "auctions.yahoo.co.jp"
   ],
   "isUrlFilterCaseSensitive": false,
   "urlFilter": "||s.yimg.jp/images/auct/salespromotion/2021_2/0216_stop/376_376.png"
  },
  "id": 36
 },
 {
  "action": {
   "type": "block"
  },
  "condition": {
   "isUrlFilterCaseSensitive": false,
   "urlFilter": "||diets.ru/i/rb/start_to_lose_weight_*.jpg"
  },
  "id": 38
 },
 {
  "action": {
   "type": "block"
  },
  "condition": {
   "isUrlFilterCaseSensitive": false,
   "urlFilter": "||mir24.tv/uploaded/resources/telegramm_1200x90.jpg"
  },
  "id": 39
 },
 {
  "action": {
   "type": "block"
  },
  "condition": {
   "initiatorDomains": [
    "chron.com",
    "dailyrecordnews.com"
   ],
   "requestDomains": [
    "embed.sendtonews.com"
   ]
  },
  "id": 40
 },
 {
  "action": {
   "type": "block"
  },
  "condition": {
   "isUrlFilterCaseSensitive": false,
   "urlFilter": "||haber7.net/sondakika/ramazan-widget"
  },
  "id": 41
 },
 {
  "action": {
   "type": "block"
  },
  "condition": {
   "initiatorDomains": [
    "gunes.com",
    "star.com.tr"
   ],
   "isUrlFilterCaseSensitive": false,
   "urlFilter": "||turkmedya.com.tr/ramazan?"
  },
  "id": 42
 },
 {
  "action": {
   "type": "block"
  },
  "condition": {
   "isUrlFilterCaseSensitive": false,
   "urlFilter": "||drozdogan.com/images/koronavirus_banner_*.gif"
  },
  "id": 43
 },
 {
  "action": {
   "type": "block"
  },
  "condition": {
   "initiatorDomains": [
    "digitalcameraworld.com",
    "gardeningetc.com",
    "livingetc.com",
    "loudersound.com",
    "musicradar.com",
    "techradar.com",
    "tomshardware.com",
    "www-techradar-com.cdn.ampproject.org"
   ],
   "requestDomains": [
    "content.jwplatform.com"
   ]
  },
  "id": 44
 },
 {
  "action": {
   "type": "block"
  },
  "condition": {
   "initiatorDomains": [
    "coop-land.ru",
    "om1.ru",
    "pravda.ru",
    "teleprogramma.pro"
   ],
   "isUrlFilterCaseSensitive": false,
   "urlFilter": "||cdn.viqeo.tv/js/vq_starter.js"
  },
  "id": 45
 },
 {
  "action": {
   "type": "block"
  },
  "condition": {
   "initiatorDomains": [
    "arca.live"
   ],
   "isUrlFilterCaseSensitive": false,
   "urlFilter": "||search.namu.wiki/api/ranking"
  },
  "id": 46
 },
 {
  "action": {
   "type": "block"
  },
  "condition": {
   "initiatorDomains": [
    "arca.live"
   ],
   "isUrlFilterCaseSensitive": false,
   "urlFilter": "||arca.live/api/bywiki.json"
  },
  "id": 47
 },
 {
  "action": {
   "type": "block"
  },
  "condition": {
   "initiatorDomains": [
    "digiday.com",
    "seekingalpha.com"
   ],
   "isUrlFilterCaseSensitive": false,
   "urlFilter": "||cdn.tinypass.com/api/tinypass.min.js"
  },
  "id": 48
 },
 {
  "action": {
   "type": "block"
  },
  "condition": {
   "initiatorDomains": [
    "metrolyrics.com"
   ],
   "requestDomains": [
    "vidtech.cbsinteractive.com"
   ]
  },
  "id": 49
 },
 {
  "action": {
   "type": "block"
  },
  "condition": {
   "initiatorDomains": [
    "ndtv.com"
   ],
   "isUrlFilterCaseSensitive": false,
   "urlFilter": "||jiosaavn.com/embed/"
  },
  "id": 50
 },
 {
  "action": {
   "type": "block"
  },
  "condition": {
   "isUrlFilterCaseSensitive": false,
   "urlFilter": "||psxplanet.ru/forum/clientscript/ny2021/scripts/game_v4.js"
  },
  "id": 51
 },
 {
  "action": {
   "type": "block"
  },
  "condition": {
   "isUrlFilterCaseSensitive": false,
   "urlFilter": "||silvergames.com/div/own.php?"
  },
  "id": 52
 },
 {
  "action": {
   "type": "block"
  },
  "condition": {
   "isUrlFilterCaseSensitive": false,
   "urlFilter": "||codestudyblog.com/ref/myscripts.js"
  },
  "id": 53
 },
 {
  "action": {
   "type": "block"
  },
  "condition": {
   "isUrlFilterCaseSensitive": false,
   "urlFilter": "||ilenta.com/images/banner/"
  },
  "id": 54
 },
 {
  "action": {
   "type": "block"
  },
  "condition": {
   "isUrlFilterCaseSensitive": false,
   "urlFilter": "||expclan.org/styles/banners/skupka.gif"
  },
  "id": 55
 },
 {
  "action": {
   "type": "block"
  },
  "condition": {
   "isUrlFilterCaseSensitive": false,
   "urlFilter": "||expclan.org/styles/banners/des.gif"
  },
  "id": 56
 },
 {
  "action": {
   "type": "block"
  },
  "condition": {
   "isUrlFilterCaseSensitive": false,
   "urlFilter": "||expclan.org/styles/banners/iphone.gif"
  },
  "id": 57
 },
 {
  "action": {
   "type": "block"
  },
  "condition": {
   "initiatorDomains": [
    "adblock-tester.com"
   ],
   "isUrlFilterCaseSensitive": false,
   "urlFilter": "bugsnag.com^"
  },
  "id": 58
 },
 {
  "action": {
   "type": "block"
  },
  "condition": {
   "initiatorDomains": [
    "adblock-tester.com"
   ],
   "isUrlFilterCaseSensitive": false,
   "urlFilter": "/bugsnag.min.js"
  },
  "id": 59
 },
 {
  "action": {
   "type": "block"
  },
  "condition": {
   "initiatorDomains": [
    "adblock-tester.com"
   ],
   "requestDomains": [
    "sentry-cdn.com"
   ]
  },
  "id": 60
 },
 {
  "action": {
   "type": "block"
  },
  "condition": {
   "initiatorDomains": [
    "foreignpolicy.com",
    "muscleandfitness.com"
   ],
   "isUrlFilterCaseSensitive": false,
   "urlFilter": "||jsrdn.com/s/cs.js"
  },
  "id": 61
 },
 {
  "action": {
   "type": "block"
  },
  "condition": {
   "isUrlFilterCaseSensitive": false,
   "urlFilter": "||business-standard.com/covid-*.php"
  },
  "id": 62
 },
 {
  "action": {
   "type": "block"
  },
  "condition": {
   "initiatorDomains": [
    "mail.ru"
   ],
   "isUrlFilterCaseSensitive": false,
   "urlFilter": "||cdn.viqeo.tv/embed?playerid="
  },
  "id": 63
 },
 {
  "action": {
   "type": "block"
  },
  "condition": {
   "initiatorDomains": [
    "mail.ru"
   ],
   "isUrlFilterCaseSensitive": false,
   "urlFilter": "||viqeo.tv/js/vq_starter.js"
  },
  "id": 64
 },
 {
  "action": {
   "type": "block"
  },
  "condition": {
   "isUrlFilterCaseSensitive": false,
   "urlFilter": "||download.skype.com/share/skypebuttons/js/skypecheck.js"
  },
  "id": 65
 },
 {
  "action": {
   "type": "block"
  },
  "condition": {
   "initiatorDomains": [
    "kompasiana.com"
   ],
   "requestDomains": [
    "api.dmcdn.net"
   ]
  },
  "id": 66
 },
 {
  "action": {
   "type": "block"
  },
  "condition": {
   "isUrlFilterCaseSensitive": false,
   "urlFilter": "||dostfilms.*/uploads/readmore.min.js"
  },
  "id": 67
 },
 {
  "action": {
   "type": "block"
  },
  "condition": {
   "isUrlFilterCaseSensitive": false,
   "urlFilter": "||animepertutti.org/wp-content/uploads/*/telegramjoin.jpg"
  },
  "id": 68
 },
 {
  "action": {
   "type": "block"
  },
  "condition": {
   "isUrlFilterCaseSensitive": false,
   "urlFilter": "||cdn.zmescience.com/wp-content/themes/jnews/assets/dist/image/preloader.gif"
  },
  "id": 69
 },
 {
  "action": {
   "type": "block"
  },
  "condition": {
   "initiatorDomains": [
    "minecraftseedhq.com"
   ],
   "requestDomains": [
    "adncdnend.azureedge.net"
   ]
  },
  "id": 70
 },
 {
  "action": {
   "type": "block"
  },
  "condition": {
   "isUrlFilterCaseSensitive": false,
   "urlFilter": "||r.dlandroid.com/wp-content/uploads/*/telegram.png"
  },
  "id": 71
 },
 {
  "action": {
   "type": "block"
  },
  "condition": {
   "initiatorDomains": [
    "mobilesyrup.com",
    "softpedia.com",
    "thewindowsclub.com",
    "warcraftlogs.com"
   ],
   "requestDomains": [
    "player.anyclip.com"
   ]
  },
  "id": 72
 },
 {
  "action": {
   "type": "block"
  },
  "condition": {
   "isUrlFilterCaseSensitive": false,
   "urlFilter": "||business.ru/files/widgets/vkwidget"
  },
  "id": 73
 },
 {
  "action": {
   "type": "block"
  },
  "condition": {
   "isUrlFilterCaseSensitive": false,
   "urlFilter": "||golos.ua/assets/img/telegram.gif"
  },
  "id": 74
 },
 {
  "action": {
   "type": "block"
  },
  "condition": {
   "isUrlFilterCaseSensitive": false,
   "urlFilter": "||juraganfilm.site/ik/info.jpg"
  },
  "id": 75
 },
 {
  "action": {
   "type": "block"
  },
  "condition": {
   "initiatorDomains": [
    "forum.antichat.ru"
   ],
   "isUrlFilterCaseSensitive": false,
   "urlFilter": "||cdnjs.cloudflare.com/ajax/libs/snowstorm/*/snowstorm-min.js"
  },
  "id": 76
 },
 {
  "action": {
   "type": "block"
  },
  "condition": {
   "isUrlFilterCaseSensitive": false,
   "urlFilter": "||i2.kidstaff.com.ua/info-1-5.js"
  },
  "id": 77
 },
 {
  "action": {
   "type": "block"
  },
  "condition": {
   "isUrlFilterCaseSensitive": false,
   "urlFilter": "||nu6i-bg-net.com/snow3.gif"
  },
  "id": 78
 },
 {
  "action": {
   "type": "block"
  },
  "condition": {
   "initiatorDomains": [
    "fb.ru"
   ],
   "isUrlFilterCaseSensitive": false,
   "urlFilter": "||fb.ru/front/build/comments.js"
  },
  "id": 79
 },
 {
  "action": {
   "type": "block"
  },
  "condition": {
   "isUrlFilterCaseSensitive": false,
   "urlFilter": "||avjd014.com/statics/layer_mobile/layer.js"
  },
  "id": 80
 },
 {
  "action": {
   "type": "block"
  },
  "condition": {
   "isUrlFilterCaseSensitive": false,
   "urlFilter": "||obozrevatel.com/player/*.htm?autoplay=true&mute=true"
  },
  "id": 81
 },
 {
  "action": {
   "type": "block"
  },
  "condition": {
   "initiatorDomains": [
    "ferra.ru"
   ],
   "requestDomains": [
    "ferra.media.eagleplatform.com"
   ]
  },
  "id": 82
 },
 {
  "action": {
   "type": "block"
  },
  "condition": {
   "isUrlFilterCaseSensitive": false,
   "urlFilter": "||imtranslator.net/images/donate.gif"
  },
  "id": 83
 },
 {
  "action": {
   "type": "block"
  },
  "condition": {
   "isUrlFilterCaseSensitive": false,
   "urlFilter": "||suedkurier.de/_fws/jsoninplainout/script/shift-2017_private-mode.js"
  },
  "id": 84
 },
 {
  "action": {
   "type": "block"
  },
  "condition": {
   "isUrlFilterCaseSensitive": false,
   "urlFilter": "||img.appledaily.com.tw/pay/js/minisite/paywall.js"
  },
  "id": 85
 },
 {
  "action": {
   "type": "block"
  },
  "condition": {
   "isUrlFilterCaseSensitive": false,
   "urlFilter": "||img.appledaily.com.tw/pay/js/paywall.*.js"
  },
  "id": 86
 },
 {
  "action": {
   "type": "block"
  },
  "condition": {
   "isUrlFilterCaseSensitive": false,
   "urlFilter": "||cdn.britannica.com/mendel/curiosity/eb-mendel-curiosity-300x90c.png"
  },
  "id": 87
 },
 {
  "action": {
   "type": "block"
  },
  "condition": {
   "isUrlFilterCaseSensitive": false,
   "urlFilter": "/wp-content/plugins/snow-3d/"
  },
  "id": 88
 },
 {
  "action": {
   "type": "block"
  },
  "condition": {
   "isUrlFilterCaseSensitive": false,
   "urlFilter": "||montpellierhandball.com/scripts/fancybox/minified__fancybox.js"
  },
  "id": 89
 },
 {
  "action": {
   "type": "block"
  },
  "condition": {
   "initiatorDomains": [
    "filehippo.com",
    "gtplanet.net",
    "readlightnovel.org",
    "slant.co",
    "tasteofcinema.com"
   ],
   "isUrlFilterCaseSensitive": false,
   "urlFilter": "||cdn.playwire.com/*/embed.js"
  },
  "id": 90
 },
 {
  "action": {
   "type": "block"
  },
  "condition": {
   "isUrlFilterCaseSensitive": false,
   "urlFilter": "||nnmstatic.win/forum/new_year/"
  },
  "id": 91
 },
 {
  "action": {
   "type": "block"
  },
  "condition": {
   "initiatorDomains": [
    "healthline.com"
   ],
   "isUrlFilterCaseSensitive": false,
   "urlFilter": "||cloudfront.net/_next/chunks/eea-*.js"
  },
  "id": 92
 },
 {
  "action": {
   "type": "block"
  },
  "condition": {
   "isUrlFilterCaseSensitive": false,
   "urlFilter": "||mshop.rediff.com/trending-now/widget"
  },
  "id": 93
 },
 {
  "action": {
   "type": "block"
  },
  "condition": {
   "isUrlFilterCaseSensitive": false,
   "urlFilter": "||recoprofile.rediff.com/news_recommendation/news_template.html"
  },
  "id": 94
 },
 {
  "action": {
   "type": "block"
  },
  "condition": {
   "isUrlFilterCaseSensitive": false,
   "urlFilter": "||shopping.rediff.com/trending-now/widget"
  },
  "id": 95
 },
 {
  "action": {
   "type": "block"
  },
  "condition": {
   "initiatorDomains": [
    "gamerevolution.com",
    "pwinsider.com"
   ],
   "requestDomains": [
    "wibbitz.com"
   ]
  },
  "id": 96
 },
 {
  "action": {
   "type": "block"
  },
  "condition": {
   "initiatorDomains": [
    "gamezone.com"
   ],
   "isUrlFilterCaseSensitive": false,
   "urlFilter": "||cdn-*.playwire.com/*/embed.js"
  },
  "id": 97
 },
 {
  "action": {
   "type": "block"
  },
  "condition": {
   "initiatorDomains": [
    "appunwrapper.com"
   ],
   "isUrlFilterCaseSensitive": false,
   "urlFilter": "||mcd-sdk.playbuzz.com/embed^"
  },
  "id": 98
 },
 {
  "action": {
   "type": "block"
  },
  "condition": {
   "isUrlFilterCaseSensitive": false,
   "urlFilter": "||taraz-gov.kz/wp-content/uploads/2018/07/%d0%bf%d1%80%d0%b5%d0%bc%d0%b8%d1%8f-%d0%b4%d0%bb%d1%8f-%d0%bd%d0%bf%d0%be.mp4"
  },
  "id": 99
 },
 {
  "action": {
   "type": "block"
  },
  "condition": {
   "isUrlFilterCaseSensitive": false,
   "urlFilter": "||wp.com/gizchina.it/wp-content/uploads/*/banner-gizdeals.png"
  },
  "id": 100
 },
 {
  "action": {
   "type": "block"
  },
  "condition": {
   "isUrlFilterCaseSensitive": false,
   "urlFilter": "||trecetv.es/images/banners/trece.gif"
  },
  "id": 101
 },
 {
  "action": {
   "type": "block"
  },
  "condition": {
   "isUrlFilterCaseSensitive": false,
   "urlFilter": "||javhiv.net/statics/defaultv2/js/debug1.js"
  },
  "id": 102
 },
 {
  "action": {
   "type": "block"
  },
  "condition": {
   "initiatorDomains": [
    "promodj.com"
   ],
   "requestDomains": [
    "pdj.cc"
   ]
  },
  "id": 103
 },
 {
  "action": {
   "type": "block"
  },
  "condition": {
   "initiatorDomains": [
    "gmanetwork.com"
   ],
   "requestDomains": [
    "widget.crowdynews.com"
   ]
  },
  "id": 104
 },
 {
  "action": {
   "type": "block"
  },
  "condition": {
   "isUrlFilterCaseSensitive": false,
   "urlFilter": "||d3otfkap419ijo.cloudfront.net/*/lib-components-newsletter-modal.js"
  },
  "id": 105
 },
 {
  "action": {
   "type": "block"
  },
  "condition": {
   "isUrlFilterCaseSensitive": false,
   "urlFilter": "||designmodo.com/wp-content/themes/designmodov2.1/js/banner-slides.js"
  },
  "id": 106
 },
 {
  "action": {
   "type": "block"
  },
  "condition": {
   "initiatorDomains": [
    "megatrack.top"
   ],
   "requestDomains": [
    "radioroks.ua"
   ]
  },
  "id": 107
 },
 {
  "action": {
   "type": "block"
  },
  "condition": {
   "initiatorDomains": [
    "alrincon.com"
   ],
   "requestDomains": [
    "srviral.com"
   ]
  },
  "id": 108
 },
 {
  "action": {
   "type": "block"
  },
  "condition": {
   "isUrlFilterCaseSensitive": false,
   "urlFilter": "||macerkopf.de/wp-content/plugins/dreamgrow-scroll-triggered-box/js/script.js"
  },
  "id": 109
 },
 {
  "action": {
   "type": "block"
  },
  "condition": {
   "initiatorDomains": [
    "filehippo.com"
   ],
   "isUrlFilterCaseSensitive": false,
   "urlFilter": "||view.vzaar.com/*/player"
  },
  "id": 110
 },
 {
  "action": {
   "type": "block"
  },
  "condition": {
   "isUrlFilterCaseSensitive": false,
   "urlFilter": "||avinfo.co/i/chromavinfo.jpg"
  },
  "id": 111
 },
 {
  "action": {
   "type": "block"
  },
  "condition": {
   "isUrlFilterCaseSensitive": false,
   "urlFilter": "||lostfilm.info/css*/b/"
  },
  "id": 112
 },
 {
  "action": {
   "type": "block"
  },
  "condition": {
   "isUrlFilterCaseSensitive": false,
   "urlFilter": "||baibako.tv/bg/"
  },
  "id": 113
 },
 {
  "action": {
   "type": "block"
  },
  "condition": {
   "isUrlFilterCaseSensitive": false,
   "urlFilter": "||afisha.ru/dzen/yadzen.js"
  },
  "id": 114
 },
 {
  "action": {
   "type": "block"
  },
  "condition": {
   "isUrlFilterCaseSensitive": false,
   "urlFilter": "||afisha.ru/js/banner_glitch/bannerglitch.js"
  },
  "id": 115
 },
 {
  "action": {
   "type": "block"
  },
  "condition": {
   "isUrlFilterCaseSensitive": false,
   "urlFilter": "||afisha.ru/noindex/isshowlive.js"
  },
  "id": 116
 },
 {
  "action": {
   "type": "block"
  },
  "condition": {
   "initiatorDomains": [
    "systemrequirementslab.com"
   ],
   "requestDomains": [
    "streamspread.com"
   ]
  },
  "id": 117
 },
 {
  "action": {
   "type": "block"
  },
  "condition": {
   "initiatorDomains": [
    "spec-komp.com"
   ],
   "requestDomains": [
    "mir-avto-moto.ru"
   ]
  },
  "id": 118
 },
 {
  "action": {
   "type": "block"
  },
  "condition": {
   "isUrlFilterCaseSensitive": false,
   "urlFilter": "||epochtimes.de/assets/themes/eptde16/popup/fb-like-epochtimes.de.html"
  },
  "id": 119
 },
 {
  "action": {
   "type": "block"
  },
  "condition": {
   "isUrlFilterCaseSensitive": false,
   "urlFilter": "||mts.ctc.ru/?nowrap="
  },
  "id": 120
 },
 {
  "action": {
   "type": "block"
  },
  "condition": {
   "isUrlFilterCaseSensitive": false,
   "urlFilter": "||am.cdnmob.org/_/img/youtube-bg-filler.png"
  },
  "id": 121
 },
 {
  "action": {
   "type": "block"
  },
  "condition": {
   "initiatorDomains": [
    "zuketapaajabhisa.blogspot.com",
    "zuketapaajabhisa.blogspot.com.tr",
    "zuketapaajabhisa.blogspot.ru"
   ],
   "requestDomains": [
    "kiwi6.com",
    "whoaremyfriends.net"
   ]
  },
  "id": 122
 },
 {
  "action": {
   "type": "block"
  },
  "condition": {
   "initiatorDomains": [
    "kino-dom.tv"
   ],
   "isUrlFilterCaseSensitive": false,
   "urlFilter": "g-tv.ru/videomore_gtv.php?video_id=*&auto_play=1"
  },
  "id": 123
 },
 {
  "action": {
   "type": "block"
  },
  "condition": {
   "isUrlFilterCaseSensitive": false,
   "urlFilter": "||sports.ru/censusbarca/*.js"
  },
  "id": 124
 },
 {
  "action": {
   "type": "block"
  },
  "condition": {
   "isUrlFilterCaseSensitive": false,
   "urlFilter": "||vesti.ru/4sport.html"
  },
  "id": 125
 },
 {
  "action": {
   "type": "block"
  },
  "condition": {
   "isUrlFilterCaseSensitive": false,
   "urlFilter": "||pogoda.mail.ru/*/ct-push-notifications/ct-push-notifications.xml.js"
  },
  "id": 126
 },
 {
  "action": {
   "type": "block"
  },
  "condition": {
   "isUrlFilterCaseSensitive": false,
   "urlFilter": "/wp-content/plugins/sociallocker-"
  },
  "id": 127
 },
 {
  "action": {
   "type": "block"
  },
  "condition": {
   "isUrlFilterCaseSensitive": false,
   "urlFilter": "||trimay.ru/?"
  },
  "id": 128
 },
 {
  "action": {
   "type": "block"
  },
  "condition": {
   "isUrlFilterCaseSensitive": false,
   "urlFilter": "||i.dailymail.co.uk/i/pix/2017/08/02/636x90_facebook_ad_sport.png"
  },
  "id": 129
 },
 {
  "action": {
   "type": "block"
  },
  "condition": {
   "isUrlFilterCaseSensitive": false,
   "urlFilter": "||yargiyayinevi.com/data/editorfiles/banners/eylul21/slider-alt"
  },
  "id": 130
 },
 {
  "action": {
   "type": "block"
  },
  "condition": {
   "isUrlFilterCaseSensitive": false,
   "urlFilter": "||wionews.com/live-tv/embed?autoplay=1&mute=1"
  },
  "id": 131
 },
 {
  "action": {
   "type": "block"
  },
  "condition": {
   "isUrlFilterCaseSensitive": false,
   "urlFilter": "||zeenews.india.com/live-tv/embed#mute"
  },
  "id": 132
 },
 {
  "action": {
   "type": "block"
  },
  "condition": {
   "isUrlFilterCaseSensitive": false,
   "urlFilter": "||zn.ua/user/img/special/zn-youtube.png"
  },
  "id": 133
 },
 {
  "action": {
   "type": "block"
  },
  "condition": {
   "initiatorDomains": [
    "robinlinus.com"
   ],
   "isUrlFilterCaseSensitive": false,
   "urlFilter": "||robinlinus.github.io/share-the-love/"
  },
  "id": 134
 },
 {
  "action": {
   "type": "block"
  },
  "condition": {
   "isUrlFilterCaseSensitive": false,
   "urlFilter": "||nallihanhaber.com/wp-content/uploads/2020/09/nallihansondakika-min.gif"
  },
  "id": 135
 },
 {
  "action": {
   "type": "block"
  },
  "condition": {
   "isUrlFilterCaseSensitive": false,
   "urlFilter": "||faktxeber.com/images/telegram-logo.gif"
  },
  "id": 136
 },
 {
  "action": {
   "type": "block"
  },
  "condition": {
   "isUrlFilterCaseSensitive": false,
   "urlFilter": "||i.hizliresim.com/4r4kbg.gif"
  },
  "id": 137
 },
 {
  "action": {
   "type": "block"
  },
  "condition": {
   "isUrlFilterCaseSensitive": false,
   "urlFilter": "||kfund-media.com/wp-content/uploads/2018/01/580h400_banner_telegram-min.png"
  },
  "id": 138
 },
 {
  "action": {
   "type": "block"
  },
  "condition": {
   "isUrlFilterCaseSensitive": false,
   "urlFilter": "||mayu-pravo.com/share/slider/"
  },
  "id": 139
 },
 {
  "action": {
   "type": "block"
  },
  "condition": {
   "isUrlFilterCaseSensitive": false,
   "urlFilter": "||u.today/img/satoshi-twitter.png"
  },
  "id": 140
 },
 {
  "action": {
   "type": "block"
  },
  "condition": {
   "isUrlFilterCaseSensitive": false,
   "urlFilter": "||static.wattpad.com/image/*_house-ad_premium_"
  },
  "id": 141
 },
 {
  "action": {
   "type": "block"
  },
  "condition": {
   "isUrlFilterCaseSensitive": false,
   "urlFilter": "||media.geeksforgeeks.org/wp-content/post-ads-banner/"
  },
  "id": 142
 },
 {
  "action": {
   "type": "block"
  },
  "condition": {
   "isUrlFilterCaseSensitive": false,
   "urlFilter": "||img5.lalafo.com/i/banners"
  },
  "id": 143
 },
 {
  "action": {
   "type": "block"
  },
  "condition": {
   "isUrlFilterCaseSensitive": false,
   "urlFilter": "||image.mediapen.com/popup/"
  },
  "id": 144
 },
 {
  "action": {
   "type": "block"
  },
  "condition": {
   "isUrlFilterCaseSensitive": false,
   "urlFilter": "||image.mediapen.com/*/series_"
  },
  "id": 145
 },
 {
  "action": {
   "type": "block"
  },
  "condition": {
   "isUrlFilterCaseSensitive": false,
   "urlFilter": "||daidata.goraggio.com/ad_image"
  },
  "id": 146
 },
 {
  "action": {
   "type": "block"
  },
  "condition": {
   "isUrlFilterCaseSensitive": false,
   "urlFilter": "||cuonet.com/data/file/plan/thumb-"
  },
  "id": 147
 },
 {
  "action": {
   "type": "block"
  },
  "condition": {
   "isUrlFilterCaseSensitive": false,
   "urlFilter": "||sports.smt.docomo.ne.jp/img/bnr/bnr_dgame.jpg"
  },
  "id": 148
 },
 {
  "action": {
   "type": "block"
  },
  "condition": {
   "isUrlFilterCaseSensitive": false,
   "urlFilter": "||rakuten.co.jp/com/advance/ichiba/rc-gp-sp_banner_scv/sp/condition.js"
  },
  "id": 149
 },
 {
  "action": {
   "type": "block"
  },
  "condition": {
   "isUrlFilterCaseSensitive": false,
   "urlFilter": "||hbzb111.com/api/advert/"
  },
  "id": 150
 },
 {
  "action": {
   "type": "block"
  },
  "condition": {
   "isUrlFilterCaseSensitive": false,
   "urlFilter": "||mj-king.net/img/banneradvertisement/"
  },
  "id": 151
 },
 {
  "action": {
   "type": "block"
  },
  "condition": {
   "isUrlFilterCaseSensitive": false,
   "urlFilter": "||mj-king.net/img/bnr/bnr_*_300x200.gif"
  },
  "id": 152
 },
 {
  "action": {
   "type": "block"
  },
  "condition": {
   "isUrlFilterCaseSensitive": false,
   "urlFilter": "||mjk-r.net/common/sample/full01/img/bnr_"
  },
  "id": 153
 },
 {
  "action": {
   "type": "block"
  },
  "condition": {
   "isUrlFilterCaseSensitive": false,
   "urlFilter": "||mjk-r.net/common/sample/full01/img/bg_special_"
  },
  "id": 154
 },
 {
  "action": {
   "type": "block"
  },
  "condition": {
   "isUrlFilterCaseSensitive": false,
   "urlFilter": "||mjk-r.net/common/sample/smart01/img/bnr_"
  },
  "id": 155
 },
 {
  "action": {
   "type": "block"
  },
  "condition": {
   "isUrlFilterCaseSensitive": false,
   "urlFilter": "||japan-indepth.jp/wp-content/uploads/2019/02/jid_member.png"
  },
  "id": 156
 },
 {
  "action": {
   "type": "block"
  },
  "condition": {
   "isUrlFilterCaseSensitive": false,
   "urlFilter": "||gamewith.jp/ad/"
  },
  "id": 157
 },
 {
  "action": {
   "type": "block"
  },
  "condition": {
   "isUrlFilterCaseSensitive": false,
   "urlFilter": "||yanmaga.jp/api/customers/viewer_banners/"
  },
  "id": 158
 },
 {
  "action": {
   "type": "block"
  },
  "condition": {
   "isUrlFilterCaseSensitive": false,
   "urlFilter": "||news-postseven.com/uploads/*/banner_300x300.png"
  },
  "id": 159
 },
 {
  "action": {
   "type": "block"
  },
  "condition": {
   "isUrlFilterCaseSensitive": false,
   "urlFilter": "||oricon.co.jp/sp/img/_parts/manual/yomurun/"
  },
  "id": 160
 },
 {
  "action": {
   "type": "block"
  },
  "condition": {
   "isUrlFilterCaseSensitive": false,
   "urlFilter": "||insurance.rakuten.co.jp/car/img/banner/mno_"
  },
  "id": 161
 },
 {
  "action": {
   "type": "block"
  },
  "condition": {
   "isUrlFilterCaseSensitive": false,
   "urlFilter": "||lolipop.jp/img/bnr/bnr_lolipop_ad_"
  },
  "id": 162
 },
 {
  "action": {
   "type": "block"
  },
  "condition": {
   "isUrlFilterCaseSensitive": false,
   "urlFilter": "||nijiyome.jp/css/contents_pc/topjack.css"
  },
  "id": 163
 },
 {
  "action": {
   "type": "block"
  },
  "condition": {
   "isUrlFilterCaseSensitive": false,
   "urlFilter": "||kidona.rakuten.co.jp/imgt/brand/banner/*_mno_"
  },
  "id": 164
 },
 {
  "action": {
   "type": "block"
  },
  "condition": {
   "isUrlFilterCaseSensitive": false,
   "urlFilter": "||takarakuji.rakuten.co.jp/image/banner/other/external/r_mobile_"
  },
  "id": 165
 },
 {
  "action": {
   "type": "block"
  },
  "condition": {
   "isUrlFilterCaseSensitive": false,
   "urlFilter": "||takarakuji.rakuten.co.jp/pc/champ/loto/img/external/r_mobile_"
  },
  "id": 166
 },
 {
  "action": {
   "type": "block"
  },
  "condition": {
   "isUrlFilterCaseSensitive": false,
   "urlFilter": "||rakuten-sonpo.co.jp/portals/0/images/common/group/bnr_pr_life_partner_"
  },
  "id": 167
 },
 {
  "action": {
   "type": "block"
  },
  "condition": {
   "initiatorDomains": [
    "weather.yahoo.co.jp"
   ],
   "isUrlFilterCaseSensitive": false,
   "urlFilter": "||yimg.jp/images/yjtop-common/extension/promo/*/new/banner/weather_banner.png"
  },
  "id": 168
 },
 {
  "action": {
   "type": "block"
  },
  "condition": {
   "isUrlFilterCaseSensitive": false,
   "urlFilter": "||pharma.mynavi.jp/img/areabnr/bnr_top_"
  },
  "id": 169
 },
 {
  "action": {
   "type": "block"
  },
  "condition": {
   "isUrlFilterCaseSensitive": false,
   "urlFilter": "||pharma.mynavi.jp/sp/img/bg_pr.gif"
  },
  "id": 170
 },
 {
  "action": {
   "type": "block"
  },
  "condition": {
   "isUrlFilterCaseSensitive": false,
   "urlFilter": "||fc2.com/video/img/banner/"
  },
  "id": 171
 },
 {
  "action": {
   "type": "block"
  },
  "condition": {
   "isUrlFilterCaseSensitive": false,
   "urlFilter": "||sponichi.co.jp/gamble/auto/images/charilotobanner005_"
  },
  "id": 172
 },
 {
  "action": {
   "type": "block"
  },
  "condition": {
   "isUrlFilterCaseSensitive": false,
   "urlFilter": "||xgoo.jp/top2018/conductor_banner"
  },
  "id": 173
 },
 {
  "action": {
   "type": "block"
  },
  "condition": {
   "isUrlFilterCaseSensitive": false,
   "urlFilter": "||sourcenext.com/~/media/images/pr_sc/"
  },
  "id": 174
 },
 {
  "action": {
   "type": "block"
  },
  "condition": {
   "isUrlFilterCaseSensitive": false,
   "urlFilter": "||rakuten-bank.co.jp/shared/images/top/pr/"
  },
  "id": 175
 },
 {
  "action": {
   "type": "block"
  },
  "condition": {
   "isUrlFilterCaseSensitive": false,
   "urlFilter": "||octoparse.com/media/*/web-banner-1.jpeg"
  },
  "id": 176
 },
 {
  "action": {
   "type": "block"
  },
  "condition": {
   "isUrlFilterCaseSensitive": false,
   "urlFilter": "||p.dmm.co.jp/p/bnr/dc/topics/large/book_"
  },
  "id": 177
 },
 {
  "action": {
   "type": "block"
  },
  "condition": {
   "initiatorDomains": [
    "oshiete.goo.ne.jp"
   ],
   "isUrlFilterCaseSensitive": false,
   "urlFilter": "||xgoo.jp/images/common/banner_*_320_150"
  },
  "id": 178
 },
 {
  "action": {
   "type": "block"
  },
  "condition": {
   "initiatorDomains": [
    "oshiete.goo.ne.jp"
   ],
   "isUrlFilterCaseSensitive": false,
   "urlFilter": "||xgoo.jp/images/common/banner_*_630_110"
  },
  "id": 179
 },
 {
  "action": {
   "type": "block"
  },
  "condition": {
   "isUrlFilterCaseSensitive": false,
   "urlFilter": "||myjcom.jp/special/common/tvguide/banner/"
  },
  "id": 180
 },
 {
  "action": {
   "type": "block"
  },
  "condition": {
   "isUrlFilterCaseSensitive": false,
   "urlFilter": "||weraveyou.com/wp-content/uploads/*/*/sample-pack-ad.jpg"
  },
  "id": 181
 },
 {
  "action": {
   "type": "block"
  },
  "condition": {
   "isUrlFilterCaseSensitive": false,
   "urlFilter": "||gomovies-online.cam/addons/*.gif"
  },
  "id": 182
 },
 {
  "action": {
   "type": "block"
  },
  "condition": {
   "initiatorDomains": [
    "sankei.com"
   ],
   "requestDomains": [
    "taboola.com"
   ]
  },
  "id": 183
 },
 {
  "action": {
   "type": "block"
  },
  "condition": {
   "initiatorDomains": [
    "food-foto.jp",
    "model-foto.jp",
    "pro-foto.jp"
   ],
   "isUrlFilterCaseSensitive": false,
   "urlFilter": "/stock_bnr_300-"
  },
  "id": 184
 },
 {
  "action": {
   "type": "block"
  },
  "condition": {
   "isUrlFilterCaseSensitive": false,
   "urlFilter": "||radiko.jp/static/image/half_banner.gif"
  },
  "id": 185
 },
 {
  "action": {
   "type": "block"
  },
  "condition": {
   "isUrlFilterCaseSensitive": false,
   "urlFilter": "||bizocean.jp/column/wp-content/uploads/2017/11/temply_banner"
  },
  "id": 186
 },
 {
  "action": {
   "type": "block"
  },
  "condition": {
   "initiatorDomains": [
    "bikebros.co.jp"
   ],
   "isUrlFilterCaseSensitive": false,
   "urlFilter": "||goobike.com/img/"
  },
  "id": 187
 },
 {
  "action": {
   "type": "block"
  },
  "condition": {
   "initiatorDomains": [
    "elog.tokyo",
    "freegame-mugen.jp"
   ],
   "isUrlFilterCaseSensitive": false,
   "urlFilter": "/random_affiliate.js"
  },
  "id": 188
 },
 {
  "action": {
   "type": "block"
  },
  "condition": {
   "initiatorDomains": [
    "weblio.jp"
   ],
   "isUrlFilterCaseSensitive": false,
   "urlFilter": "||cloudfront.net/column/*/eikaiwa_ad_bannar_"
  },
  "id": 189
 },
 {
  "action": {
   "type": "block"
  },
  "condition": {
   "isUrlFilterCaseSensitive": false,
   "urlFilter": "||rakuten-static.com/1/grp/banner/js/create.js"
  },
  "id": 190
 },
 {
  "action": {
   "type": "block"
  },
  "condition": {
   "isUrlFilterCaseSensitive": false,
   "urlFilter": "||brocardi.it/frontend/images/banner-quesito-libero-pensoso.gif"
  },
  "id": 191
 },
 {
  "action": {
   "type": "block"
  },
  "condition": {
   "isUrlFilterCaseSensitive": false,
   "urlFilter": "||mora.jp/pc/img/jack/"
  },
  "id": 192
 },
 {
  "action": {
   "type": "block"
  },
  "condition": {
   "isUrlFilterCaseSensitive": false,
   "urlFilter": "||rakuten.co.jp/sitemap/img/banner/"
  },
  "id": 193
 },
 {
  "action": {
   "type": "block"
  },
  "condition": {
   "isUrlFilterCaseSensitive": false,
   "urlFilter": "||jugem.jp/user_blog/ad/"
  },
  "id": 194
 },
 {
  "action": {
   "type": "block"
  },
  "condition": {
   "isUrlFilterCaseSensitive": false,
   "urlFilter": "||casting-porno-tube.com/wp-content/uploads/*/banner1.png"
  },
  "id": 195
 },
 {
  "action": {
   "type": "block"
  },
  "condition": {
   "isUrlFilterCaseSensitive": false,
   "urlFilter": "||xtube.com/staticcdn/promotion/"
  },
  "id": 196
 },
 {
  "action": {
   "type": "block"
  },
  "condition": {
   "initiatorDomains": [
    "tvn24.pl"
   ],
   "isUrlFilterCaseSensitive": false,
   "urlFilter": "||cloudfront.net/widgets2021/banner/index.html"
  },
  "id": 197
 },
 {
  "action": {
   "type": "block"
  },
  "condition": {
   "isUrlFilterCaseSensitive": false,
   "urlFilter": "||cf.quizizz.com/img/super/ads/ads_banner*.png"
  },
  "id": 198
 },
 {
  "action": {
   "type": "block"
  },
  "condition": {
   "isUrlFilterCaseSensitive": false,
   "urlFilter": "||kakaku.com/script/itemview/rdmreviewad.js"
  },
  "id": 199
 },
 {
  "action": {
   "type": "block"
  },
  "condition": {
   "isUrlFilterCaseSensitive": false,
   "urlFilter": "||tsite.jp/resource/t-mall/hit/game_bnr_sp.jpg"
  },
  "id": 200
 },
 {
  "action": {
   "type": "block"
  },
  "condition": {
   "isUrlFilterCaseSensitive": false,
   "urlFilter": "||cdn.duden.de/public_files/*/do_plus-banner-boxer.mp4"
  },
  "id": 201
 },
 {
  "action": {
   "type": "block"
  },
  "condition": {
   "isUrlFilterCaseSensitive": false,
   "urlFilter": "||limg.imgsmail.ru/informers/vk-slides/"
  },
  "id": 202
 },
 {
  "action": {
   "type": "block"
  },
  "condition": {
   "isUrlFilterCaseSensitive": false,
   "urlFilter": "||yomiuri.co.jp/assets/images/footer-subscribe/"
  },
  "id": 203
 },
 {
  "action": {
   "type": "block"
  },
  "condition": {
   "isUrlFilterCaseSensitive": false,
   "urlFilter": "||elegantthemes.com/js/promo_slide_in.js"
  },
  "id": 204
 },
 {
  "action": {
   "type": "block"
  },
  "condition": {
   "initiatorDomains": [
    "techradar.com"
   ],
   "requestDomains": [
    "widgets.hawk-assets.co.uk"
   ]
  },
  "id": 205
 },
 {
  "action": {
   "type": "block"
  },
  "condition": {
   "isUrlFilterCaseSensitive": false,
   "urlFilter": "||dorzeczy.pl/dorzeczy/_*/widgets/promocja-tygodnika-"
  },
  "id": 206
 },
 {
  "action": {
   "type": "block"
  },
  "condition": {
   "isUrlFilterCaseSensitive": false,
   "urlFilter": "||photobucket.com/resources/common/js/prompt.js"
  },
  "id": 207
 },
 {
  "action": {
   "type": "block"
  },
  "condition": {
   "isUrlFilterCaseSensitive": false,
   "urlFilter": "||vgc.no/vgpluss/campaigns/wp.png"
  },
  "id": 208
 },
 {
  "action": {
   "type": "block"
  },
  "condition": {
   "isUrlFilterCaseSensitive": false,
   "urlFilter": "||cdn.r10.net/r10/i/r10.gif"
  },
  "id": 209
 },
 {
  "action": {
   "type": "block"
  },
  "condition": {
   "isUrlFilterCaseSensitive": false,
   "urlFilter": "||weraveyou.com/wp-content/uploads/*/weraveyou_promotionad6.png"
  },
  "id": 210
 },
 {
  "action": {
   "type": "block"
  },
  "condition": {
   "isUrlFilterCaseSensitive": false,
   "urlFilter": "||teknoblog.com/wp-content/uploads/*/teknoblog-patreon-300-250@2x.jpg"
  },
  "id": 211
 },
 {
  "action": {
   "type": "block"
  },
  "condition": {
   "initiatorDomains": [
    "xhamster.com"
   ],
   "isUrlFilterCaseSensitive": false,
   "urlFilter": "||img.stripst.com/*/previews"
  },
  "id": 212
 },
 {
  "action": {
   "type": "block"
  },
  "condition": {
   "isUrlFilterCaseSensitive": false,
   "urlFilter": "||media.giphy.com/headers/2018-09-21-03-1537542191/filmfesthpbannerfinal.gif"
  },
  "id": 213
 },
 {
  "action": {
   "type": "block"
  },
  "condition": {
   "isUrlFilterCaseSensitive": false,
   "urlFilter": "||flashondemand.top-ix.org/video-omg/channels/vvvvid.mp4"
  },
  "id": 214
 },
 {
  "action": {
   "type": "block"
  },
  "condition": {
   "initiatorDomains": [
    "psprices.com"
   ],
   "requestDomains": [
    "playwire.com"
   ]
  },
  "id": 215
 },
 {
  "action": {
   "type": "block"
  },
  "condition": {
   "isUrlFilterCaseSensitive": false,
   "urlFilter": "||rsload.net/images5/usperiasfg.png"
  },
  "id": 216
 },
 {
  "action": {
   "type": "block"
  },
  "condition": {
   "isUrlFilterCaseSensitive": false,
   "urlFilter": "||rsload.net/images5/premssf1.png"
  },
  "id": 217
 },
 {
  "action": {
   "type": "block"
  },
  "condition": {
   "isUrlFilterCaseSensitive": false,
   "urlFilter": "||myshows.me/shared/img/fe/banners/pro-*.gif"
  },
  "id": 218
 },
 {
  "action": {
   "type": "block"
  },
  "condition": {
   "isUrlFilterCaseSensitive": false,
   "urlFilter": "||aidma.104.com.tw/js/e104aidma.php"
  },
  "id": 219
 },
 {
  "action": {
   "type": "block"
  },
  "condition": {
   "initiatorDomains": [
    "megaoblako.ru"
   ],
   "requestDomains": [
    "digiseller.ru"
   ]
  },
  "id": 220
 },
 {
  "action": {
   "type": "block"
  },
  "condition": {
   "initiatorDomains": [
    "mail.yahoo.com"
   ],
   "isUrlFilterCaseSensitive": false,
   "urlFilter": "||s.yimg.com/rx/up/builds/8.5.18/ifcp.html"
  },
  "id": 221
 },
 {
  "action": {
   "type": "block"
  },
  "condition": {
   "initiatorDomains": [
    "mail.yahoo.com"
   ],
   "isUrlFilterCaseSensitive": false,
   "urlFilter": "||s.yimg.com/rx/builds/*/iframe-controller-page.html"
  },
  "id": 222
 },
 {
  "action": {
   "type": "block"
  },
  "condition": {
   "isUrlFilterCaseSensitive": false,
   "urlFilter": "||irtelecom.az/images/new-slider/*.mp4"
  },
  "id": 223
 },
 {
  "action": {
   "type": "block"
  },
  "condition": {
   "isUrlFilterCaseSensitive": false,
   "urlFilter": "||forums.comodo.com/themes/comodov2/images/free-signup.png"
  },
  "id": 224
 },
 {
  "action": {
   "type": "block"
  },
  "condition": {
   "isUrlFilterCaseSensitive": false,
   "urlFilter": "||yimg.com/*/js/generic_yset_search-min.js^"
  },
  "id": 225
 },
 {
  "action": {
   "type": "block"
  },
  "condition": {
   "isUrlFilterCaseSensitive": false,
   "urlFilter": "||nim.ru/i/1920_1101/banner/"
  },
  "id": 226
 },
 {
  "action": {
   "type": "block"
  },
  "condition": {
   "isUrlFilterCaseSensitive": false,
   "urlFilter": "||go2senkyo.com/img/cmn/recuit_banner.jpg"
  },
  "id": 227
 },
 {
  "action": {
   "type": "block"
  },
  "condition": {
   "isUrlFilterCaseSensitive": false,
   "urlFilter": "||mornlong.com/zb_users/upload/images_ads/"
  },
  "id": 228
 },
 {
  "action": {
   "type": "block"
  },
  "condition": {
   "isUrlFilterCaseSensitive": false,
   "urlFilter": "||s.aimg.sk/aktuality_symfony/static/leaflet-slider-widget.js"
  },
  "id": 229
 },
 {
  "action": {
   "type": "block"
  },
  "condition": {
   "isUrlFilterCaseSensitive": false,
   "urlFilter": "||keisan.casio.jp/keisan/image/classpad_"
  },
  "id": 230
 },
 {
  "action": {
   "type": "block"
  },
  "condition": {
   "isUrlFilterCaseSensitive": false,
   "urlFilter": "||crepu.net/assets/images/advertisement/"
  },
  "id": 231
 },
 {
  "action": {
   "type": "block"
  },
  "condition": {
   "initiatorDomains": [
    "novochag.ru",
    "techinsider.ru"
   ],
   "isUrlFilterCaseSensitive": false,
   "urlFilter": "||frontend.vh.yandex.ru/player/"
  },
  "id": 232
 },
 {
  "action": {
   "type": "block"
  },
  "condition": {
   "isUrlFilterCaseSensitive": false,
   "urlFilter": "||cocolog-nifty.com/updates/status/banner_ad.json"
  },
  "id": 233
 },
 {
  "action": {
   "type": "block"
  },
  "condition": {
   "isUrlFilterCaseSensitive": false,
   "urlFilter": "||gaishishukatsu.com/img/advisers/box_banner.jpg"
  },
  "id": 234
 },
 {
  "action": {
   "type": "block"
  },
  "condition": {
   "initiatorDomains": [
    "programme-television.org"
   ],
   "isUrlFilterCaseSensitive": false,
   "urlFilter": "||geo.dailymotion.com/player/x15mh.js"
  },
  "id": 235
 },
 {
  "action": {
   "type": "block"
  },
  "condition": {
   "initiatorDomains": [
    "programme-television.org"
   ],
   "isUrlFilterCaseSensitive": false,
   "urlFilter": "||geo.dailymotion.com/player/xajs0.js"
  },
  "id": 236
 },
 {
  "action": {
   "type": "block"
  },
  "condition": {
   "isUrlFilterCaseSensitive": false,
   "urlFilter": "||static.fc2.com/contents/images/zqejvwj2z/j4k/"
  },
  "id": 237
 },
 {
  "action": {
   "type": "block"
  },
  "condition": {
   "isUrlFilterCaseSensitive": false,
   "urlFilter": "||hojyokin-portal.jp/tbl_banner/"
  },
  "id": 238
 },
 {
  "action": {
   "type": "block"
  },
  "condition": {
   "isUrlFilterCaseSensitive": false,
   "urlFilter": "||leechpremium.link/img/banner/"
  },
  "id": 239
 },
 {
  "action": {
   "type": "block"
  },
  "condition": {
   "isUrlFilterCaseSensitive": false,
   "urlFilter": "||static.olx.com.br/nu/banner/nu_banner_seasonal.json"
  },
  "id": 240
 },
 {
  "action": {
   "type": "block"
  },
  "condition": {
   "isUrlFilterCaseSensitive": false,
   "urlFilter": "||ecbeing.net/cms/images/headline/kokuchi.jpg"
  },
  "id": 241
 },
 {
  "action": {
   "type": "block"
  },
  "condition": {
   "isUrlFilterCaseSensitive": false,
   "urlFilter": "||minnano-anime.com/p/minnanovideo_bn634.png"
  },
  "id": 242
 },
 {
  "action": {
   "type": "block"
  },
  "condition": {
   "initiatorDomains": [
    "minnano-anime.com",
    "minnano-camera.com"
   ],
   "isUrlFilterCaseSensitive": false,
   "urlFilter": "/minnanovideo_bn300.png"
  },
  "id": 243
 },
 {
  "action": {
   "type": "block"
  },
  "condition": {
   "isUrlFilterCaseSensitive": false,
   "urlFilter": "||mixhost.jp/vpn-column/wp-content/uploads/*/600x500"
  },
  "id": 244
 },
 {
  "action": {
   "type": "block"
  },
  "condition": {
   "isUrlFilterCaseSensitive": false,
   "urlFilter": "||kinokordon.love/d.kinokordonchat.gif"
  },
  "id": 245
 },
 {
  "action": {
   "type": "block"
  },
  "condition": {
   "isUrlFilterCaseSensitive": false,
   "urlFilter": "||error.fc2.com/web/image/bnr_kantan_404.png"
  },
  "id": 246
 },
 {
  "action": {
   "type": "block"
  },
  "condition": {
   "isUrlFilterCaseSensitive": false,
   "urlFilter": "||kashi-mo.com/media/wp-content/themes/kashimo/img/kashimo_wimax/220625_"
  },
  "id": 247
 },
 {
  "action": {
   "type": "block"
  },
  "condition": {
   "isUrlFilterCaseSensitive": false,
   "urlFilter": "||okbizcs.okwave.jp/img/ss/oemfile/*/right_side_banner_"
  },
  "id": 248
 },
 {
  "action": {
   "type": "block"
  },
  "condition": {
   "isUrlFilterCaseSensitive": false,
   "urlFilter": "||h1.rmr.rocks/auto/44/82/89/14.png"
  },
  "id": 249
 },
 {
  "action": {
   "type": "block"
  },
  "condition": {
   "isUrlFilterCaseSensitive": false,
   "urlFilter": "||cdn.dlupload.com/contents/horiads_new.png"
  },
  "id": 250
 },
 {
  "action": {
   "type": "block"
  },
  "condition": {
   "isUrlFilterCaseSensitive": false,
   "urlFilter": "||dlupload.com.np/contents/banner3_new.png"
  },
  "id": 251
 },
 {
  "action": {
   "type": "block"
  },
  "condition": {
   "isUrlFilterCaseSensitive": false,
   "urlFilter": "||gameguru.ru/static/core/img/for-lootguru/banner2.png"
  },
  "id": 252
 },
 {
  "action": {
   "type": "block"
  },
  "condition": {
   "isUrlFilterCaseSensitive": false,
   "urlFilter": "||itest.5ch.net/assets/img/ronin_premium_640x100.png"
  },
  "id": 253
 },
 {
  "action": {
   "type": "block"
  },
  "condition": {
   "isUrlFilterCaseSensitive": false,
   "urlFilter": "||jdpower.com/sites/default/files/image/*/23_auto%20summit%20pr%20ad_speaker%20gif.gif"
  },
  "id": 254
 },
 {
  "action": {
   "type": "block"
  },
  "condition": {
   "isUrlFilterCaseSensitive": false,
   "urlFilter": "||images.wondershare.com/*/fotophire-article-banner.jpg"
  },
  "id": 255
 },
 {
  "action": {
   "type": "block"
  },
  "condition": {
   "isUrlFilterCaseSensitive": false,
   "urlFilter": "||ec.geo-online.co.jp/img/usr/cotegory/risumaho_"
  },
  "id": 256
 },
 {
  "action": {
   "type": "block"
  },
  "condition": {
   "isUrlFilterCaseSensitive": false,
   "urlFilter": "||smafi.info/assets/images/advertising/"
  },
  "id": 257
 },
 {
  "action": {
   "type": "block"
  },
  "condition": {
   "isUrlFilterCaseSensitive": false,
   "urlFilter": "||tenor.com/*/search-entrypoint-optimized.gif"
  },
  "id": 258
 },
 {
  "action": {
   "type": "block"
  },
  "condition": {
   "isUrlFilterCaseSensitive": false,
   "urlFilter": "||blog.esuteru.com/js/azrank/swiper.min.js"
  },
  "id": 259
 },
 {
  "action": {
   "type": "block"
  },
  "condition": {
   "isUrlFilterCaseSensitive": false,
   "urlFilter": "||linksgroup.heteml.net/js/output/hatima/amazon_ranking"
  },
  "id": 260
 },
 {
  "action": {
   "type": "block"
  },
  "condition": {
   "isUrlFilterCaseSensitive": false,
   "urlFilter": "||aurora.network/images/banners/"
  },
  "id": 261
 },
 {
  "action": {
   "type": "block"
  },
  "condition": {
   "isUrlFilterCaseSensitive": false,
   "urlFilter": "||imagel.sekainavi.com/images/banner/"
  },
  "id": 262
 },
 {
  "action": {
   "type": "block"
  },
  "condition": {
   "isUrlFilterCaseSensitive": false,
   "urlFilter": "||promo.datacamp.com/banner.js"
  },
  "id": 263
 },
 {
  "action": {
   "type": "block"
  },
  "condition": {
   "isUrlFilterCaseSensitive": false,
   "urlFilter": "||image.rakuten.co.jp/cyberbay/cabinet/"
  },
  "id": 264
 },
 {
  "action": {
   "type": "block"
  },
  "condition": {
   "isUrlFilterCaseSensitive": false,
   "urlFilter": "||znetlive.com/*/flash-banner-2.gif"
  },
  "id": 265
 },
 {
  "action": {
   "type": "block"
  },
  "condition": {
   "isUrlFilterCaseSensitive": false,
   "urlFilter": "||dailyhostnews.com/pdf/flash-banner-1.gif"
  },
  "id": 266
 },
 {
  "action": {
   "type": "block"
  },
  "condition": {
   "isUrlFilterCaseSensitive": false,
   "urlFilter": "||livenewsworld.com/wp-content/*/pum/"
  },
  "id": 267
 },
 {
  "action": {
   "type": "block"
  },
  "condition": {
   "isUrlFilterCaseSensitive": false,
   "urlFilter": "||crio.do/blog/assets/images/crio-offerings"
  },
  "id": 268
 },
 {
  "action": {
   "type": "block"
  },
  "condition": {
   "isUrlFilterCaseSensitive": false,
   "urlFilter": "||ecuabet.com/banner-"
  },
  "id": 269
 },
 {
  "action": {
   "type": "block"
  },
  "condition": {
   "isUrlFilterCaseSensitive": false,
   "urlFilter": "||brandboardapi.yemek.com/ad/getadbyslug"
  },
  "id": 270
 },
 {
  "action": {
   "type": "block"
  },
  "condition": {
   "isUrlFilterCaseSensitive": false,
   "urlFilter": "||niutrans.com/static/img/right-banner."
  },
  "id": 271
 },
 {
  "action": {
   "type": "block"
  },
  "condition": {
   "isUrlFilterCaseSensitive": false,
   "urlFilter": "||cdn.eapteka.ru/local/react/build/static/*/loyaltyprogramm."
  },
  "id": 272
 },
 {
  "action": {
   "type": "block"
  },
  "condition": {
   "isUrlFilterCaseSensitive": false,
   "urlFilter": "||asahicom.jp/shukatsunavi/assets/images/column/prebiz_banner660x100px.jpg"
  },
  "id": 273
 },
 {
  "action": {
   "type": "block"
  },
  "condition": {
   "isUrlFilterCaseSensitive": false,
   "urlFilter": "||seolaboratory.jp/banner/"
  },
  "id": 274
 },
 {
  "action": {
   "type": "block"
  },
  "condition": {
   "isUrlFilterCaseSensitive": false,
   "urlFilter": "||darkreader.org/elements/backers-graph.js"
  },
  "id": 275
 },
 {
  "action": {
   "type": "block"
  },
  "condition": {
   "isUrlFilterCaseSensitive": false,
   "urlFilter": "||appsrentables.com/images/flyer1-apps-vs.jpg"
  },
  "id": 276
 },
 {
  "action": {
   "type": "block"
  },
  "condition": {
   "isUrlFilterCaseSensitive": false,
   "urlFilter": "||appsrentables.com/images/flyer1-apps-secretos.jpg"
  },
  "id": 277
 },
 {
  "action": {
   "type": "block"
  },
  "condition": {
   "isUrlFilterCaseSensitive": false,
   "urlFilter": "||superprof.es/apuntes/wp-content/themes/sp_ressources/dist/videos/apprenez-a-la-maison-desktop.m4v"
  },
  "id": 278
 },
 {
  "action": {
   "type": "block"
  },
  "condition": {
   "initiatorDomains": [
    "okezone.com"
   ],
   "isUrlFilterCaseSensitive": false,
   "urlFilter": "||visionplus.id/videocontents/vod/"
  },
  "id": 279
 },
 {
  "action": {
   "type": "block"
  },
  "condition": {
   "isUrlFilterCaseSensitive": false,
   "urlFilter": "||knowledgecity.com/blog/wp-content/uploads/*/knowledgecity-banner-"
  },
  "id": 280
 },
 {
  "action": {
   "type": "block"
  },
  "condition": {
   "isUrlFilterCaseSensitive": false,
   "urlFilter": "||knowledgecity.com/blog/wp-content/uploads/*/freecourses-"
  },
  "id": 281
 },
 {
  "action": {
   "type": "block"
  },
  "condition": {
   "isUrlFilterCaseSensitive": false,
   "urlFilter": "||bostonreview.net/sites/default/files/side_column_ad"
  },
  "id": 282
 },
 {
  "action": {
   "type": "block"
  },
  "condition": {
   "isUrlFilterCaseSensitive": false,
   "urlFilter": "||edsys.in/wp-content/themes/edsys/images/blog_side_banner.png"
  },
  "id": 283
 },
 {
  "action": {
   "type": "block"
  },
  "condition": {
   "isUrlFilterCaseSensitive": false,
   "urlFilter": "||mmocs.com/templates/game/images/join_affiliate.jpg"
  },
  "id": 284
 },
 {
  "action": {
   "type": "block"
  },
  "condition": {
   "isUrlFilterCaseSensitive": false,
   "urlFilter": "||pcdn.co/wp-content/uploads/*/read-our-story"
  },
  "id": 285
 },
 {
  "action": {
   "type": "block"
  },
  "condition": {
   "isUrlFilterCaseSensitive": false,
   "urlFilter": "||digify.com/wp-content/uploads/*/internal-blog_graphics_education-"
  },
  "id": 286
 },
 {
  "action": {
   "type": "block"
  },
  "condition": {
   "isUrlFilterCaseSensitive": false,
   "urlFilter": "||fireeye.com/*/services/images/bnr-mandiant-advantage"
  },
  "id": 288
 },
 {
  "action": {
   "type": "block"
  },
  "condition": {
   "isUrlFilterCaseSensitive": false,
   "urlFilter": "||phpnet.us/images/web.png"
  },
  "id": 289
 },
 {
  "action": {
   "type": "block"
  },
  "condition": {
   "isUrlFilterCaseSensitive": false,
   "urlFilter": "||p.dmm.co.jp/p/general/ds/bnr/"
  },
  "id": 290
 },
 {
  "action": {
   "type": "block"
  },
  "condition": {
   "isUrlFilterCaseSensitive": false,
   "urlFilter": "||blockadblock.com/adblocking/wp-content/uploads/*/internalvert_300x200.png"
  },
  "id": 291
 },
 {
  "action": {
   "type": "block"
  },
  "condition": {
   "isUrlFilterCaseSensitive": false,
   "urlFilter": "||static.foxnews.com/static/orion/styles/img/fox-news/nation-promo/"
  },
  "id": 292
 },
 {
  "action": {
   "type": "block"
  },
  "condition": {
   "isUrlFilterCaseSensitive": false,
   "urlFilter": "||hub.packtpub.com/wp-content/uploads/2019/07/generic.png"
  },
  "id": 293
 },
 {
  "action": {
   "type": "block"
  },
  "condition": {
   "isUrlFilterCaseSensitive": false,
   "urlFilter": "||torguard.net/blog/wp-content/uploads/2018/09/torguard-090418-300x250.gif"
  },
  "id": 294
 },
 {
  "action": {
   "type": "block"
  },
  "condition": {
   "isUrlFilterCaseSensitive": false,
   "urlFilter": "||mifirm.net/assets/img/micloud.gif"
  },
  "id": 295
 },
 {
  "action": {
   "type": "block"
  },
  "condition": {
   "isUrlFilterCaseSensitive": false,
   "urlFilter": "||harness.io/wp-content/uploads/*/pipelinepatterns.png"
  },
  "id": 296
 },
 {
  "action": {
   "type": "block"
  },
  "condition": {
   "isUrlFilterCaseSensitive": false,
   "urlFilter": "||rolo.nocdnrlly.xyz/images/nflbanner.png"
  },
  "id": 297
 },
 {
  "action": {
   "type": "block"
  },
  "condition": {
   "isUrlFilterCaseSensitive": false,
   "urlFilter": "||cmtscience.ru/photos/shares/banners/5eba53abef3e6.gif"
  },
  "id": 298
 },
 {
  "action": {
   "type": "block"
  },
  "condition": {
   "isUrlFilterCaseSensitive": false,
   "urlFilter": "||mirsmart.com.ua/image/catalog/bg/bg-sh-xiaomi-vivo.jpg"
  },
  "id": 299
 },
 {
  "action": {
   "type": "block"
  },
  "condition": {
   "isUrlFilterCaseSensitive": false,
   "urlFilter": "||img.news.goo.ne.jp/image_proxy/resize/*/topics/*/s_banner/"
  },
  "id": 300
 },
 {
  "action": {
   "type": "block"
  },
  "condition": {
   "initiatorDomains": [
    "news.infoseek.co.jp"
   ],
   "isUrlFilterCaseSensitive": false,
   "urlFilter": "||image.infoseek.rakuten.co.jp/content/mno_banner/mno_pc_300x125_"
  },
  "id": 301
 },
 {
  "action": {
   "type": "block"
  },
  "condition": {
   "initiatorDomains": [
    "foxtrot.com.ua"
   ],
   "requestDomains": [
    "script.softcube.com"
   ]
  },
  "id": 302
 },
 {
  "action": {
   "type": "block"
  },
  "condition": {
   "isUrlFilterCaseSensitive": false,
   "urlFilter": "||cdn.myanimelist.net/images/event/support_mal/banner-ani-*.gif"
  },
  "id": 303
 },
 {
  "action": {
   "type": "block"
  },
  "condition": {
   "isUrlFilterCaseSensitive": false,
   "urlFilter": "||betonsuccess.ru/cache/user_beton_banners/banner_*.gif"
  },
  "id": 304
 },
 {
  "action": {
   "type": "block"
  },
  "condition": {
   "isUrlFilterCaseSensitive": false,
   "urlFilter": "||androidheadlines.com/wp-content/uploads/2019/07/ah-techdeals-300x150.jpg"
  },
  "id": 305
 },
 {
  "action": {
   "type": "block"
  },
  "condition": {
   "isUrlFilterCaseSensitive": false,
   "urlFilter": "||androidheadlines.com/wp-content/uploads/2020/04/ah-latest-tech-deals-wide.jpg"
  },
  "id": 306
 },
 {
  "action": {
   "type": "block"
  },
  "condition": {
   "isUrlFilterCaseSensitive": false,
   "urlFilter": "||img1.infobank.by/images/imagesindb/banner-perevody-150419-3.png.aspx"
  },
  "id": 307
 },
 {
  "action": {
   "type": "block"
  },
  "condition": {
   "isUrlFilterCaseSensitive": false,
   "urlFilter": "||zviazda.by/banners/padpiska202025.jpg"
  },
  "id": 308
 },
 {
  "action": {
   "type": "block"
  },
  "condition": {
   "isUrlFilterCaseSensitive": false,
   "urlFilter": "||letu.ru/common/img/background/doma_*.jpg"
  },
  "id": 309
 },
 {
  "action": {
   "type": "block"
  },
  "condition": {
   "isUrlFilterCaseSensitive": false,
   "urlFilter": "||pcsecrets.ru/wp-content/uploads/*/word_book*.png"
  },
  "id": 310
 },
 {
  "action": {
   "type": "block"
  },
  "condition": {
   "isUrlFilterCaseSensitive": false,
   "urlFilter": "||blackhole.beeline.ru/i/banners/"
  },
  "id": 311
 },
 {
  "action": {
   "type": "block"
  },
  "condition": {
   "isUrlFilterCaseSensitive": false,
   "urlFilter": "||i.bcrncdn.com/promotions/devaluation/182x600/"
  },
  "id": 312
 },
 {
  "action": {
   "type": "block"
  },
  "condition": {
   "isUrlFilterCaseSensitive": false,
   "urlFilter": "||manisamanset.gen.tr/uploads/manset-reklam"
  },
  "id": 313
 },
 {
  "action": {
   "type": "block"
  },
  "condition": {
   "isUrlFilterCaseSensitive": false,
   "urlFilter": "||doeda.com/wp-content/*/porno.gif"
  },
  "id": 314
 },
 {
  "action": {
   "type": "block"
  },
  "condition": {
   "isUrlFilterCaseSensitive": false,
   "urlFilter": "||abeagle-public.buzzfeed.com/public/v2/experiment_variants?"
  },
  "id": 315
 },
 {
  "action": {
   "type": "block"
  },
  "condition": {
   "isUrlFilterCaseSensitive": false,
   "urlFilter": "||fmovies.cab/addons/img/merry_christmas"
  },
  "id": 316
 },
 {
  "action": {
   "type": "block"
  },
  "condition": {
   "isUrlFilterCaseSensitive": false,
   "urlFilter": "||mytoysgroup.scene7.com/is/image/mytoysgroup/*-nnk_plakativ"
  },
  "id": 317
 },
 {
  "action": {
   "type": "block"
  },
  "condition": {
   "isUrlFilterCaseSensitive": false,
   "urlFilter": "||redecanais.com/imgs-videos/bannervip.jpg"
  },
  "id": 318
 },
 {
  "action": {
   "type": "block"
  },
  "condition": {
   "isUrlFilterCaseSensitive": false,
   "urlFilter": "||1pornoxxx.com/templates/1pornoxxx/images/rkl300.png"
  },
  "id": 319
 },
 {
  "action": {
   "type": "block"
  },
  "condition": {
   "isUrlFilterCaseSensitive": false,
   "urlFilter": "||uploadgig.com/static/vid1.mp4"
  },
  "id": 320
 },
 {
  "action": {
   "type": "block"
  },
  "condition": {
   "isUrlFilterCaseSensitive": false,
   "urlFilter": "||unikal.org/images/r3.gif"
  },
  "id": 321
 },
 {
  "action": {
   "type": "block"
  },
  "condition": {
   "isUrlFilterCaseSensitive": false,
   "urlFilter": "||journalistenwatch.com/wp-content/uploads/2017/08/boxerin-03.gif"
  },
  "id": 322
 },
 {
  "action": {
   "type": "block"
  },
  "condition": {
   "isUrlFilterCaseSensitive": false,
   "urlFilter": "||files.webmoney.ru/files/vhbeebyw/inline"
  },
  "id": 323
 },
 {
  "action": {
   "type": "block"
  },
  "condition": {
   "isUrlFilterCaseSensitive": false,
   "urlFilter": "||vc.ru/static/special/yota-stratum/"
  },
  "id": 324
 },
 {
  "action": {
   "type": "block"
  },
  "condition": {
   "isUrlFilterCaseSensitive": false,
   "urlFilter": "||news.atv.az/images/top-banner.png"
  },
  "id": 325
 },
 {
  "action": {
   "type": "block"
  },
  "condition": {
   "isUrlFilterCaseSensitive": false,
   "urlFilter": "||softbesplatno.net/templates/freesoft/images/banner*.png"
  },
  "id": 326
 },
 {
  "action": {
   "type": "block"
  },
  "condition": {
   "isUrlFilterCaseSensitive": false,
   "urlFilter": "||archdaily.com/auth/js/kenneth.js^"
  },
  "id": 327
 },
 {
  "action": {
   "type": "block"
  },
  "condition": {
   "isUrlFilterCaseSensitive": false,
   "urlFilter": "||c-s.net.ua/images/200x200-empty.gif"
  },
  "id": 328
 },
 {
  "action": {
   "type": "block"
  },
  "condition": {
   "isUrlFilterCaseSensitive": false,
   "urlFilter": "||mpgh.net/images/mini_offur.png"
  },
  "id": 329
 },
 {
  "action": {
   "type": "block"
  },
  "condition": {
   "isUrlFilterCaseSensitive": false,
   "urlFilter": "||new-line.net.ua/templates/counterstrike/images/8831.png"
  },
  "id": 330
 },
 {
  "action": {
   "type": "block"
  },
  "condition": {
   "initiatorDomains": [
    "tele2.ru"
   ],
   "isUrlFilterCaseSensitive": false,
   "urlFilter": "||bb.tele2.ru/media/video/*mobile"
  },
  "id": 331
 },
 {
  "action": {
   "type": "block"
  },
  "condition": {
   "initiatorDomains": [
    "tele2.ru"
   ],
   "isUrlFilterCaseSensitive": false,
   "urlFilter": "||bb.tele2.ru/media/video/*desktop"
  },
  "id": 332
 },
 {
  "action": {
   "type": "block"
  },
  "condition": {
   "isUrlFilterCaseSensitive": false,
   "urlFilter": "||animespirit.tv/templates/animespirit/images/background"
  },
  "id": 333
 },
 {
  "action": {
   "type": "block"
  },
  "condition": {
   "isUrlFilterCaseSensitive": false,
   "urlFilter": "||mtb-news.de/news/*/radon_"
  },
  "id": 334
 },
 {
  "action": {
   "type": "block"
  },
  "condition": {
   "isUrlFilterCaseSensitive": false,
   "urlFilter": "||ecogolik.ru/upload/iblock/628/sentio_adv.jpg"
  },
  "id": 335
 },
 {
  "action": {
   "type": "block"
  },
  "condition": {
   "isUrlFilterCaseSensitive": false,
   "urlFilter": "||videogamesblogger.com/javascripts/interstitial.client.js"
  },
  "id": 336
 },
 {
  "action": {
   "type": "block"
  },
  "condition": {
   "initiatorDomains": [
    "dizipal1.cloud",
    "dizipal10.cloud",
    "dizipal100.cloud",
    "dizipal101.cloud",
    "dizipal102.cloud",
    "dizipal103.cloud",
    "dizipal104.cloud",
    "dizipal105.cloud",
    "dizipal106.cloud",
    "dizipal107.cloud",
    "dizipal108.cloud",
    "dizipal109.cloud",
    "dizipal11.cloud",
    "dizipal110.cloud",
    "dizipal111.cloud",
    "dizipal112.cloud",
    "dizipal113.cloud",
    "dizipal114.cloud",
    "dizipal115.cloud",
    "dizipal116.cloud",
    "dizipal117.cloud",
    "dizipal118.cloud",
    "dizipal119.cloud",
    "dizipal12.cloud",
    "dizipal120.cloud",
    "dizipal121.cloud",
    "dizipal122.cloud",
    "dizipal123.cloud",
    "dizipal124.cloud",
    "dizipal125.cloud",
    "dizipal126.cloud",
    "dizipal127.cloud",
    "dizipal128.cloud",
    "dizipal129.cloud",
    "dizipal13.cloud",
    "dizipal130.cloud",
    "dizipal131.cloud",
    "dizipal132.cloud",
    "dizipal133.cloud",
    "dizipal134.cloud",
    "dizipal135.cloud",
    "dizipal136.cloud",
    "dizipal137.cloud",
    "dizipal138.cloud",
    "dizipal139.cloud",
    "dizipal14.cloud",
    "dizipal140.cloud",
    "dizipal141.cloud",
    "dizipal142.cloud",
    "dizipal143.cloud",
    "dizipal144.cloud",
    "dizipal145.cloud",
    "dizipal146.cloud",
    "dizipal147.cloud",
    "dizipal148.cloud",
    "dizipal149.cloud",
    "dizipal15.cloud",
    "dizipal150.cloud",
    "dizipal151.cloud",
    "dizipal152.cloud",
    "dizipal153.cloud",
    "dizipal154.cloud",
    "dizipal155.cloud",
    "dizipal156.cloud",
    "dizipal157.cloud",
    "dizipal158.cloud",
    "dizipal159.cloud",
    "dizipal16.cloud",
    "dizipal160.cloud",
    "dizipal161.cloud",
    "dizipal162.cloud",
    "dizipal163.cloud",
    "dizipal164.cloud",
    "dizipal165.cloud",
    "dizipal166.cloud",
    "dizipal167.cloud",
    "dizipal168.cloud",
    "dizipal169.cloud",
    "dizipal17.cloud",
    "dizipal170.cloud",
    "dizipal171.cloud",
    "dizipal172.cloud",
    "dizipal173.cloud",
    "dizipal174.cloud",
    "dizipal175.cloud",
    "dizipal176.cloud",
    "dizipal177.cloud",
    "dizipal178.cloud",
    "dizipal179.cloud",
    "dizipal18.cloud",
    "dizipal180.cloud",
    "dizipal181.cloud",
    "dizipal182.cloud",
    "dizipal183.cloud",
    "dizipal184.cloud",
    "dizipal185.cloud",
    "dizipal186.cloud",
    "dizipal187.cloud",
    "dizipal188.cloud",
    "dizipal189.cloud",
    "dizipal19.cloud",
    "dizipal190.cloud",
    "dizipal191.cloud",
    "dizipal192.cloud",
    "dizipal193.cloud",
    "dizipal194.cloud",
    "dizipal195.cloud",
    "dizipal196.cloud",
    "dizipal197.cloud",
    "dizipal198.cloud",
    "dizipal199.cloud",
    "dizipal2.cloud",
    "dizipal20.cloud",
    "dizipal200.cloud",
    "dizipal21.cloud",
    "dizipal22.cloud",
    "dizipal23.cloud",
    "dizipal24.cloud",
    "dizipal25.cloud",
    "dizipal26.cloud",
    "dizipal27.cloud",
    "dizipal28.cloud",
    "dizipal29.cloud",
    "dizipal3.cloud",
    "dizipal30.cloud",
    "dizipal31.cloud",
    "dizipal32.cloud",
    "dizipal33.cloud",
    "dizipal34.cloud",
    "dizipal35.cloud",
    "dizipal36.cloud",
    "dizipal37.cloud",
    "dizipal38.cloud",
    "dizipal39.cloud",
    "dizipal4.cloud",
    "dizipal40.cloud",
    "dizipal41.cloud",
    "dizipal42.cloud",
    "dizipal43.cloud",
    "dizipal44.cloud",
    "dizipal45.cloud",
    "dizipal46.cloud",
    "dizipal47.cloud",
    "dizipal48.cloud",
    "dizipal49.cloud",
    "dizipal5.cloud",
    "dizipal50.cloud",
    "dizipal51.cloud",
    "dizipal52.cloud",
    "dizipal53.cloud",
    "dizipal54.cloud",
    "dizipal546.com",
    "dizipal547.com",
    "dizipal548.com",
    "dizipal549.com",
    "dizipal55.cloud",
    "dizipal550.com",
    "dizipal551.com",
    "dizipal552.com",
    "dizipal553.com",
    "dizipal554.com",
    "dizipal555.com",
    "dizipal556.com",
    "dizipal557.com",
    "dizipal558.com",
    "dizipal559.com",
    "dizipal56.cloud",
    "dizipal560.com",
    "dizipal561.com",
    "dizipal562.com",
    "dizipal563.com",
    "dizipal564.com",
    "dizipal565.com",
    "dizipal566.com",
    "dizipal567.com",
    "dizipal568.com",
    "dizipal569.com",
    "dizipal57.cloud",
    "dizipal570.com",
    "dizipal571.com",
    "dizipal572.com",
    "dizipal573.com",
    "dizipal574.com",
    "dizipal575.com",
    "dizipal576.com",
    "dizipal577.com",
    "dizipal578.com",
    "dizipal579.com",
    "dizipal58.cloud",
    "dizipal580.com",
    "dizipal581.com",
    "dizipal582.com",
    "dizipal583.com",
    "dizipal584.com",
    "dizipal585.com",
    "dizipal586.com",
    "dizipal587.com",
    "dizipal588.com",
    "dizipal589.com",
    "dizipal59.cloud",
    "dizipal590.com",
    "dizipal591.com",
    "dizipal592.com",
    "dizipal593.com",
    "dizipal594.com",
    "dizipal595.com",
    "dizipal596.com",
    "dizipal597.com",
    "dizipal598.com",
    "dizipal599.com",
    "dizipal6.cloud",
    "dizipal60.cloud",
    "dizipal600.com",
    "dizipal601.com",
    "dizipal602.com",
    "dizipal603.com",
    "dizipal604.com",
    "dizipal605.com",
    "dizipal606.com",
    "dizipal607.com",
    "dizipal608.com",
    "dizipal609.com",
    "dizipal61.cloud",
    "dizipal610.com",
    "dizipal611.com",
    "dizipal612.com",
    "dizipal613.com",
    "dizipal614.com",
    "dizipal615.com",
    "dizipal616.com",
    "dizipal617.com",
    "dizipal618.com",
    "dizipal619.com",
    "dizipal62.cloud",
    "dizipal620.com",
    "dizipal621.com",
    "dizipal622.com",
    "dizipal623.com",
    "dizipal624.com",
    "dizipal625.com",
    "dizipal626.com",
    "dizipal627.com",
    "dizipal628.com",
    "dizipal629.com",
    "dizipal63.cloud",
    "dizipal630.com",
    "dizipal631.com",
    "dizipal632.com",
    "dizipal633.com",
    "dizipal634.com",
    "dizipal635.com",
    "dizipal636.com",
    "dizipal637.com",
    "dizipal638.com",
    "dizipal639.com",
    "dizipal64.cloud",
    "dizipal640.com",
    "dizipal641.com",
    "dizipal642.com",
    "dizipal643.com",
    "dizipal644.com",
    "dizipal645.com",
    "dizipal646.com",
    "dizipal647.com",
    "dizipal648.com",
    "dizipal649.com",
    "dizipal65.cloud",
    "dizipal650.com",
    "dizipal651.com",
    "dizipal652.com",
    "dizipal653.com",
    "dizipal654.com",
    "dizipal655.com",
    "dizipal656.com",
    "dizipal657.com",
    "dizipal658.com",
    "dizipal659.com",
    "dizipal66.cloud",
    "dizipal660.com",
    "dizipal661.com",
    "dizipal662.com",
    "dizipal663.com",
    "dizipal664.com",
    "dizipal665.com",
    "dizipal666.com",
    "dizipal667.com",
    "dizipal668.com",
    "dizipal669.com",
    "dizipal67.cloud",
    "dizipal670.com",
    "dizipal671.com",
    "dizipal672.com",
    "dizipal673.com",
    "dizipal674.com",
    "dizipal675.com",
    "dizipal676.com",
    "dizipal677.com",
    "dizipal678.com",
    "dizipal679.com",
    "dizipal68.cloud",
    "dizipal680.com",
    "dizipal681.com",
    "dizipal682.com",
    "dizipal683.com",
    "dizipal684.com",
    "dizipal685.com",
    "dizipal686.com",
    "dizipal687.com",
    "dizipal688.com",
    "dizipal689.com",
    "dizipal69.cloud",
    "dizipal690.com",
    "dizipal691.com",
    "dizipal692.com",
    "dizipal693.com",
    "dizipal694.com",
    "dizipal695.com",
    "dizipal696.com",
    "dizipal697.com",
    "dizipal698.com",
    "dizipal699.com",
    "dizipal7.cloud",
    "dizipal70.cloud",
    "dizipal700.com",
    "dizipal71.cloud",
    "dizipal72.cloud",
    "dizipal73.cloud",
    "dizipal74.cloud",
    "dizipal75.cloud",
    "dizipal76.cloud",
    "dizipal77.cloud",
    "dizipal78.cloud",
    "dizipal79.cloud",
    "dizipal8.cloud",
    "dizipal80.cloud",
    "dizipal81.cloud",
    "dizipal82.cloud",
    "dizipal83.cloud",
    "dizipal84.cloud",
    "dizipal85.cloud",
    "dizipal86.cloud",
    "dizipal87.cloud",
    "dizipal88.cloud",
    "dizipal89.cloud",
    "dizipal9.cloud",
    "dizipal90.cloud",
    "dizipal91.cloud",
    "dizipal92.cloud",
    "dizipal93.cloud",
    "dizipal94.cloud",
    "dizipal95.cloud",
    "dizipal96.cloud",
    "dizipal97.cloud",
    "dizipal98.cloud",
    "dizipal99.cloud"
   ],
   "isUrlFilterCaseSensitive": false,
   "urlFilter": "||fastly.jsdelivr.net/npm/disable-devtool@latest/disable-devtool.min.js"
  },
  "id": 337
 },
 {
  "action": {
   "type": "block"
  },
  "condition": {
   "isUrlFilterCaseSensitive": false,
   "urlFilter": "||knowbaike.com/jzfz.js"
  },
  "id": 338
 },
 {
  "action": {
   "type": "block"
  },
  "condition": {
   "isUrlFilterCaseSensitive": false,
   "urlFilter": "/wp-content/plugins/wccp-pro/"
  },
  "id": 339
 },
 {
  "action": {
   "type": "block"
  },
  "condition": {
   "isUrlFilterCaseSensitive": false,
   "urlFilter": "/wp-content/plugins/content-copy-protection-disable-right-click/assets/"
  },
  "id": 340
 },
 {
  "action": {
   "type": "block"
  },
  "condition": {
   "isUrlFilterCaseSensitive": false,
   "urlFilter": "/wp-content/plugins/ungrabber/js/ungrabber.min.js"
  },
  "id": 341
 },
 {
  "action": {
   "type": "block"
  },
  "condition": {
   "isUrlFilterCaseSensitive": false,
   "urlFilter": "/wp-content/plugins/image-watermark/js/no-right-click.js"
  },
  "id": 342
 },
 {
  "action": {
   "type": "block"
  },
  "condition": {
   "isUrlFilterCaseSensitive": false,
   "urlFilter": "/wp-content/plugins/wp-content-copy-protection/assets/"
  },
  "id": 343
 },
 {
  "action": {
   "type": "block"
  },
  "condition": {
   "isUrlFilterCaseSensitive": false,
   "urlFilter": "/wp-content/plugins/jcwp-copy-paste-blocker/"
  },
  "id": 344
 },
 {
  "action": {
   "type": "block"
  },
  "condition": {
   "excludedInitiatorDomains": [
    "wordpress.org"
   ],
   "isUrlFilterCaseSensitive": false,
   "urlFilter": "/wp-content/plugins/digiproveblog/"
  },
  "id": 345
 },
 {
  "action": {
   "type": "block"
  },
  "condition": {
   "isUrlFilterCaseSensitive": false,
   "urlFilter": "/wp-content/plugins/disable-right-click/"
  },
  "id": 346
 },
 {
  "action": {
   "type": "block"
  },
  "condition": {
   "isUrlFilterCaseSensitive": false,
   "urlFilter": "/wp-content/plugins/right-click-disable-orignal/"
  },
  "id": 347
 },
 {
  "action": {
   "type": "block"
  },
  "condition": {
   "isUrlFilterCaseSensitive": false,
   "urlFilter": "||descargas.pntic.mec.es/*/libot_drag.js"
  },
  "id": 348
 },
 {
  "action": {
   "type": "block"
  },
  "condition": {
   "isUrlFilterCaseSensitive": false,
   "urlFilter": "||script.gmarket.co.kr/js/itemdweb/itembase.js"
  },
  "id": 349
 },
 {
  "action": {
   "type": "block"
  },
  "condition": {
   "isUrlFilterCaseSensitive": false,
   "urlFilter": "||theaircurrent.com/wp-content/themes/slate/print.css"
  },
  "id": 350
 },
 {
  "action": {
   "type": "block"
  },
  "condition": {
   "isUrlFilterCaseSensitive": false,
   "urlFilter": "||tv-asahi.co.jp/wp-content/themes/favclip-master/js/front.js"
  },
  "id": 351
 },
 {
  "action": {
   "type": "block"
  },
  "condition": {
   "isUrlFilterCaseSensitive": false,
   "urlFilter": "||xn--90adear.xn--p1ai/media/gibdd/build/js/nocopy.js"
  },
  "id": 352
 },
 {
  "action": {
   "type": "block"
  },
  "condition": {
   "isUrlFilterCaseSensitive": false,
   "urlFilter": "||a24.com.ua/design/imed/js/ncp.js"
  },
  "id": 353
 },
 {
  "action": {
   "type": "block"
  },
  "condition": {
   "isUrlFilterCaseSensitive": false,
   "urlFilter": "||cafe.naver.com/static/js/mycafe/javascript/autosourcing*.js"
  },
  "id": 354
 },
 {
  "action": {
   "type": "block"
  },
  "condition": {
   "isUrlFilterCaseSensitive": false,
   "urlFilter": "||securitylab.ru/js/cpb.js"
  },
  "id": 355
 },
 {
  "action": {
   "type": "block"
  },
  "condition": {
   "isUrlFilterCaseSensitive": false,
   "urlFilter": "||xiebruce.top/wp-content/themes/nisarg-child/js/custom-non-login.js"
  },
  "id": 356
 },
 {
  "action": {
   "type": "block"
  },
  "condition": {
   "isUrlFilterCaseSensitive": false,
   "urlFilter": "||camoero.com/wp-content/themes/luxech/luxech.js"
  },
  "id": 357
 },
 {
  "action": {
   "type": "block"
  },
  "condition": {
   "isUrlFilterCaseSensitive": false,
   "urlFilter": "||suntory.co.jp/softdrink/craftboss/flash/assets/img/mouse.gif"
  },
  "id": 358
 },
 {
  "action": {
   "type": "block"
  },
  "condition": {
   "isUrlFilterCaseSensitive": false,
   "urlFilter": "||suntory.co.jp/softdrink/craftboss/flash/assets/js/main.js"
  },
  "id": 359
 },
 {
  "action": {
   "type": "block"
  },
  "condition": {
   "isUrlFilterCaseSensitive": false,
   "urlFilter": "||tmgrup.com.tr/*/pageprotection.js"
  },
  "id": 360
 },
 {
  "action": {
   "type": "block"
  },
  "condition": {
   "isUrlFilterCaseSensitive": false,
   "urlFilter": "||profilki.pl/kody/niekopiuj.js"
  },
  "id": 361
 },
 {
  "action": {
   "type": "block"
  },
  "condition": {
   "isUrlFilterCaseSensitive": false,
   "urlFilter": "||bajery.net/adds/copy_b.php"
  },
  "id": 362
 },
 {
  "action": {
   "type": "block"
  },
  "condition": {
   "isUrlFilterCaseSensitive": false,
   "urlFilter": "||xn--b1aew.xn--p1ai/media/*/js/nocopy.js"
  },
  "id": 363
 },
 {
  "action": {
   "type": "block"
  },
  "condition": {
   "isUrlFilterCaseSensitive": false,
   "urlFilter": "||cdn.web.tv/asset/javascripts/smothscroll.min.js"
  },
  "id": 364
 },
 {
  "action": {
   "type": "block"
  },
  "condition": {
   "isUrlFilterCaseSensitive": false,
   "urlFilter": "||serialuk.net/js/copyright.js"
  },
  "id": 365
 },
 {
  "action": {
   "type": "block"
  },
  "condition": {
   "requestDomains": [
    "banner.consultant.ru",
    "contributions.guardianapis.com",
    "illicium.web.money",
    "illicium.wmtransfer.com",
    "shop.kicker.de"
   ]
  },
  "id": 366
 },
 {
  "action": {
   "type": "block"
  },
  "condition": {
   "isUrlFilterCaseSensitive": false,
   "resourceTypes": [
    "image"
   ],
   "urlFilter": "||appewa.com/assets/promo-"
  },
  "id": 367
 },
 {
  "action": {
   "type": "block"
  },
  "condition": {
   "initiatorDomains": [
    "realestate.yahoo.co.jp"
   ],
   "isUrlFilterCaseSensitive": false,
   "resourceTypes": [
    "image"
   ],
   "urlFilter": "||yimg.jp/images/realestate/special/*comptopimpact_"
  },
  "id": 368
 },
 {
  "action": {
   "type": "block"
  },
  "condition": {
   "initiatorDomains": [
    "nijiyome.jp"
   ],
   "isUrlFilterCaseSensitive": false,
   "resourceTypes": [
    "image"
   ],
   "urlFilter": "||nijiyome.com/nijiyome-img/img/banners/*/topjack_"
  },
  "id": 369
 },
 {
  "action": {
   "type": "block"
  },
  "condition": {
   "isUrlFilterCaseSensitive": false,
   "resourceTypes": [
    "image"
   ],
   "urlFilter": "||spinny.com/blog/wp-content/uploads/*/*withcta"
  },
  "id": 370
 },
 {
  "action": {
   "type": "block"
  },
  "condition": {
   "initiatorDomains": [
    "lanka.ru"
   ],
   "isUrlFilterCaseSensitive": false,
   "resourceTypes": [
    "script"
   ],
   "urlFilter": "/pandalocker."
  },
  "id": 371
 },
 {
  "action": {
   "type": "block"
  },
  "condition": {
   "isUrlFilterCaseSensitive": false,
   "resourceTypes": [
    "script"
   ],
   "urlFilter": "||player.cnevids.com/interlude/gq*&rightrail=true"
  },
  "id": 372
 },
 {
  "action": {
   "type": "block"
  },
  "condition": {
   "initiatorDomains": [
    "cloud.mail.ru"
   ],
   "isUrlFilterCaseSensitive": false,
   "resourceTypes": [
    "sub_frame"
   ],
   "urlFilter": "||r.mradx.net^*.html?data="
  },
  "id": 373
 },
 {
  "action": {
   "type": "block"
  },
  "condition": {
   "initiatorDomains": [
    "investors.com"
   ],
   "isUrlFilterCaseSensitive": false,
   "resourceTypes": [
    "sub_frame"
   ],
   "urlFilter": "||shop.investors.com/images/promotional/shop/*/index.html"
  },
  "id": 374
 },
 {
  "action": {
   "type": "block"
  },
  "condition": {
   "isUrlFilterCaseSensitive": false,
   "resourceTypes": [
    "media"
   ],
   "urlFilter": "||news.sy/wp-content/uploads/syr."
  },
  "id": 375
 },
 {
  "action": {
   "type": "block"
  },
  "condition": {
   "initiatorDomains": [
    "cnews.ru"
   ],
   "isUrlFilterCaseSensitive": false,
   "resourceTypes": [
    "media"
   ],
   "urlFilter": "||filearchive.cnews.ru/*promo"
  },
  "id": 376
 },
 {
  "action": {
   "type": "block"
  },
  "condition": {
   "domainType": "firstParty",
   "isUrlFilterCaseSensitive": false,
   "resourceTypes": [
    "image"
   ],
   "urlFilter": "||news.sod.co.jp/wp-content/uploads/*/prime_cp_"
  },
  "id": 377
 },
 {
  "action": {
   "type": "block"
  },
  "condition": {
   "domainType": "thirdParty",
   "requestDomains": [
    "belezaedieta.com",
    "coin-hive.com",
    "coinhive.com",
    "ext-stat.ru",
    "mystatext.ru",
    "point.widget.rakuten.co.jp",
    "usefomo.com",
    "xhamsterpremium.com"
   ]
  },
  "id": 378
 },
 {
  "action": {
   "type": "block"
  },
  "condition": {
   "domainType": "thirdParty",
   "isUrlFilterCaseSensitive": false,
   "urlFilter": "||vkstorm.ru/banners/"
  },
  "id": 379
 },
 {
  "action": {
   "type": "block"
  },
  "condition": {
   "domainType": "thirdParty",
   "excludedInitiatorDomains": [
    "sportowefakty.wp.pl",
    "ultra-soccer.jp"
   ],
   "requestDomains": [
    "embed.dugout.com"
   ],
   "resourceTypes": [
    "script"
   ]
  },
  "id": 380
 },
 {
  "action": {
   "type": "allow"
  },
  "condition": {
   "initiatorDomains": [
    "m.iqiyi.com"
   ],
   "isUrlFilterCaseSensitive": false,
   "urlFilter": "||t7z.cupid.iqiyi.com/show2?e"
  },
  "id": 381
 },
 {
  "action": {
   "type": "allow"
  },
  "condition": {
   "initiatorDomains": [
    "ibizaglobalradio.com",
    "nanonet.pl"
   ],
   "isUrlFilterCaseSensitive": false,
   "urlFilter": "||static.mailerlite.com/js/jquery.validate.min.js"
  },
  "id": 382
 },
 {
  "action": {
   "type": "allow"
  },
  "condition": {
   "initiatorDomains": [
    "statesman-tx.newsmemory.com"
   ],
   "isUrlFilterCaseSensitive": false,
   "urlFilter": "||statesman.com/section/widget-eedition-ads"
  },
  "id": 383
 }
]
