[
 {
  "action": {
   "type": "block"
  },
  "condition": {
   "isUrlFilterCaseSensitive": false,
   "urlFilter": "||2mdn.net/2629844/"
  },
  "id": 1
 },
 {
  "action": {
   "type": "block"
  },
  "condition": {
   "isUrlFilterCaseSensitive": false,
   "urlFilter": "||65.109.238.16/openx-2.4.6/www/delivery/"
  },
  "id": 2
 },
 {
  "action": {
   "type": "block"
  },
  "condition": {
   "isUrlFilterCaseSensitive": false,
   "urlFilter": "||ads.e-go.gr/gbanner/"
  },
  "id": 3
 },
 {
  "action": {
   "type": "block"
  },
  "condition": {
   "isUrlFilterCaseSensitive": false,
   "urlFilter": "||agronews.gr/images/banners/"
  },
  "id": 4
 },
 {
  "action": {
   "type": "block"
  },
  "condition": {
   "isUrlFilterCaseSensitive": false,
   "urlFilter": "||alogos.gr/images/banners/"
  },
  "id": 5
 },
 {
  "action": {
   "type": "block"
  },
  "condition": {
   "isUrlFilterCaseSensitive": false,
   "urlFilter": "||anendotos.gr/ads/"
  },
  "id": 6
 },
 {
  "action": {
   "type": "block"
  },
  "condition": {
   "isUrlFilterCaseSensitive": false,
   "urlFilter": "||astrack.mediacdn.com/ipquery?siteorigin=sportfm"
  },
  "id": 7
 },
 {
  "action": {
   "type": "block"
  },
  "condition": {
   "isUrlFilterCaseSensitive": false,
   "urlFilter": "||asxetos.gr/ban/"
  },
  "id": 8
 },
 {
  "action": {
   "type": "block"
  },
  "condition": {
   "isUrlFilterCaseSensitive": false,
   "urlFilter": "||avclub.gr/forum/images/banners/"
  },
  "id": 9
 },
 {
  "action": {
   "type": "block"
  },
  "condition": {
   "isUrlFilterCaseSensitive": false,
   "urlFilter": "||avgi.gr/images/photoarchive/banners/"
  },
  "id": 10
 },
 {
  "action": {
   "type": "block"
  },
  "condition": {
   "isUrlFilterCaseSensitive": false,
   "urlFilter": "||avopolis.gr/banners/*.swf"
  },
  "id": 11
 },
 {
  "action": {
   "type": "block"
  },
  "condition": {
   "isUrlFilterCaseSensitive": false,
   "urlFilter": "||avopolis.gr/images/ote*.gif"
  },
  "id": 12
 },
 {
  "action": {
   "type": "block"
  },
  "condition": {
   "isUrlFilterCaseSensitive": false,
   "urlFilter": "||avopolis.gr/images/backskin5.gif"
  },
  "id": 13
 },
 {
  "action": {
   "type": "block"
  },
  "condition": {
   "isUrlFilterCaseSensitive": false,
   "urlFilter": "||ax-easy.com/banners/"
  },
  "id": 14
 },
 {
  "action": {
   "type": "block"
  },
  "condition": {
   "isUrlFilterCaseSensitive": false,
   "urlFilter": "||banners.otenet.gr/banner/all_banners/"
  },
  "id": 15
 },
 {
  "action": {
   "type": "block"
  },
  "condition": {
   "isUrlFilterCaseSensitive": false,
   "urlFilter": "||bestprice.gr/promos/allshops/"
  },
  "id": 16
 },
 {
  "action": {
   "type": "block"
  },
  "condition": {
   "isUrlFilterCaseSensitive": false,
   "urlFilter": "||boukouvalas.org/*.gif^"
  },
  "id": 17
 },
 {
  "action": {
   "type": "block"
  },
  "condition": {
   "isUrlFilterCaseSensitive": false,
   "urlFilter": "||cacheserve.williamhill.com/"
  },
  "id": 18
 },
 {
  "action": {
   "type": "block"
  },
  "condition": {
   "isUrlFilterCaseSensitive": false,
   "urlFilter": "||cacheserve.williamhillcasino.com/"
  },
  "id": 19
 },
 {
  "action": {
   "type": "block"
  },
  "condition": {
   "isUrlFilterCaseSensitive": false,
   "urlFilter": "||capital.gr/banners/staticbanners/"
  },
  "id": 20
 },
 {
  "action": {
   "type": "block"
  },
  "condition": {
   "isUrlFilterCaseSensitive": false,
   "urlFilter": "||connextra.com/vistabet/"
  },
  "id": 21
 },
 {
  "action": {
   "type": "block"
  },
  "condition": {
   "isUrlFilterCaseSensitive": false,
   "urlFilter": "||contra.gr/xml/sponsors/"
  },
  "id": 22
 },
 {
  "action": {
   "type": "block"
  },
  "condition": {
   "isUrlFilterCaseSensitive": false,
   "urlFilter": "||corfuland.gr/images/banners/"
  },
  "id": 23
 },
 {
  "action": {
   "type": "block"
  },
  "condition": {
   "isUrlFilterCaseSensitive": false,
   "urlFilter": "||dev.realize.gr/temp/away.swf?"
  },
  "id": 24
 },
 {
  "action": {
   "type": "block"
  },
  "condition": {
   "isUrlFilterCaseSensitive": false,
   "urlFilter": "||e-cannibals.gr/blog/wp-content/uploads/kanivaloiad.jpg^"
  },
  "id": 25
 },
 {
  "action": {
   "type": "block"
  },
  "condition": {
   "isUrlFilterCaseSensitive": false,
   "urlFilter": "||e-cannibals.gr/blog/wp-content/uploads/sm_kanivaloiad.jpg^"
  },
  "id": 26
 },
 {
  "action": {
   "type": "block"
  },
  "condition": {
   "isUrlFilterCaseSensitive": false,
   "urlFilter": "||e-cannibals.gr/blog/wp-content/uploads/somafusion_adsb.jpg^"
  },
  "id": 27
 },
 {
  "action": {
   "type": "block"
  },
  "condition": {
   "isUrlFilterCaseSensitive": false,
   "urlFilter": "||e-shop.gr/banners/spamet.swf^"
  },
  "id": 28
 },
 {
  "action": {
   "type": "block"
  },
  "condition": {
   "isUrlFilterCaseSensitive": false,
   "urlFilter": "||edu4u.gr/portals/0/banners/"
  },
  "id": 29
 },
 {
  "action": {
   "type": "block"
  },
  "condition": {
   "isUrlFilterCaseSensitive": false,
   "urlFilter": "||epiruspost.gr/images/banners/"
  },
  "id": 30
 },
 {
  "action": {
   "type": "block"
  },
  "condition": {
   "isUrlFilterCaseSensitive": false,
   "urlFilter": "||files.capital.gr/adserver/"
  },
  "id": 31
 },
 {
  "action": {
   "type": "block"
  },
  "condition": {
   "isUrlFilterCaseSensitive": false,
   "urlFilter": "||files.capital.gr/banners/"
  },
  "id": 32
 },
 {
  "action": {
   "type": "block"
  },
  "condition": {
   "isUrlFilterCaseSensitive": false,
   "urlFilter": "||files.capital.gr/images/dowjones/dowjones_home_logo_small.jpg"
  },
  "id": 33
 },
 {
  "action": {
   "type": "block"
  },
  "condition": {
   "isUrlFilterCaseSensitive": false,
   "urlFilter": "||flights.gr/tromaktikos/"
  },
  "id": 34
 },
 {
  "action": {
   "type": "block"
  },
  "condition": {
   "isUrlFilterCaseSensitive": false,
   "urlFilter": "||forthnet.gr/media/banners/driveme/"
  },
  "id": 35
 },
 {
  "action": {
   "type": "block"
  },
  "condition": {
   "isUrlFilterCaseSensitive": false,
   "urlFilter": "||geoloc12.geovisite.com:82/private/geocounter.js"
  },
  "id": 36
 },
 {
  "action": {
   "type": "block"
  },
  "condition": {
   "isUrlFilterCaseSensitive": false,
   "urlFilter": "||gpoint.com.gr/*.swf^"
  },
  "id": 37
 },
 {
  "action": {
   "type": "block"
  },
  "condition": {
   "isUrlFilterCaseSensitive": false,
   "urlFilter": "||greeklug.gr/images/banners/"
  },
  "id": 38
 },
 {
  "action": {
   "type": "block"
  },
  "condition": {
   "isUrlFilterCaseSensitive": false,
   "urlFilter": "||greektube.org/images/banners/"
  },
  "id": 39
 },
 {
  "action": {
   "type": "block"
  },
  "condition": {
   "isUrlFilterCaseSensitive": false,
   "urlFilter": "||imagehosting.gr/images/"
  },
  "id": 40
 },
 {
  "action": {
   "type": "block"
  },
  "condition": {
   "isUrlFilterCaseSensitive": false,
   "urlFilter": "||imageshack.gr/banners/"
  },
  "id": 41
 },
 {
  "action": {
   "type": "block"
  },
  "condition": {
   "isUrlFilterCaseSensitive": false,
   "urlFilter": "||imagine897.gr/dat/"
  },
  "id": 42
 },
 {
  "action": {
   "type": "block"
  },
  "condition": {
   "isUrlFilterCaseSensitive": false,
   "urlFilter": "||imerisia.gr/slidingpen/"
  },
  "id": 43
 },
 {
  "action": {
   "type": "block"
  },
  "condition": {
   "isUrlFilterCaseSensitive": false,
   "urlFilter": "||in.gr/banners/"
  },
  "id": 44
 },
 {
  "action": {
   "type": "block"
  },
  "condition": {
   "isUrlFilterCaseSensitive": false,
   "urlFilter": "||in.gr/files/1/2010/ingr-ovinokia.gif"
  },
  "id": 45
 },
 {
  "action": {
   "type": "block"
  },
  "condition": {
   "isUrlFilterCaseSensitive": false,
   "urlFilter": "||in.gr/files/1/sponsors/"
  },
  "id": 46
 },
 {
  "action": {
   "type": "block"
  },
  "condition": {
   "isUrlFilterCaseSensitive": false,
   "urlFilter": "||in.gr/googleadscode/"
  },
  "id": 47
 },
 {
  "action": {
   "type": "block"
  },
  "condition": {
   "isUrlFilterCaseSensitive": false,
   "urlFilter": "||insomnia.gr/templates/insomnia/images/battleleft.jpg^"
  },
  "id": 48
 },
 {
  "action": {
   "type": "block"
  },
  "condition": {
   "isUrlFilterCaseSensitive": false,
   "urlFilter": "||insomnia.gr/templates/insomnia/images/cartoonbattle.jpg^"
  },
  "id": 49
 },
 {
  "action": {
   "type": "block"
  },
  "condition": {
   "isUrlFilterCaseSensitive": false,
   "urlFilter": "||ioannina24.gr//images/banners/"
  },
  "id": 50
 },
 {
  "action": {
   "type": "block"
  },
  "condition": {
   "isUrlFilterCaseSensitive": false,
   "urlFilter": "||ioannina24.gr/images/banners/"
  },
  "id": 51
 },
 {
  "action": {
   "type": "block"
  },
  "condition": {
   "isUrlFilterCaseSensitive": false,
   "urlFilter": "||kathimerini.gr/webadmin/ellada/bca/"
  },
  "id": 52
 },
 {
  "action": {
   "type": "block"
  },
  "condition": {
   "isUrlFilterCaseSensitive": false,
   "urlFilter": "||kathimerini.gr/webadmin/glife/chartis/"
  },
  "id": 53
 },
 {
  "action": {
   "type": "block"
  },
  "condition": {
   "isUrlFilterCaseSensitive": false,
   "urlFilter": "||kathimerini.gr/webadmin/techno/connx/"
  },
  "id": 54
 },
 {
  "action": {
   "type": "block"
  },
  "condition": {
   "isUrlFilterCaseSensitive": false,
   "urlFilter": "||lifo.gr/adsimg/"
  },
  "id": 55
 },
 {
  "action": {
   "type": "block"
  },
  "condition": {
   "isUrlFilterCaseSensitive": false,
   "urlFilter": "||livikos.gr/adserver/"
  },
  "id": 56
 },
 {
  "action": {
   "type": "block"
  },
  "condition": {
   "isUrlFilterCaseSensitive": false,
   "urlFilter": "||makthes.gr/filestore/banners/"
  },
  "id": 57
 },
 {
  "action": {
   "type": "block"
  },
  "condition": {
   "isUrlFilterCaseSensitive": false,
   "urlFilter": "||media.adslgr.com/www/images/1a31027deca376bfb2a140554a29a047.jpg^"
  },
  "id": 58
 },
 {
  "action": {
   "type": "block"
  },
  "condition": {
   "isUrlFilterCaseSensitive": false,
   "urlFilter": "||media.adslgr.com/www/images/8d9b102aab0f8990eeeef58b57ed2c49.gif^"
  },
  "id": 59
 },
 {
  "action": {
   "type": "block"
  },
  "condition": {
   "isUrlFilterCaseSensitive": false,
   "urlFilter": "||media.adslgr.com/www/images/934adc119cb74c815df8b1697cae4c98.png^"
  },
  "id": 60
 },
 {
  "action": {
   "type": "block"
  },
  "condition": {
   "isUrlFilterCaseSensitive": false,
   "urlFilter": "||media2.feed.gr/filesystem/images/20090810/low/"
  },
  "id": 61
 },
 {
  "action": {
   "type": "block"
  },
  "condition": {
   "isUrlFilterCaseSensitive": false,
   "urlFilter": "||media2.feed.gr/pegasus/multimedia/swf/"
  },
  "id": 62
 },
 {
  "action": {
   "type": "block"
  },
  "condition": {
   "isUrlFilterCaseSensitive": false,
   "urlFilter": "||meteo.gr/addscust/"
  },
  "id": 63
 },
 {
  "action": {
   "type": "block"
  },
  "condition": {
   "isUrlFilterCaseSensitive": false,
   "urlFilter": "||meteo.gr/absolutebmxe/banners/"
  },
  "id": 64
 },
 {
  "action": {
   "type": "block"
  },
  "condition": {
   "isUrlFilterCaseSensitive": false,
   "urlFilter": "||michanikos.gr/images/banner/"
  },
  "id": 65
 },
 {
  "action": {
   "type": "block"
  },
  "condition": {
   "isUrlFilterCaseSensitive": false,
   "urlFilter": "||moneybookers.com/images/banners/gr/"
  },
  "id": 66
 },
 {
  "action": {
   "type": "block"
  },
  "condition": {
   "isUrlFilterCaseSensitive": false,
   "urlFilter": "||myshopper.gr/ads/"
  },
  "id": 67
 },
 {
  "action": {
   "type": "block"
  },
  "condition": {
   "isUrlFilterCaseSensitive": false,
   "urlFilter": "||neo.gr/images/banners/"
  },
  "id": 68
 },
 {
  "action": {
   "type": "block"
  },
  "condition": {
   "isUrlFilterCaseSensitive": false,
   "urlFilter": "||neo.gr/website/ebuy-shops/"
  },
  "id": 69
 },
 {
  "action": {
   "type": "block"
  },
  "condition": {
   "isUrlFilterCaseSensitive": false,
   "urlFilter": "||paokmania.gr/images/banner_"
  },
  "id": 70
 },
 {
  "action": {
   "type": "block"
  },
  "condition": {
   "isUrlFilterCaseSensitive": false,
   "urlFilter": "||paokmania.gr/images/banners/"
  },
  "id": 71
 },
 {
  "action": {
   "type": "block"
  },
  "condition": {
   "isUrlFilterCaseSensitive": false,
   "urlFilter": "||paokmania.gr/images/stories/"
  },
  "id": 72
 },
 {
  "action": {
   "type": "block"
  },
  "condition": {
   "isUrlFilterCaseSensitive": false,
   "urlFilter": "||partypartners.com/images/marketing-materials/partycasino/greek/"
  },
  "id": 73
 },
 {
  "action": {
   "type": "block"
  },
  "condition": {
   "isUrlFilterCaseSensitive": false,
   "urlFilter": "||plaisio.gr/bannerimages/0910/"
  },
  "id": 74
 },
 {
  "action": {
   "type": "block"
  },
  "condition": {
   "isUrlFilterCaseSensitive": false,
   "urlFilter": "||politis-news.com/banners/"
  },
  "id": 75
 },
 {
  "action": {
   "type": "block"
  },
  "condition": {
   "isUrlFilterCaseSensitive": false,
   "urlFilter": "||prasini.gr/images/stories/banners/"
  },
  "id": 76
 },
 {
  "action": {
   "type": "block"
  },
  "condition": {
   "isUrlFilterCaseSensitive": false,
   "urlFilter": "||protothema.gr/hyperads/"
  },
  "id": 77
 },
 {
  "action": {
   "type": "block"
  },
  "condition": {
   "isUrlFilterCaseSensitive": false,
   "urlFilter": "||real.gr/files/advbanners/"
  },
  "id": 78
 },
 {
  "action": {
   "type": "block"
  },
  "condition": {
   "isUrlFilterCaseSensitive": false,
   "urlFilter": "||resources.sport-fm.gr/sportfm/banners/"
  },
  "id": 79
 },
 {
  "action": {
   "type": "block"
  },
  "condition": {
   "isUrlFilterCaseSensitive": false,
   "urlFilter": "||resources.sport-fm.gr/supersportfm/images/layout/campaigns/"
  },
  "id": 80
 },
 {
  "action": {
   "type": "block"
  },
  "condition": {
   "isUrlFilterCaseSensitive": false,
   "urlFilter": "||scdn.gr/images/helmet/promo_material/"
  },
  "id": 81
 },
 {
  "action": {
   "type": "block"
  },
  "condition": {
   "isUrlFilterCaseSensitive": false,
   "urlFilter": "||sport-fm.gr/resrc/images/layout/campaigns/eshop/"
  },
  "id": 82
 },
 {
  "action": {
   "type": "block"
  },
  "condition": {
   "isUrlFilterCaseSensitive": false,
   "urlFilter": "||sport-fm.gr/resrc/images/layout/campaigns/europa/"
  },
  "id": 83
 },
 {
  "action": {
   "type": "block"
  },
  "condition": {
   "isUrlFilterCaseSensitive": false,
   "urlFilter": "||sport24.gr/ast/ads/fil/"
  },
  "id": 84
 },
 {
  "action": {
   "type": "block"
  },
  "condition": {
   "isUrlFilterCaseSensitive": false,
   "urlFilter": "||sportsioannina.gr/images/stories/ads/"
  },
  "id": 85
 },
 {
  "action": {
   "type": "block"
  },
  "condition": {
   "isUrlFilterCaseSensitive": false,
   "urlFilter": "||star-tv.gr/assets/media/swf/"
  },
  "id": 86
 },
 {
  "action": {
   "type": "block"
  },
  "condition": {
   "isUrlFilterCaseSensitive": false,
   "urlFilter": "||static01.aek365.gr/ads/"
  },
  "id": 87
 },
 {
  "action": {
   "type": "block"
  },
  "condition": {
   "isUrlFilterCaseSensitive": false,
   "urlFilter": "||stercinemas.gr/stercinemas/sterimageslive/banners/right%20banners/emporiki"
  },
  "id": 88
 },
 {
  "action": {
   "type": "block"
  },
  "condition": {
   "isUrlFilterCaseSensitive": false,
   "urlFilter": "||stercinemas.gr/stercinemas/sterimageslive/nescafe"
  },
  "id": 89
 },
 {
  "action": {
   "type": "block"
  },
  "condition": {
   "isUrlFilterCaseSensitive": false,
   "urlFilter": "||tech.in.gr/themes/1/default/media/technology/skin/htc_left.jpg^"
  },
  "id": 90
 },
 {
  "action": {
   "type": "block"
  },
  "condition": {
   "isUrlFilterCaseSensitive": false,
   "urlFilter": "||tech.in.gr/themes/1/default/media/technology/skin/htc_right.jpg^"
  },
  "id": 91
 },
 {
  "action": {
   "type": "block"
  },
  "condition": {
   "isUrlFilterCaseSensitive": false,
   "urlFilter": "||tech.in.gr/themes/1/default/media/technology/htc-1280grey.jpg^"
  },
  "id": 92
 },
 {
  "action": {
   "type": "block"
  },
  "condition": {
   "isUrlFilterCaseSensitive": false,
   "urlFilter": "||videos.stifora.gr/banners/"
  },
  "id": 93
 },
 {
  "action": {
   "type": "block"
  },
  "condition": {
   "isUrlFilterCaseSensitive": false,
   "urlFilter": "||villagecinemas.gr/media/banners/"
  },
  "id": 94
 },
 {
  "action": {
   "type": "block"
  },
  "condition": {
   "isUrlFilterCaseSensitive": false,
   "urlFilter": "||vrisko.gr/logos/public/tromaktiko/3-300x250.swf^"
  },
  "id": 95
 },
 {
  "action": {
   "type": "block"
  },
  "condition": {
   "isUrlFilterCaseSensitive": false,
   "urlFilter": "||wagershare.com/affiliate_media/flashbanners/"
  },
  "id": 96
 },
 {
  "action": {
   "type": "block"
  },
  "condition": {
   "isUrlFilterCaseSensitive": false,
   "urlFilter": "||wk.kathimerini.gr/webadmin/woman/gifsxor/"
  },
  "id": 97
 },
 {
  "action": {
   "type": "block"
  },
  "condition": {
   "isUrlFilterCaseSensitive": false,
   "urlFilter": "||xe.gr/professionalservices/banners/"
  },
  "id": 98
 },
 {
  "action": {
   "type": "block"
  },
  "condition": {
   "isUrlFilterCaseSensitive": false,
   "urlFilter": "||zougla.gr/hyperads/"
  },
  "id": 99
 },
 {
  "action": {
   "type": "block"
  },
  "condition": {
   "isUrlFilterCaseSensitive": false,
   "urlFilter": "||zougla.gr/uploads/thomas/travel_city_banner*"
  },
  "id": 100
 },
 {
  "action": {
   "type": "block"
  },
  "condition": {
   "isUrlFilterCaseSensitive": false,
   "urlFilter": "||2810.gr/images/2810photo/pelates1/"
  },
  "id": 101
 },
 {
  "action": {
   "type": "block"
  },
  "condition": {
   "isUrlFilterCaseSensitive": false,
   "urlFilter": "||alfavita.gr/sites/default/files/efsyn_4.png"
  },
  "id": 102
 },
 {
  "action": {
   "type": "block"
  },
  "condition": {
   "isUrlFilterCaseSensitive": false,
   "urlFilter": "||alfavita.gr/sites/www.alfavita.gr/themes/mixon/images/bannernew.swf"
  },
  "id": 103
 },
 {
  "action": {
   "type": "block"
  },
  "condition": {
   "isUrlFilterCaseSensitive": false,
   "urlFilter": "||apergia.gr/images/adds/"
  },
  "id": 104
 },
 {
  "action": {
   "type": "block"
  },
  "condition": {
   "isUrlFilterCaseSensitive": false,
   "urlFilter": "||argiro.gr/images/promotions/"
  },
  "id": 105
 },
 {
  "action": {
   "type": "block"
  },
  "condition": {
   "isUrlFilterCaseSensitive": false,
   "urlFilter": "||athensvoice.gr/files/honda/"
  },
  "id": 106
 },
 {
  "action": {
   "type": "block"
  },
  "condition": {
   "isUrlFilterCaseSensitive": false,
   "urlFilter": "||athensvoice.gr/files/samsung/"
  },
  "id": 107
 },
 {
  "action": {
   "type": "block"
  },
  "condition": {
   "isUrlFilterCaseSensitive": false,
   "urlFilter": "||athensvoice.gr/files/tezenis/"
  },
  "id": 108
 },
 {
  "action": {
   "type": "block"
  },
  "condition": {
   "isUrlFilterCaseSensitive": false,
   "urlFilter": "||athinorama.gr/adv/lmnts/"
  },
  "id": 109
 },
 {
  "action": {
   "type": "block"
  },
  "condition": {
   "isUrlFilterCaseSensitive": false,
   "urlFilter": "||athinorama.gr/lmnts/skins/"
  },
  "id": 110
 },
 {
  "action": {
   "type": "block"
  },
  "condition": {
   "isUrlFilterCaseSensitive": false,
   "urlFilter": "||away.gr/wp-content/themes/carrington_away/images/footer_l.jpg"
  },
  "id": 111
 },
 {
  "action": {
   "type": "block"
  },
  "condition": {
   "isUrlFilterCaseSensitive": false,
   "urlFilter": "||bourdela.com/images/banners/"
  },
  "id": 112
 },
 {
  "action": {
   "type": "block"
  },
  "condition": {
   "isUrlFilterCaseSensitive": false,
   "urlFilter": "||bourdela.com/studiobanners/"
  },
  "id": 113
 },
 {
  "action": {
   "type": "block"
  },
  "condition": {
   "isUrlFilterCaseSensitive": false,
   "urlFilter": "||call.thebutterfly.eu/snippet/"
  },
  "id": 114
 },
 {
  "action": {
   "type": "block"
  },
  "condition": {
   "isUrlFilterCaseSensitive": false,
   "urlFilter": "||cdn.cnngreece.gr/media/com_news/ads/4/skin_new_cosmote_2.jpg"
  },
  "id": 115
 },
 {
  "action": {
   "type": "block"
  },
  "condition": {
   "isUrlFilterCaseSensitive": false,
   "urlFilter": "||cdn.cnngreece.gr/templates/kgt_cnn/images/sponsors/videobox_1800x900.png"
  },
  "id": 116
 },
 {
  "action": {
   "type": "block"
  },
  "condition": {
   "isUrlFilterCaseSensitive": false,
   "urlFilter": "||cdn1.bbend.net/media/com_news/ads/"
  },
  "id": 117
 },
 {
  "action": {
   "type": "block"
  },
  "condition": {
   "isUrlFilterCaseSensitive": false,
   "urlFilter": "||cheapis.gr/widget/"
  },
  "id": 118
 },
 {
  "action": {
   "type": "block"
  },
  "condition": {
   "isUrlFilterCaseSensitive": false,
   "urlFilter": "||clickgr.gr/picture_library/"
  },
  "id": 119
 },
 {
  "action": {
   "type": "block"
  },
  "condition": {
   "isUrlFilterCaseSensitive": false,
   "urlFilter": "||comedylab.gr/ad/"
  },
  "id": 120
 },
 {
  "action": {
   "type": "block"
  },
  "condition": {
   "isUrlFilterCaseSensitive": false,
   "urlFilter": "||commission.gr/on/"
  },
  "id": 121
 },
 {
  "action": {
   "type": "block"
  },
  "condition": {
   "isUrlFilterCaseSensitive": false,
   "urlFilter": "||contra.gr/*/binary/original/adidas*.js"
  },
  "id": 122
 },
 {
  "action": {
   "type": "block"
  },
  "condition": {
   "isUrlFilterCaseSensitive": false,
   "urlFilter": "||contra.gr/basketball/article1799945.ece/binary/original"
  },
  "id": 123
 },
 {
  "action": {
   "type": "block"
  },
  "condition": {
   "isUrlFilterCaseSensitive": false,
   "urlFilter": "||contra.gr/columns/paparazzi/article1188372.ece/binary/original"
  },
  "id": 124
 },
 {
  "action": {
   "type": "block"
  },
  "condition": {
   "isUrlFilterCaseSensitive": false,
   "urlFilter": "||contra.gr/columns/article1348068.ece/binary/original"
  },
  "id": 125
 },
 {
  "action": {
   "type": "block"
  },
  "condition": {
   "isUrlFilterCaseSensitive": false,
   "urlFilter": "||contra.gr/soccer/article1188569.ece/binary/"
  },
  "id": 126
 },
 {
  "action": {
   "type": "block"
  },
  "condition": {
   "isUrlFilterCaseSensitive": false,
   "urlFilter": "||contra.gr/soccer/article1188575.ece/binary/"
  },
  "id": 127
 },
 {
  "action": {
   "type": "block"
  },
  "condition": {
   "isUrlFilterCaseSensitive": false,
   "urlFilter": "||contra.gr/genika/article1698130.ece/binary/original/ts.jpg"
  },
  "id": 128
 },
 {
  "action": {
   "type": "block"
  },
  "condition": {
   "isUrlFilterCaseSensitive": false,
   "urlFilter": "||contra.gr/genika/article1805738.ece/binary/original/cbg.png"
  },
  "id": 129
 },
 {
  "action": {
   "type": "block"
  },
  "condition": {
   "isUrlFilterCaseSensitive": false,
   "urlFilter": "||contra.gr/genika/article1938232.ece/binary/original/header.png"
  },
  "id": 130
 },
 {
  "action": {
   "type": "block"
  },
  "condition": {
   "isUrlFilterCaseSensitive": false,
   "urlFilter": "||contra.gr/genika/article2841960.ece/binary/original/contra-editors-skin.jpg"
  },
  "id": 131
 },
 {
  "action": {
   "type": "block"
  },
  "condition": {
   "isUrlFilterCaseSensitive": false,
   "urlFilter": "||contra.gr/incoming/article4110736.ece/binary/original/stoiximan_contra.png"
  },
  "id": 132
 },
 {
  "action": {
   "type": "block"
  },
  "condition": {
   "isUrlFilterCaseSensitive": false,
   "urlFilter": "||contra.gr/latest/article1196807.ece/binary/"
  },
  "id": 133
 },
 {
  "action": {
   "type": "block"
  },
  "condition": {
   "isUrlFilterCaseSensitive": false,
   "urlFilter": "||contra.gr/livematches/article1559168.ece/binary/original/contra_mc_opel_logo.png"
  },
  "id": 134
 },
 {
  "action": {
   "type": "block"
  },
  "condition": {
   "isUrlFilterCaseSensitive": false,
   "urlFilter": "||contra.gr/multimedia/article3498428.ece/binary/original/contra-articlepng.png"
  },
  "id": 135
 },
 {
  "action": {
   "type": "block"
  },
  "condition": {
   "isUrlFilterCaseSensitive": false,
   "urlFilter": "||contra.gr/multimedia/article3498429.ece/binary/original/sport24hp-left.png"
  },
  "id": 136
 },
 {
  "action": {
   "type": "block"
  },
  "condition": {
   "isUrlFilterCaseSensitive": false,
   "urlFilter": "||contra.gr/multimedia/article3508528.ece/binary/original/stoiximan.png"
  },
  "id": 137
 },
 {
  "action": {
   "type": "block"
  },
  "condition": {
   "isUrlFilterCaseSensitive": false,
   "urlFilter": "||contra.gr/multimedia/article3679751.ece/binary/original/contra-fasa-hp.png"
  },
  "id": 138
 },
 {
  "action": {
   "type": "block"
  },
  "condition": {
   "isUrlFilterCaseSensitive": false,
   "urlFilter": "||contra.gr/multimedia/article4122214.ece/binary/original/stoiximan-euro2016.jpg"
  },
  "id": 139
 },
 {
  "action": {
   "type": "block"
  },
  "condition": {
   "isUrlFilterCaseSensitive": false,
   "urlFilter": "||contra.gr/test/article1194453.ece/binary/original"
  },
  "id": 140
 },
 {
  "action": {
   "type": "block"
  },
  "condition": {
   "isUrlFilterCaseSensitive": false,
   "urlFilter": "||contra.gr/test/article1315085.ece/binary/"
  },
  "id": 141
 },
 {
  "action": {
   "type": "block"
  },
  "condition": {
   "isUrlFilterCaseSensitive": false,
   "urlFilter": "||contra.gr/test/article1315517.ece/binary/original"
  },
  "id": 142
 },
 {
  "action": {
   "type": "block"
  },
  "condition": {
   "isUrlFilterCaseSensitive": false,
   "urlFilter": "||contra.gr/test/article1316979.ece/binary/original"
  },
  "id": 143
 },
 {
  "action": {
   "type": "block"
  },
  "condition": {
   "isUrlFilterCaseSensitive": false,
   "urlFilter": "||contra.gr/vathmologies/article1589967.ece/binary/original/"
  },
  "id": 144
 },
 {
  "action": {
   "type": "block"
  },
  "condition": {
   "isUrlFilterCaseSensitive": false,
   "urlFilter": "||cosmo.gr/xml/sponsors/"
  },
  "id": 145
 },
 {
  "action": {
   "type": "block"
  },
  "condition": {
   "isUrlFilterCaseSensitive": false,
   "urlFilter": "||cosmo.gr/incoming/article1337227.ece/binary/"
  },
  "id": 146
 },
 {
  "action": {
   "type": "block"
  },
  "condition": {
   "isUrlFilterCaseSensitive": false,
   "urlFilter": "||cosmo.gr/latestarticles/article2315555.ece/binary/original"
  },
  "id": 147
 },
 {
  "action": {
   "type": "block"
  },
  "condition": {
   "isUrlFilterCaseSensitive": false,
   "urlFilter": "||cretalive.gr/flash/full_banner/"
  },
  "id": 148
 },
 {
  "action": {
   "type": "block"
  },
  "condition": {
   "isUrlFilterCaseSensitive": false,
   "urlFilter": "||cretalive.gr/img/frontend/banners/"
  },
  "id": 149
 },
 {
  "action": {
   "type": "block"
  },
  "condition": {
   "isUrlFilterCaseSensitive": false,
   "urlFilter": "||cretalive.gr/img/frontend/businesscatalog/"
  },
  "id": 150
 },
 {
  "action": {
   "type": "block"
  },
  "condition": {
   "isUrlFilterCaseSensitive": false,
   "urlFilter": "||dealin.gr/iframes/5/"
  },
  "id": 151
 },
 {
  "action": {
   "type": "block"
  },
  "condition": {
   "isUrlFilterCaseSensitive": false,
   "urlFilter": "||defencenet.gr/defence/images/aroma300x250_black.jpg"
  },
  "id": 152
 },
 {
  "action": {
   "type": "block"
  },
  "condition": {
   "isUrlFilterCaseSensitive": false,
   "urlFilter": "||defencenet.gr/defence/images/banners/"
  },
  "id": 153
 },
 {
  "action": {
   "type": "block"
  },
  "condition": {
   "isUrlFilterCaseSensitive": false,
   "urlFilter": "||dikaiologitika.gr/images/banners/defence1.gif"
  },
  "id": 154
 },
 {
  "action": {
   "type": "block"
  },
  "condition": {
   "isUrlFilterCaseSensitive": false,
   "urlFilter": "||e-ptolemeos.gr/wp-content/uploads/2017/05/roi-eid-ban.jpg"
  },
  "id": 155
 },
 {
  "action": {
   "type": "block"
  },
  "condition": {
   "isUrlFilterCaseSensitive": false,
   "urlFilter": "||ebusiness-interactive.forthnet.gr/portalsites/livescores/"
  },
  "id": 156
 },
 {
  "action": {
   "type": "block"
  },
  "condition": {
   "isUrlFilterCaseSensitive": false,
   "urlFilter": "||efsyn.gr/ads/"
  },
  "id": 157
 },
 {
  "action": {
   "type": "block"
  },
  "condition": {
   "isUrlFilterCaseSensitive": false,
   "urlFilter": "||efsyn.gr/wp-content/uploads/2013/10/banner*"
  },
  "id": 158
 },
 {
  "action": {
   "type": "block"
  },
  "condition": {
   "isUrlFilterCaseSensitive": false,
   "urlFilter": "||efsyn.gr/wp-content/uploads/2014/05/housebanner300x250d.jpg"
  },
  "id": 159
 },
 {
  "action": {
   "type": "block"
  },
  "condition": {
   "isUrlFilterCaseSensitive": false,
   "urlFilter": "||egnatiapost.gr/images/banners/"
  },
  "id": 160
 },
 {
  "action": {
   "type": "block"
  },
  "condition": {
   "isUrlFilterCaseSensitive": false,
   "urlFilter": "||egob2.feed.gr/filesystem/images/20130927/low/"
  },
  "id": 161
 },
 {
  "action": {
   "type": "block"
  },
  "condition": {
   "isUrlFilterCaseSensitive": false,
   "urlFilter": "||eleftheria.gr/images/banners^"
  },
  "id": 162
 },
 {
  "action": {
   "type": "block"
  },
  "condition": {
   "isUrlFilterCaseSensitive": false,
   "urlFilter": "||emea.gr/banner.php"
  },
  "id": 163
 },
 {
  "action": {
   "type": "block"
  },
  "condition": {
   "isUrlFilterCaseSensitive": false,
   "urlFilter": "||emea.gr/ftp_files/"
  },
  "id": 164
 },
 {
  "action": {
   "type": "block"
  },
  "condition": {
   "isUrlFilterCaseSensitive": false,
   "urlFilter": "||enikos.gr/banners/bg/"
  },
  "id": 165
 },
 {
  "action": {
   "type": "block"
  },
  "condition": {
   "isUrlFilterCaseSensitive": false,
   "urlFilter": "||entertv.gr/sites/default/files/entertv_skin*"
  },
  "id": 166
 },
 {
  "action": {
   "type": "block"
  },
  "condition": {
   "isUrlFilterCaseSensitive": false,
   "urlFilter": "||flix.gr/skins/"
  },
  "id": 167
 },
 {
  "action": {
   "type": "block"
  },
  "condition": {
   "isUrlFilterCaseSensitive": false,
   "urlFilter": "||flix.gr/static/skins/"
  },
  "id": 168
 },
 {
  "action": {
   "type": "block"
  },
  "condition": {
   "isUrlFilterCaseSensitive": false,
   "urlFilter": "||forthnet.gr/media/banners/geodata/"
  },
  "id": 169
 },
 {
  "action": {
   "type": "block"
  },
  "condition": {
   "isUrlFilterCaseSensitive": false,
   "urlFilter": "||fvcreatives.s3.amazonaws.com/perrier/20131115/banners/img/"
  },
  "id": 170
 },
 {
  "action": {
   "type": "block"
  },
  "condition": {
   "isUrlFilterCaseSensitive": false,
   "urlFilter": "||gameover.gr/images/promotion/fifa12/"
  },
  "id": 171
 },
 {
  "action": {
   "type": "block"
  },
  "condition": {
   "isUrlFilterCaseSensitive": false,
   "urlFilter": "||gazzetta.gr/images/banners/"
  },
  "id": 172
 },
 {
  "action": {
   "type": "block"
  },
  "condition": {
   "isUrlFilterCaseSensitive": false,
   "urlFilter": "||gazzetta.gr/sites/all/themes/basic/images/banners/pokerstar*.jpg"
  },
  "id": 173
 },
 {
  "action": {
   "type": "block"
  },
  "condition": {
   "isUrlFilterCaseSensitive": false,
   "urlFilter": "||gazzetta.gr/sites/default/files/anytime*.jpg"
  },
  "id": 174
 },
 {
  "action": {
   "type": "block"
  },
  "condition": {
   "isUrlFilterCaseSensitive": false,
   "urlFilter": "||gossip-tv.gr/images/banner*"
  },
  "id": 175
 },
 {
  "action": {
   "type": "block"
  },
  "condition": {
   "isUrlFilterCaseSensitive": false,
   "urlFilter": "||gossip-tv.gr/media/com_skins/skins/"
  },
  "id": 176
 },
 {
  "action": {
   "type": "block"
  },
  "condition": {
   "isUrlFilterCaseSensitive": false,
   "urlFilter": "||greek-movies.com/icon/banner*"
  },
  "id": 177
 },
 {
  "action": {
   "type": "block"
  },
  "condition": {
   "isUrlFilterCaseSensitive": false,
   "urlFilter": "||hiphop.gr/ads/"
  },
  "id": 178
 },
 {
  "action": {
   "type": "block"
  },
  "condition": {
   "isUrlFilterCaseSensitive": false,
   "urlFilter": "||iefimerida.gr/sites/all/themes/base/images/*chivas*"
  },
  "id": 179
 },
 {
  "action": {
   "type": "block"
  },
  "condition": {
   "isUrlFilterCaseSensitive": false,
   "urlFilter": "||imerisia.gr/images/top_stories_xorhgia2.gif"
  },
  "id": 180
 },
 {
  "action": {
   "type": "block"
  },
  "condition": {
   "isUrlFilterCaseSensitive": false,
   "urlFilter": "||in.gr/themes/1/default/media/adsl_in-gr_logo.jpg"
  },
  "id": 181
 },
 {
  "action": {
   "type": "block"
  },
  "condition": {
   "isUrlFilterCaseSensitive": false,
   "urlFilter": "||in.gr/themes/1/default/media/ub_180x18.gif"
  },
  "id": 182
 },
 {
  "action": {
   "type": "block"
  },
  "condition": {
   "isUrlFilterCaseSensitive": false,
   "urlFilter": "||in.gr/themes/1/default/media/woman/marie-claire-stamp.png"
  },
  "id": 183
 },
 {
  "action": {
   "type": "block"
  },
  "condition": {
   "isUrlFilterCaseSensitive": false,
   "urlFilter": "||in.gr/themes/1/default/media/chivas.gif"
  },
  "id": 184
 },
 {
  "action": {
   "type": "block"
  },
  "condition": {
   "isUrlFilterCaseSensitive": false,
   "urlFilter": "||in.gr/themes/1/default/media/havana180x18.jpg"
  },
  "id": 185
 },
 {
  "action": {
   "type": "block"
  },
  "condition": {
   "isUrlFilterCaseSensitive": false,
   "urlFilter": "||in.gr/themes/1/default/media/imommy.png"
  },
  "id": 186
 },
 {
  "action": {
   "type": "block"
  },
  "condition": {
   "isUrlFilterCaseSensitive": false,
   "urlFilter": "||in.gr/themes/1/default/media/logo-bp-ingr-95x20.gif"
  },
  "id": 187
 },
 {
  "action": {
   "type": "block"
  },
  "condition": {
   "isUrlFilterCaseSensitive": false,
   "urlFilter": "||in.gr/themes/1/default/media/logotravelplan_180x18.jpg"
  },
  "id": 188
 },
 {
  "action": {
   "type": "block"
  },
  "condition": {
   "isUrlFilterCaseSensitive": false,
   "urlFilter": "||in.gr/themes/1/default/media/logo_vb_1.jpg"
  },
  "id": 189
 },
 {
  "action": {
   "type": "block"
  },
  "condition": {
   "isUrlFilterCaseSensitive": false,
   "urlFilter": "||in.gr/themes/1/default/media/senso_pro*"
  },
  "id": 190
 },
 {
  "action": {
   "type": "block"
  },
  "condition": {
   "isUrlFilterCaseSensitive": false,
   "urlFilter": "||in.gr/themes/1/default/media/sensodyne-logo.png"
  },
  "id": 191
 },
 {
  "action": {
   "type": "block"
  },
  "condition": {
   "isUrlFilterCaseSensitive": false,
   "urlFilter": "||in.gr/themes/1/default/media/vb-logo-in.gif"
  },
  "id": 192
 },
 {
  "action": {
   "type": "block"
  },
  "condition": {
   "isUrlFilterCaseSensitive": false,
   "urlFilter": "||in.gr/files/1/2011/banner/ofi365_370x60.jpg"
  },
  "id": 193
 },
 {
  "action": {
   "type": "block"
  },
  "condition": {
   "isUrlFilterCaseSensitive": false,
   "urlFilter": "||in.gr/files/1/2012/01/09/office365_37060.jpg"
  },
  "id": 194
 },
 {
  "action": {
   "type": "block"
  },
  "condition": {
   "isUrlFilterCaseSensitive": false,
   "urlFilter": "||insurer.gr/widgets/calc/insucalc.html?"
  },
  "id": 195
 },
 {
  "action": {
   "type": "block"
  },
  "condition": {
   "isUrlFilterCaseSensitive": false,
   "urlFilter": "||interactive.forthnet.gr/banner*"
  },
  "id": 196
 },
 {
  "action": {
   "type": "block"
  },
  "condition": {
   "isUrlFilterCaseSensitive": false,
   "urlFilter": "||ishow.gr/images/*skin.jpg"
  },
  "id": 197
 },
 {
  "action": {
   "type": "block"
  },
  "condition": {
   "isUrlFilterCaseSensitive": false,
   "urlFilter": "||kathimerini.com.cy/assets/modules/kat/banners/"
  },
  "id": 198
 },
 {
  "action": {
   "type": "block"
  },
  "condition": {
   "isUrlFilterCaseSensitive": false,
   "urlFilter": "||kathimerini.gr/kath/adv/"
  },
  "id": 199
 },
 {
  "action": {
   "type": "block"
  },
  "condition": {
   "isUrlFilterCaseSensitive": false,
   "urlFilter": "||kathimerini.gr/webadmin/home/xor/"
  },
  "id": 200
 },
 {
  "action": {
   "type": "block"
  },
  "condition": {
   "isUrlFilterCaseSensitive": false,
   "urlFilter": "||koutipandoras.gr/img/adds/"
  },
  "id": 201
 },
 {
  "action": {
   "type": "block"
  },
  "condition": {
   "isUrlFilterCaseSensitive": false,
   "urlFilter": "||koutipandoras.gr/sites/default/files/*banner*.swf"
  },
  "id": 202
 },
 {
  "action": {
   "type": "block"
  },
  "condition": {
   "isUrlFilterCaseSensitive": false,
   "urlFilter": "||koutipandoras.gr/skins/koutipandoras.gr_skin.jpg"
  },
  "id": 203
 },
 {
  "action": {
   "type": "block"
  },
  "condition": {
   "isUrlFilterCaseSensitive": false,
   "urlFilter": "||lifo.gr/icache/300/600/1/989673_wind_mila.jpg"
  },
  "id": 204
 },
 {
  "action": {
   "type": "block"
  },
  "condition": {
   "isUrlFilterCaseSensitive": false,
   "urlFilter": "||lifo.gr/icache/940/337/1/983904_got_970.jpg"
  },
  "id": 205
 },
 {
  "action": {
   "type": "block"
  },
  "condition": {
   "isUrlFilterCaseSensitive": false,
   "urlFilter": "||luben.tv/wp-content/uploads/2014/11/output_cvzg2g.gif"
  },
  "id": 206
 },
 {
  "action": {
   "type": "block"
  },
  "condition": {
   "isUrlFilterCaseSensitive": false,
   "urlFilter": "||luben.tv/wp-content/uploads/2015/07/corona-sunsets_a-1.jpg"
  },
  "id": 207
 },
 {
  "action": {
   "type": "block"
  },
  "condition": {
   "isUrlFilterCaseSensitive": false,
   "urlFilter": "||luben.tv/wp-content/uploads/2015/09/unnamed.png"
  },
  "id": 208
 },
 {
  "action": {
   "type": "block"
  },
  "condition": {
   "isUrlFilterCaseSensitive": false,
   "urlFilter": "||luben.tv/wp-content/uploads/2016/01/luben-skin-stoli-2-x480x780-new2.png"
  },
  "id": 209
 },
 {
  "action": {
   "type": "block"
  },
  "condition": {
   "isUrlFilterCaseSensitive": false,
   "urlFilter": "||luben.tv/wp-content/uploads/2017/01/voyager.jpg"
  },
  "id": 210
 },
 {
  "action": {
   "type": "block"
  },
  "condition": {
   "isUrlFilterCaseSensitive": false,
   "urlFilter": "||makeleio.gr/wp-content/uploads/2014/11/klamin-300x250.jpg"
  },
  "id": 211
 },
 {
  "action": {
   "type": "block"
  },
  "condition": {
   "isUrlFilterCaseSensitive": false,
   "urlFilter": "||makeleio.gr/wp-content/uploads/2014/11/netra_bannernew.jpg"
  },
  "id": 212
 },
 {
  "action": {
   "type": "block"
  },
  "condition": {
   "isUrlFilterCaseSensitive": false,
   "urlFilter": "||makeleio.gr/wp-content/uploads/2015/09/hyaluron-250x250-zampidis-2.jpg"
  },
  "id": 213
 },
 {
  "action": {
   "type": "block"
  },
  "condition": {
   "isUrlFilterCaseSensitive": false,
   "urlFilter": "||marketnews.gr/banners/groupama_970x250.gif"
  },
  "id": 214
 },
 {
  "action": {
   "type": "block"
  },
  "condition": {
   "isUrlFilterCaseSensitive": false,
   "urlFilter": "||marketnews.gr/banners/ipos.jpg"
  },
  "id": 215
 },
 {
  "action": {
   "type": "block"
  },
  "condition": {
   "isUrlFilterCaseSensitive": false,
   "urlFilter": "||media.adslgr.com/www/images/0a7c90d00978af65bd2089862535b7e6.jpg"
  },
  "id": 216
 },
 {
  "action": {
   "type": "block"
  },
  "condition": {
   "isUrlFilterCaseSensitive": false,
   "urlFilter": "||media.adslgr.com/www/images/727fbd95261492dbd269bccbc7fffbb3.jpg"
  },
  "id": 217
 },
 {
  "action": {
   "type": "block"
  },
  "condition": {
   "isUrlFilterCaseSensitive": false,
   "urlFilter": "||media.adslgr.com/www/images/80ffb536c4617d7afe7c8be553b1c37d.jpg"
  },
  "id": 218
 },
 {
  "action": {
   "type": "block"
  },
  "condition": {
   "isUrlFilterCaseSensitive": false,
   "urlFilter": "||media.adslgr.com/www/images/c1259c4e50e39b2fc908400addb29c96.jpg"
  },
  "id": 219
 },
 {
  "action": {
   "type": "block"
  },
  "condition": {
   "isUrlFilterCaseSensitive": false,
   "urlFilter": "||media.adslgr.com/www/images/e3026593eee92619a864ff0841906cd0.gif"
  },
  "id": 220
 },
 {
  "action": {
   "type": "block"
  },
  "condition": {
   "isUrlFilterCaseSensitive": false,
   "urlFilter": "||medlook.net/banners/"
  },
  "id": 221
 },
 {
  "action": {
   "type": "block"
  },
  "condition": {
   "isUrlFilterCaseSensitive": false,
   "urlFilter": "||megatv.com/webtv/newsbeast.asp?"
  },
  "id": 222
 },
 {
  "action": {
   "type": "block"
  },
  "condition": {
   "isUrlFilterCaseSensitive": false,
   "urlFilter": "||mignatiou.com/wp-content/uploads/2014/09/300x250_piraeus_stametrasou_final.jpg"
  },
  "id": 223
 },
 {
  "action": {
   "type": "block"
  },
  "condition": {
   "isUrlFilterCaseSensitive": false,
   "urlFilter": "||milaraki.com/banner/"
  },
  "id": 224
 },
 {
  "action": {
   "type": "block"
  },
  "condition": {
   "isUrlFilterCaseSensitive": false,
   "urlFilter": "||missbloom.gr/images/*skin*"
  },
  "id": 225
 },
 {
  "action": {
   "type": "block"
  },
  "condition": {
   "isUrlFilterCaseSensitive": false,
   "urlFilter": "||missbloom.gr/media/vidspics/*-skin.jpg"
  },
  "id": 226
 },
 {
  "action": {
   "type": "block"
  },
  "condition": {
   "isUrlFilterCaseSensitive": false,
   "urlFilter": "||mothersblog.gr/media/com_skins/skins/79/"
  },
  "id": 227
 },
 {
  "action": {
   "type": "block"
  },
  "condition": {
   "isUrlFilterCaseSensitive": false,
   "urlFilter": "||mydirect.gr/calculatorbanner.aspx?"
  },
  "id": 228
 },
 {
  "action": {
   "type": "block"
  },
  "condition": {
   "isUrlFilterCaseSensitive": false,
   "urlFilter": "||news.in.gr/themes/1/default/media/image-ads-sponsor.jpg"
  },
  "id": 229
 },
 {
  "action": {
   "type": "block"
  },
  "condition": {
   "isUrlFilterCaseSensitive": false,
   "urlFilter": "||newsbeast.gr/files/1/banners/animal/animal.jpg"
  },
  "id": 230
 },
 {
  "action": {
   "type": "block"
  },
  "condition": {
   "isUrlFilterCaseSensitive": false,
   "urlFilter": "||newsbeast.gr/files/1/banners/axatextadimg.png"
  },
  "id": 231
 },
 {
  "action": {
   "type": "block"
  },
  "condition": {
   "isUrlFilterCaseSensitive": false,
   "urlFilter": "||newsbeast.gr/files/1/top100europe/airfasttickets.png"
  },
  "id": 232
 },
 {
  "action": {
   "type": "block"
  },
  "condition": {
   "isUrlFilterCaseSensitive": false,
   "urlFilter": "||newsbomb.gr/ads/"
  },
  "id": 233
 },
 {
  "action": {
   "type": "block"
  },
  "condition": {
   "isUrlFilterCaseSensitive": false,
   "urlFilter": "||newsbomb.gr/media/com_skins/"
  },
  "id": 234
 },
 {
  "action": {
   "type": "block"
  },
  "condition": {
   "isUrlFilterCaseSensitive": false,
   "urlFilter": "||newsit.gr/flash/banners/2015/06/caremarket_banner300x250_29_6.gif"
  },
  "id": 235
 },
 {
  "action": {
   "type": "block"
  },
  "condition": {
   "isUrlFilterCaseSensitive": false,
   "urlFilter": "||newsit.gr/flash/categories/category_xorhgia_blank_pixel.gif"
  },
  "id": 236
 },
 {
  "action": {
   "type": "block"
  },
  "condition": {
   "isUrlFilterCaseSensitive": false,
   "urlFilter": "||newsit.gr/templates/default/images/newsit-11888-search.png"
  },
  "id": 237
 },
 {
  "action": {
   "type": "block"
  },
  "condition": {
   "isUrlFilterCaseSensitive": false,
   "urlFilter": "||oneman.gr/antikeimena/article1635665.ece/binary/oneman.jpg"
  },
  "id": 238
 },
 {
  "action": {
   "type": "block"
  },
  "condition": {
   "isUrlFilterCaseSensitive": false,
   "urlFilter": "||oneman.gr/antikeimena/article1635795.ece/binary/original/oneman_fasa.png"
  },
  "id": 239
 },
 {
  "action": {
   "type": "block"
  },
  "condition": {
   "isUrlFilterCaseSensitive": false,
   "urlFilter": "||oneman.gr/incoming/article1517780.ece/binary/original/skin_onemansony.jpg"
  },
  "id": 240
 },
 {
  "action": {
   "type": "block"
  },
  "condition": {
   "isUrlFilterCaseSensitive": false,
   "urlFilter": "||oneman.gr/keimena/style/article1659136.ece/binary/oneman.jpg"
  },
  "id": 241
 },
 {
  "action": {
   "type": "block"
  },
  "condition": {
   "isUrlFilterCaseSensitive": false,
   "urlFilter": "||onlarissa.gr/wp-content/uploads/2018/09/chefs-feb19-300x250.gif"
  },
  "id": 242
 },
 {
  "action": {
   "type": "block"
  },
  "condition": {
   "isUrlFilterCaseSensitive": false,
   "urlFilter": "||onlinedelivery.gr/banners/"
  },
  "id": 243
 },
 {
  "action": {
   "type": "block"
  },
  "condition": {
   "isUrlFilterCaseSensitive": false,
   "urlFilter": "||onsports.gr/media/com_skins/"
  },
  "id": 244
 },
 {
  "action": {
   "type": "block"
  },
  "condition": {
   "isUrlFilterCaseSensitive": false,
   "urlFilter": "||ough.gr/uploads/skins/skin_ough_gapyear-01.jpg"
  },
  "id": 245
 },
 {
  "action": {
   "type": "block"
  },
  "condition": {
   "isUrlFilterCaseSensitive": false,
   "urlFilter": "||paparazzigr.tv/diafimistika/"
  },
  "id": 246
 },
 {
  "action": {
   "type": "block"
  },
  "condition": {
   "isUrlFilterCaseSensitive": false,
   "urlFilter": "||parallaximag.gr/wp-content/uploads/bebarkitcen.jpg"
  },
  "id": 247
 },
 {
  "action": {
   "type": "block"
  },
  "condition": {
   "isUrlFilterCaseSensitive": false,
   "urlFilter": "||parapolitika.gr/portals/0/banners/"
  },
  "id": 248
 },
 {
  "action": {
   "type": "block"
  },
  "condition": {
   "isUrlFilterCaseSensitive": false,
   "urlFilter": "||prismanews.gr/images/banners/"
  },
  "id": 249
 },
 {
  "action": {
   "type": "block"
  },
  "condition": {
   "isUrlFilterCaseSensitive": false,
   "urlFilter": "||protagon.gr/resources/campaigns/"
  },
  "id": 250
 },
 {
  "action": {
   "type": "block"
  },
  "condition": {
   "isUrlFilterCaseSensitive": false,
   "urlFilter": "||protothema.gr/files/1/*/skin*"
  },
  "id": 251
 },
 {
  "action": {
   "type": "block"
  },
  "condition": {
   "isUrlFilterCaseSensitive": false,
   "urlFilter": "||protothema.gr/files/1/2012/11/12/anytime"
  },
  "id": 252
 },
 {
  "action": {
   "type": "block"
  },
  "condition": {
   "isUrlFilterCaseSensitive": false,
   "urlFilter": "||protothema.gr/files/1/2013/08/09/"
  },
  "id": 253
 },
 {
  "action": {
   "type": "block"
  },
  "condition": {
   "isUrlFilterCaseSensitive": false,
   "urlFilter": "||protothema.gr/files/1/bg-banners/"
  },
  "id": 254
 },
 {
  "action": {
   "type": "block"
  },
  "condition": {
   "isUrlFilterCaseSensitive": false,
   "urlFilter": "||queen.gr/media/com_skins/skins/"
  },
  "id": 255
 },
 {
  "action": {
   "type": "block"
  },
  "condition": {
   "isUrlFilterCaseSensitive": false,
   "urlFilter": "||real.gr/bannersexternal.aspx*"
  },
  "id": 256
 },
 {
  "action": {
   "type": "block"
  },
  "condition": {
   "isUrlFilterCaseSensitive": false,
   "urlFilter": "||real.gr/files/skins/"
  },
  "id": 257
 },
 {
  "action": {
   "type": "block"
  },
  "condition": {
   "isUrlFilterCaseSensitive": false,
   "urlFilter": "||real.gr/files/banners/"
  },
  "id": 258
 },
 {
  "action": {
   "type": "block"
  },
  "condition": {
   "isUrlFilterCaseSensitive": false,
   "urlFilter": "||roumlouki.gr/images/banners/"
  },
  "id": 259
 },
 {
  "action": {
   "type": "block"
  },
  "condition": {
   "isUrlFilterCaseSensitive": false,
   "urlFilter": "||roumlouki.gr/images/roumlouki_banners/"
  },
  "id": 260
 },
 {
  "action": {
   "type": "block"
  },
  "condition": {
   "isUrlFilterCaseSensitive": false,
   "urlFilter": "||s3.amazonaws.com/bulkimages/2011/skins/newsit-11888-bg.jpg"
  },
  "id": 261
 },
 {
  "action": {
   "type": "block"
  },
  "condition": {
   "isUrlFilterCaseSensitive": false,
   "urlFilter": "||s3.amazonaws.com/bulkimages/2012/newsit/opap_skin_newsit.jpg"
  },
  "id": 262
 },
 {
  "action": {
   "type": "block"
  },
  "condition": {
   "isUrlFilterCaseSensitive": false,
   "urlFilter": "||scdn.gr/images/yogurt/dressings/forthnet/"
  },
  "id": 263
 },
 {
  "action": {
   "type": "block"
  },
  "condition": {
   "isUrlFilterCaseSensitive": false,
   "urlFilter": "||secnews.gr/wp-content/uploads/2014/11/digitalbrains.png"
  },
  "id": 264
 },
 {
  "action": {
   "type": "block"
  },
  "condition": {
   "isUrlFilterCaseSensitive": false,
   "urlFilter": "||secnews.gr/wp-content/uploads/2014/11/isoqar.png"
  },
  "id": 265
 },
 {
  "action": {
   "type": "block"
  },
  "condition": {
   "isUrlFilterCaseSensitive": false,
   "urlFilter": "||secnews.gr/wp-content/uploads/2015/05/cyberkid1.jpg"
  },
  "id": 266
 },
 {
  "action": {
   "type": "block"
  },
  "condition": {
   "isUrlFilterCaseSensitive": false,
   "urlFilter": "||secnews.gr/wp-content/uploads/2015/05/host1plusbanner2.jpg"
  },
  "id": 267
 },
 {
  "action": {
   "type": "block"
  },
  "condition": {
   "isUrlFilterCaseSensitive": false,
   "urlFilter": "||secnews.gr/wp-content/uploads/2015/05/papei1.png"
  },
  "id": 268
 },
 {
  "action": {
   "type": "block"
  },
  "condition": {
   "isUrlFilterCaseSensitive": false,
   "urlFilter": "||seleo.gr/images/stories/diafimisi/"
  },
  "id": 269
 },
 {
  "action": {
   "type": "block"
  },
  "condition": {
   "isUrlFilterCaseSensitive": false,
   "urlFilter": "||seleo.gr/images/stories/mast/"
  },
  "id": 270
 },
 {
  "action": {
   "type": "block"
  },
  "condition": {
   "isUrlFilterCaseSensitive": false,
   "urlFilter": "||seri.gr/sites/default/iframes/"
  },
  "id": 271
 },
 {
  "action": {
   "type": "block"
  },
  "condition": {
   "isUrlFilterCaseSensitive": false,
   "urlFilter": "||skai.gr/themes/1/default/media/layout_renault/"
  },
  "id": 272
 },
 {
  "action": {
   "type": "block"
  },
  "condition": {
   "isUrlFilterCaseSensitive": false,
   "urlFilter": "||skai.gr/themes/1/default/media/skins/ethiniki-trapeza"
  },
  "id": 273
 },
 {
  "action": {
   "type": "block"
  },
  "condition": {
   "isUrlFilterCaseSensitive": false,
   "urlFilter": "||skai.gr/themes/1/default/media/skins/kri-kri*"
  },
  "id": 274
 },
 {
  "action": {
   "type": "block"
  },
  "condition": {
   "isUrlFilterCaseSensitive": false,
   "urlFilter": "||skai.gr/themes/1/default/media/skins/samsung"
  },
  "id": 275
 },
 {
  "action": {
   "type": "block"
  },
  "condition": {
   "isUrlFilterCaseSensitive": false,
   "urlFilter": "||skai.gr/wp-content/themes/vantage/images/*skin*"
  },
  "id": 276
 },
 {
  "action": {
   "type": "block"
  },
  "condition": {
   "isUrlFilterCaseSensitive": false,
   "urlFilter": "||skroutz.gr/images/helmet/promo/"
  },
  "id": 277
 },
 {
  "action": {
   "type": "block"
  },
  "condition": {
   "isUrlFilterCaseSensitive": false,
   "urlFilter": "||skroutz.gr/images/yogurt/dressings/wind/"
  },
  "id": 278
 },
 {
  "action": {
   "type": "block"
  },
  "condition": {
   "isUrlFilterCaseSensitive": false,
   "urlFilter": "||smart-ads.gr/adtextlinks"
  },
  "id": 279
 },
 {
  "action": {
   "type": "block"
  },
  "condition": {
   "isUrlFilterCaseSensitive": false,
   "urlFilter": "||sofokleousin.gr/files/banners/*.jpg"
  },
  "id": 280
 },
 {
  "action": {
   "type": "block"
  },
  "condition": {
   "isUrlFilterCaseSensitive": false,
   "urlFilter": "||sport-fm.gr/resrc/campaigns/windone/"
  },
  "id": 281
 },
 {
  "action": {
   "type": "block"
  },
  "condition": {
   "isUrlFilterCaseSensitive": false,
   "urlFilter": "||sport-fm.gr/resrc/campaigns_v2/"
  },
  "id": 282
 },
 {
  "action": {
   "type": "block"
  },
  "condition": {
   "isUrlFilterCaseSensitive": false,
   "urlFilter": "||sport-fm.gr/resrc/images/custombanners/novi_438x75_paysafe.jpg"
  },
  "id": 283
 },
 {
  "action": {
   "type": "block"
  },
  "condition": {
   "isUrlFilterCaseSensitive": false,
   "urlFilter": "||sport103.gr/images/banners/"
  },
  "id": 284
 },
 {
  "action": {
   "type": "block"
  },
  "condition": {
   "isUrlFilterCaseSensitive": false,
   "urlFilter": "||sport24.gr/genika/article1951216.ece/binary/original/mc_tab.png"
  },
  "id": 285
 },
 {
  "action": {
   "type": "block"
  },
  "condition": {
   "isUrlFilterCaseSensitive": false,
   "urlFilter": "||sport24.gr/incoming/article778267.ece/binary/"
  },
  "id": 286
 },
 {
  "action": {
   "type": "block"
  },
  "condition": {
   "isUrlFilterCaseSensitive": false,
   "urlFilter": "||sport24.gr/incoming/article854008.ece/binary/original"
  },
  "id": 287
 },
 {
  "action": {
   "type": "block"
  },
  "condition": {
   "isUrlFilterCaseSensitive": false,
   "urlFilter": "||sport24.gr/multimedia/*/stoiximan*.jpg"
  },
  "id": 288
 },
 {
  "action": {
   "type": "block"
  },
  "condition": {
   "isUrlFilterCaseSensitive": false,
   "urlFilter": "||sport24.gr/multimedia/*/stoiximan*.png"
  },
  "id": 289
 },
 {
  "action": {
   "type": "block"
  },
  "condition": {
   "isUrlFilterCaseSensitive": false,
   "urlFilter": "||sportygossip.com/sites/all/themes/athensbars/images/bg/"
  },
  "id": 290
 },
 {
  "action": {
   "type": "block"
  },
  "condition": {
   "isUrlFilterCaseSensitive": false,
   "urlFilter": "||static.24media.gr/dealin/"
  },
  "id": 291
 },
 {
  "action": {
   "type": "block"
  },
  "condition": {
   "isUrlFilterCaseSensitive": false,
   "urlFilter": "||static.24media.gr/interstitials/betoto/"
  },
  "id": 292
 },
 {
  "action": {
   "type": "block"
  },
  "condition": {
   "isUrlFilterCaseSensitive": false,
   "urlFilter": "||static.24media.gr/push_down/bwin/"
  },
  "id": 293
 },
 {
  "action": {
   "type": "block"
  },
  "condition": {
   "isUrlFilterCaseSensitive": false,
   "urlFilter": "||static.reembed.com/data/logos/"
  },
  "id": 294
 },
 {
  "action": {
   "type": "block"
  },
  "condition": {
   "isUrlFilterCaseSensitive": false,
   "urlFilter": "||static.scar.gr/ads/"
  },
  "id": 295
 },
 {
  "action": {
   "type": "block"
  },
  "condition": {
   "isUrlFilterCaseSensitive": false,
   "urlFilter": "||stokokkino.gr/photos/gsk.jpg"
  },
  "id": 296
 },
 {
  "action": {
   "type": "block"
  },
  "condition": {
   "isUrlFilterCaseSensitive": false,
   "urlFilter": "||subs4free.com/js/wh4_s4f_p2.js"
  },
  "id": 297
 },
 {
  "action": {
   "type": "block"
  },
  "condition": {
   "isUrlFilterCaseSensitive": false,
   "urlFilter": "||thepressproject.gr/ad/"
  },
  "id": 298
 },
 {
  "action": {
   "type": "block"
  },
  "condition": {
   "isUrlFilterCaseSensitive": false,
   "urlFilter": "||tlife.gr/flash/banners/"
  },
  "id": 299
 },
 {
  "action": {
   "type": "block"
  },
  "condition": {
   "isUrlFilterCaseSensitive": false,
   "urlFilter": "||tovima.gr/themes/1/default/media/home/pireos.jpg"
  },
  "id": 300
 },
 {
  "action": {
   "type": "block"
  },
  "condition": {
   "isUrlFilterCaseSensitive": false,
   "urlFilter": "||tuned.gr/images/stories/leo/vlas_toolbar.jpg"
  },
  "id": 301
 },
 {
  "action": {
   "type": "block"
  },
  "condition": {
   "isUrlFilterCaseSensitive": false,
   "urlFilter": "||tvcreta.gr/upload_images/banners/"
  },
  "id": 302
 },
 {
  "action": {
   "type": "block"
  },
  "condition": {
   "isUrlFilterCaseSensitive": false,
   "urlFilter": "||unboxholics.com/images/banners/egalaxy/e-galaxynew.jpg"
  },
  "id": 303
 },
 {
  "action": {
   "type": "block"
  },
  "condition": {
   "isUrlFilterCaseSensitive": false,
   "urlFilter": "||unboxholics.com/images/banners/inspot/inspot_banner.jpg"
  },
  "id": 304
 },
 {
  "action": {
   "type": "block"
  },
  "condition": {
   "initiatorDomains": [
    "contra.gr"
   ],
   "requestDomains": [
    "unibet-cdn.com"
   ]
  },
  "id": 305
 },
 {
  "action": {
   "type": "block"
  },
  "condition": {
   "isUrlFilterCaseSensitive": false,
   "urlFilter": "||usay.gr/hyperads/"
  },
  "id": 306
 },
 {
  "action": {
   "type": "block"
  },
  "condition": {
   "isUrlFilterCaseSensitive": false,
   "urlFilter": "||vidata.gr/files/plugins/longtailvideo/v5a/r6/vidads.swf"
  },
  "id": 307
 },
 {
  "action": {
   "type": "block"
  },
  "condition": {
   "isUrlFilterCaseSensitive": false,
   "urlFilter": "||widgets.nova.gr/nownext_compact/el/"
  },
  "id": 308
 },
 {
  "action": {
   "type": "block"
  },
  "condition": {
   "isUrlFilterCaseSensitive": false,
   "urlFilter": "||wigetmedia.com/tags/"
  },
  "id": 309
 },
 {
  "action": {
   "type": "block"
  },
  "condition": {
   "isUrlFilterCaseSensitive": false,
   "urlFilter": "||www.anew.gr/admin/baners/"
  },
  "id": 310
 },
 {
  "action": {
   "type": "block"
  },
  "condition": {
   "isUrlFilterCaseSensitive": false,
   "urlFilter": "||www.candiadoc.gr/banners/"
  },
  "id": 311
 },
 {
  "action": {
   "type": "block"
  },
  "condition": {
   "isUrlFilterCaseSensitive": false,
   "urlFilter": "||www.creteplus.gr/assets/bnrs/"
  },
  "id": 312
 },
 {
  "action": {
   "type": "block"
  },
  "condition": {
   "isUrlFilterCaseSensitive": false,
   "urlFilter": "||www.diaforetiko.gr/wp-content/uploads/2015/03/droidbanner3.gif"
  },
  "id": 313
 },
 {
  "action": {
   "type": "block"
  },
  "condition": {
   "isUrlFilterCaseSensitive": false,
   "urlFilter": "||www.neakriti.gr/bannersexternal.aspx?bid="
  },
  "id": 314
 },
 {
  "action": {
   "type": "block"
  },
  "condition": {
   "isUrlFilterCaseSensitive": false,
   "urlFilter": "||www.sportkit.gr/widget.aspx*"
  },
  "id": 315
 },
 {
  "action": {
   "type": "block"
  },
  "condition": {
   "isUrlFilterCaseSensitive": false,
   "urlFilter": "||www.thelosouvlakia.gr/cms/uploads/ad/"
  },
  "id": 316
 },
 {
  "action": {
   "type": "block"
  },
  "condition": {
   "isUrlFilterCaseSensitive": false,
   "urlFilter": "||www.triakilakodika.gr/images/teamworkpm650.png"
  },
  "id": 317
 },
 {
  "action": {
   "type": "block"
  },
  "condition": {
   "isUrlFilterCaseSensitive": false,
   "urlFilter": "||yupiii.gr/banners/bg/"
  },
  "id": 318
 },
 {
  "action": {
   "type": "block"
  },
  "condition": {
   "isUrlFilterCaseSensitive": false,
   "urlFilter": "||zougla.gr/uploads/banners/"
  },
  "id": 319
 },
 {
  "action": {
   "type": "block"
  },
  "condition": {
   "initiatorDomains": [
    "madinad-data.s3.amazonaws.com"
   ],
   "isUrlFilterCaseSensitive": false,
   "urlFilter": "||services.madinad.com/analytics/"
  },
  "id": 320
 },
 {
  "action": {
   "type": "block"
  },
  "condition": {
   "requestDomains": [
    "ad.gr.doubleclick.net",
    "ad2.linkwise.gr",
    "adman.kathimerini.gr",
    "adman.otenet.gr",
    "ads.24media.gr",
    "ads.naftemporiki.gr",
    "adserver.linkwise.gr",
    "affiliate.linkwise.gr",
    "axiabanners.exodus.gr",
    "banners.dol.gr",
    "bold.adman.gr",
    "call.theowl.gr",
    "cdn.orangeclickmedia.com",
    "clickbanner.gr",
    "d.agkn.com",
    "educate.theowl.gr",
    "el.williamhillcasino.com",
    "gazzetta.adman.gr",
    "gpoint.gpoint.com.gr",
    "gr.partypoker.com",
    "media.mybet.com",
    "obj.adman.gr",
    "phaistos-ssp.adman.gr",
    "promo.gpoint.com.gr",
    "promos.pathfinder.gr",
    "scripts.bestprice.gr",
    "serve.ads.gr",
    "smartadserver.com",
    "static.adman.gr",
    "switch.statman.gr"
   ]
  },
  "id": 321
 },
 {
  "action": {
   "type": "block"
  },
  "condition": {
   "isUrlFilterCaseSensitive": false,
   "resourceTypes": [
    "image"
   ],
   "urlFilter": "||athensmagazine.gr/files/banners/"
  },
  "id": 322
 },
 {
  "action": {
   "type": "block"
  },
  "condition": {
   "isUrlFilterCaseSensitive": false,
   "resourceTypes": [
    "image"
   ],
   "urlFilter": "||bankingnews.gr/ad/"
  },
  "id": 323
 },
 {
  "action": {
   "type": "block"
  },
  "condition": {
   "isUrlFilterCaseSensitive": false,
   "resourceTypes": [
    "image"
   ],
   "urlFilter": "||cdn-gr.sexgr.net/b/"
  },
  "id": 324
 },
 {
  "action": {
   "type": "block"
  },
  "condition": {
   "isUrlFilterCaseSensitive": false,
   "resourceTypes": [
    "image"
   ],
   "urlFilter": "||cdn.cnngreece.gr/media/com_news/ads/"
  },
  "id": 325
 },
 {
  "action": {
   "type": "block"
  },
  "condition": {
   "isUrlFilterCaseSensitive": false,
   "resourceTypes": [
    "image"
   ],
   "urlFilter": "||deliver.mediacdn.com/live24/itrofi-wide.jpg"
  },
  "id": 326
 },
 {
  "action": {
   "type": "block"
  },
  "condition": {
   "isUrlFilterCaseSensitive": false,
   "resourceTypes": [
    "image"
   ],
   "urlFilter": "||e-ptolemeos.gr/*.gif"
  },
  "id": 327
 },
 {
  "action": {
   "type": "block"
  },
  "condition": {
   "isUrlFilterCaseSensitive": false,
   "resourceTypes": [
    "image"
   ],
   "urlFilter": "||e-ptolemeos.gr/*banner"
  },
  "id": 328
 },
 {
  "action": {
   "type": "block"
  },
  "condition": {
   "isUrlFilterCaseSensitive": false,
   "resourceTypes": [
    "image"
   ],
   "urlFilter": "||focuswebtv.gr/images/banners/"
  },
  "id": 329
 },
 {
  "action": {
   "type": "block"
  },
  "condition": {
   "isUrlFilterCaseSensitive": false,
   "resourceTypes": [
    "image"
   ],
   "urlFilter": "||fonitisparou.gr/*/banners/"
  },
  "id": 330
 },
 {
  "action": {
   "type": "block"
  },
  "condition": {
   "isUrlFilterCaseSensitive": false,
   "resourceTypes": [
    "image"
   ],
   "urlFilter": "||gossip-tv.gr/media/com_news/ads/"
  },
  "id": 331
 },
 {
  "action": {
   "type": "block"
  },
  "condition": {
   "isUrlFilterCaseSensitive": false,
   "resourceTypes": [
    "image"
   ],
   "urlFilter": "||i-kyr.gr/wp-content/uploads/2016/03/banner*"
  },
  "id": 332
 },
 {
  "action": {
   "type": "block"
  },
  "condition": {
   "isUrlFilterCaseSensitive": false,
   "resourceTypes": [
    "image"
   ],
   "urlFilter": "||i-kyr.gr/wp-content/uploads/2018/05/alpha*"
  },
  "id": 333
 },
 {
  "action": {
   "type": "block"
  },
  "condition": {
   "isUrlFilterCaseSensitive": false,
   "resourceTypes": [
    "image"
   ],
   "urlFilter": "||idrones.gr/images/banners/"
  },
  "id": 334
 },
 {
  "action": {
   "type": "block"
  },
  "condition": {
   "isUrlFilterCaseSensitive": false,
   "resourceTypes": [
    "image"
   ],
   "urlFilter": "||imerodromos.gr/wp-content/uploads/2017/02/podium-2.gif"
  },
  "id": 335
 },
 {
  "action": {
   "type": "block"
  },
  "condition": {
   "isUrlFilterCaseSensitive": false,
   "resourceTypes": [
    "image"
   ],
   "urlFilter": "||imerodromos.gr/wp-content/uploads/2017/06/collectives1-20.jpg"
  },
  "id": 336
 },
 {
  "action": {
   "type": "block"
  },
  "condition": {
   "isUrlFilterCaseSensitive": false,
   "resourceTypes": [
    "image"
   ],
   "urlFilter": "||imerodromos.gr/wp-content/uploads/2018/04/baner_asfalistiko_300x249.jpg"
  },
  "id": 337
 },
 {
  "action": {
   "type": "block"
  },
  "condition": {
   "isUrlFilterCaseSensitive": false,
   "resourceTypes": [
    "image"
   ],
   "urlFilter": "||imerodromos.gr/wp-content/uploads/2018/05/screen-shot-2018-05-07-at-20.41.56.png"
  },
  "id": 338
 },
 {
  "action": {
   "type": "block"
  },
  "condition": {
   "isUrlFilterCaseSensitive": false,
   "resourceTypes": [
    "image"
   ],
   "urlFilter": "||imerodromos.gr/wp-content/uploads/2018/05/tiniakosgr.gif"
  },
  "id": 339
 },
 {
  "action": {
   "type": "block"
  },
  "condition": {
   "isUrlFilterCaseSensitive": false,
   "resourceTypes": [
    "image"
   ],
   "urlFilter": "||imerodromos.gr/wp-content/uploads/2018/07/boukovibanner-500x417.jpg"
  },
  "id": 340
 },
 {
  "action": {
   "type": "block"
  },
  "condition": {
   "isUrlFilterCaseSensitive": false,
   "resourceTypes": [
    "image"
   ],
   "urlFilter": "||imerodromos.gr/wp-content/uploads/2018/11/500x417_columbia.jpg"
  },
  "id": 341
 },
 {
  "action": {
   "type": "block"
  },
  "condition": {
   "isUrlFilterCaseSensitive": false,
   "resourceTypes": [
    "image"
   ],
   "urlFilter": "||imerodromos.gr/wp-content/uploads/2018/11/500x417_marcos.jpg"
  },
  "id": 342
 },
 {
  "action": {
   "type": "block"
  },
  "condition": {
   "isUrlFilterCaseSensitive": false,
   "resourceTypes": [
    "image"
   ],
   "urlFilter": "||imerodromos.gr/wp-content/uploads/2018/11/500x417_marx.jpg"
  },
  "id": 343
 },
 {
  "action": {
   "type": "block"
  },
  "condition": {
   "isUrlFilterCaseSensitive": false,
   "resourceTypes": [
    "image"
   ],
   "urlFilter": "||imerodromos.gr/wp-content/uploads/2018/12/megalh-istoria-ths-elladas-1.jpg"
  },
  "id": 344
 },
 {
  "action": {
   "type": "block"
  },
  "condition": {
   "isUrlFilterCaseSensitive": false,
   "resourceTypes": [
    "image"
   ],
   "urlFilter": "||imerodromos.gr/wp-content/uploads/2018/12/megalh-istoria-ths-elladas-2.jpg"
  },
  "id": 345
 },
 {
  "action": {
   "type": "block"
  },
  "condition": {
   "isUrlFilterCaseSensitive": false,
   "resourceTypes": [
    "image"
   ],
   "urlFilter": "||imerodromos.gr/wp-content/uploads/2018/12/na_ntysoume_tous_gymnous_500x417pix-2-1.gif"
  },
  "id": 346
 },
 {
  "action": {
   "type": "block"
  },
  "condition": {
   "isUrlFilterCaseSensitive": false,
   "resourceTypes": [
    "image"
   ],
   "urlFilter": "||insider.gr/sites/default/files/2019-02/eurobank%20rgb_1.png"
  },
  "id": 347
 },
 {
  "action": {
   "type": "block"
  },
  "condition": {
   "isUrlFilterCaseSensitive": false,
   "resourceTypes": [
    "image"
   ],
   "urlFilter": "||logotypos.gr/wp-content/uploads/2018/01/ektypotik3.gif"
  },
  "id": 348
 },
 {
  "action": {
   "type": "block"
  },
  "condition": {
   "isUrlFilterCaseSensitive": false,
   "resourceTypes": [
    "image"
   ],
   "urlFilter": "||logotypos.gr/wp-content/uploads/2018/02/ektypotikh_low.jpg"
  },
  "id": 349
 },
 {
  "action": {
   "type": "block"
  },
  "condition": {
   "isUrlFilterCaseSensitive": false,
   "resourceTypes": [
    "image"
   ],
   "urlFilter": "||logotypos.gr/wp-content/uploads/2018/03/teliko_background.jpg"
  },
  "id": 350
 },
 {
  "action": {
   "type": "block"
  },
  "condition": {
   "isUrlFilterCaseSensitive": false,
   "resourceTypes": [
    "image"
   ],
   "urlFilter": "||marketnews.gr/banners/delonghi.gif"
  },
  "id": 351
 },
 {
  "action": {
   "type": "block"
  },
  "condition": {
   "isUrlFilterCaseSensitive": false,
   "resourceTypes": [
    "image"
   ],
   "urlFilter": "||onlarissa.gr/wp-content/uploads/2016/09/icbsnew1200small.gif"
  },
  "id": 352
 },
 {
  "action": {
   "type": "block"
  },
  "condition": {
   "isUrlFilterCaseSensitive": false,
   "resourceTypes": [
    "image"
   ],
   "urlFilter": "||onlarissa.gr/wp-content/uploads/2018/09/eda-thess.png"
  },
  "id": 353
 },
 {
  "action": {
   "type": "block"
  },
  "condition": {
   "isUrlFilterCaseSensitive": false,
   "resourceTypes": [
    "image"
   ],
   "urlFilter": "||onlarissa.gr/wp-content/uploads/2018/09/europroodos.gif"
  },
  "id": 354
 },
 {
  "action": {
   "type": "block"
  },
  "condition": {
   "isUrlFilterCaseSensitive": false,
   "resourceTypes": [
    "image"
   ],
   "urlFilter": "||onlarissa.gr/wp-content/uploads/2018/09/fashion-city.gif"
  },
  "id": 355
 },
 {
  "action": {
   "type": "block"
  },
  "condition": {
   "isUrlFilterCaseSensitive": false,
   "resourceTypes": [
    "image"
   ],
   "urlFilter": "||onlarissa.gr/wp-content/uploads/2018/09/kazanas_xeimerines_ekptwseis_2019.gif"
  },
  "id": 356
 },
 {
  "action": {
   "type": "block"
  },
  "condition": {
   "isUrlFilterCaseSensitive": false,
   "resourceTypes": [
    "image"
   ],
   "urlFilter": "||onlarissa.gr/wp-content/uploads/2018/09/larisa-300x250.gif"
  },
  "id": 357
 },
 {
  "action": {
   "type": "block"
  },
  "condition": {
   "isUrlFilterCaseSensitive": false,
   "resourceTypes": [
    "image"
   ],
   "urlFilter": "||onlarissa.gr/wp-content/uploads/2018/09/nona-rossa.gif"
  },
  "id": 358
 },
 {
  "action": {
   "type": "block"
  },
  "condition": {
   "isUrlFilterCaseSensitive": false,
   "resourceTypes": [
    "image"
   ],
   "urlFilter": "||onlarissa.gr/wp-content/uploads/2018/09/snoopy-1.gif"
  },
  "id": 359
 },
 {
  "action": {
   "type": "block"
  },
  "condition": {
   "isUrlFilterCaseSensitive": false,
   "resourceTypes": [
    "image"
   ],
   "urlFilter": "||onlarissa.gr/wp-content/uploads/2018/09/snoopy.gif"
  },
  "id": 360
 },
 {
  "action": {
   "type": "block"
  },
  "condition": {
   "isUrlFilterCaseSensitive": false,
   "resourceTypes": [
    "image"
   ],
   "urlFilter": "||onlarissa.gr/wp-content/uploads/2018/11/webp.net-gifmaker-1.gif"
  },
  "id": 361
 },
 {
  "action": {
   "type": "block"
  },
  "condition": {
   "isUrlFilterCaseSensitive": false,
   "resourceTypes": [
    "image"
   ],
   "urlFilter": "||onlarissa.gr/wp-content/uploads/2018/11/victoria-10.gif"
  },
  "id": 362
 },
 {
  "action": {
   "type": "block"
  },
  "condition": {
   "isUrlFilterCaseSensitive": false,
   "resourceTypes": [
    "image"
   ],
   "urlFilter": "||onlarissa.gr/wp-content/uploads/2018/12/benneton.jpg"
  },
  "id": 363
 },
 {
  "action": {
   "type": "block"
  },
  "condition": {
   "isUrlFilterCaseSensitive": false,
   "resourceTypes": [
    "image"
   ],
   "urlFilter": "||onlarissa.gr/wp-content/uploads/2018/12/giannakos-christmas.gif"
  },
  "id": 364
 },
 {
  "action": {
   "type": "block"
  },
  "condition": {
   "isUrlFilterCaseSensitive": false,
   "resourceTypes": [
    "image"
   ],
   "urlFilter": "||onlarissa.gr/wp-content/uploads/2018/12/giannakos-miltos.gif"
  },
  "id": 365
 },
 {
  "action": {
   "type": "block"
  },
  "condition": {
   "isUrlFilterCaseSensitive": false,
   "resourceTypes": [
    "image"
   ],
   "urlFilter": "||onlarissa.gr/wp-content/uploads/2018/12/karla-final.gif"
  },
  "id": 366
 },
 {
  "action": {
   "type": "block"
  },
  "condition": {
   "isUrlFilterCaseSensitive": false,
   "resourceTypes": [
    "image"
   ],
   "urlFilter": "||onlarissa.gr/wp-content/uploads/2018/12/ktimatografisi.jpg"
  },
  "id": 367
 },
 {
  "action": {
   "type": "block"
  },
  "condition": {
   "isUrlFilterCaseSensitive": false,
   "resourceTypes": [
    "image"
   ],
   "urlFilter": "||onlarissa.gr/wp-content/uploads/2019/01/leroy.gif"
  },
  "id": 368
 },
 {
  "action": {
   "type": "block"
  },
  "condition": {
   "isUrlFilterCaseSensitive": false,
   "resourceTypes": [
    "image"
   ],
   "urlFilter": "||parianostypos.gr/images/banners/"
  },
  "id": 369
 },
 {
  "action": {
   "type": "block"
  },
  "condition": {
   "isUrlFilterCaseSensitive": false,
   "resourceTypes": [
    "image"
   ],
   "urlFilter": "||parianostypos.gr/*/diafimissi/"
  },
  "id": 370
 },
 {
  "action": {
   "type": "block"
  },
  "condition": {
   "isUrlFilterCaseSensitive": false,
   "resourceTypes": [
    "image"
   ],
   "urlFilter": "||protagon.gr/wp-content/uploads/2018/11/opap-new_generic_3_174px-protagon-1.jpg"
  },
  "id": 371
 },
 {
  "action": {
   "type": "block"
  },
  "condition": {
   "isUrlFilterCaseSensitive": false,
   "resourceTypes": [
    "image"
   ],
   "urlFilter": "||queen.gr/media/com_news/ads/"
  },
  "id": 372
 },
 {
  "action": {
   "type": "block"
  },
  "condition": {
   "isUrlFilterCaseSensitive": false,
   "resourceTypes": [
    "image"
   ],
   "urlFilter": "||realestatenews.gr/images/stories/1theloakinita5.gif"
  },
  "id": 373
 },
 {
  "action": {
   "type": "block"
  },
  "condition": {
   "isUrlFilterCaseSensitive": false,
   "resourceTypes": [
    "image"
   ],
   "urlFilter": "||realestatenews.gr/images/stories/250px.gif"
  },
  "id": 374
 },
 {
  "action": {
   "type": "block"
  },
  "condition": {
   "isUrlFilterCaseSensitive": false,
   "resourceTypes": [
    "image"
   ],
   "urlFilter": "||realestatenews.gr/images/stories/baner-pontiki.gif"
  },
  "id": 375
 },
 {
  "action": {
   "type": "block"
  },
  "condition": {
   "isUrlFilterCaseSensitive": false,
   "resourceTypes": [
    "image"
   ],
   "urlFilter": "||realestatenews.gr/images/stories/img-trap.jpg"
  },
  "id": 376
 },
 {
  "action": {
   "type": "block"
  },
  "condition": {
   "isUrlFilterCaseSensitive": false,
   "resourceTypes": [
    "image"
   ],
   "urlFilter": "||realestatenews.gr/images/stories/logo-sygkatoikos-ren-a.gif"
  },
  "id": 377
 },
 {
  "action": {
   "type": "block"
  },
  "condition": {
   "isUrlFilterCaseSensitive": false,
   "resourceTypes": [
    "image"
   ],
   "urlFilter": "||realestatenews.gr/images/stories/nomisma_140x60.gif"
  },
  "id": 378
 },
 {
  "action": {
   "type": "block"
  },
  "condition": {
   "isUrlFilterCaseSensitive": false,
   "resourceTypes": [
    "image"
   ],
   "urlFilter": "||realestatenews.gr/images/stories/para_250x300.gif"
  },
  "id": 379
 },
 {
  "action": {
   "type": "block"
  },
  "condition": {
   "isUrlFilterCaseSensitive": false,
   "resourceTypes": [
    "image"
   ],
   "urlFilter": "||realestatenews.gr/images/stories/pomidaani.gif"
  },
  "id": 380
 },
 {
  "action": {
   "type": "block"
  },
  "condition": {
   "isUrlFilterCaseSensitive": false,
   "resourceTypes": [
    "image"
   ],
   "urlFilter": "||rockinathens.gr/wp-content/uploads/2016/08/ritual-banner.gif"
  },
  "id": 381
 },
 {
  "action": {
   "type": "block"
  },
  "condition": {
   "isUrlFilterCaseSensitive": false,
   "resourceTypes": [
    "image"
   ],
   "urlFilter": "||seleo.gr/wp-content/uploads/2020/12/aaa5.png"
  },
  "id": 382
 },
 {
  "action": {
   "type": "block"
  },
  "condition": {
   "isUrlFilterCaseSensitive": false,
   "resourceTypes": [
    "image"
   ],
   "urlFilter": "||sport24.gr/img/app/9018330/0/o/0/0/matchcenter_stoiximan_desk.png"
  },
  "id": 383
 },
 {
  "action": {
   "type": "block"
  },
  "condition": {
   "isUrlFilterCaseSensitive": false,
   "resourceTypes": [
    "image"
   ],
   "urlFilter": "||travelstyle.gr/portal/files/banners/"
  },
  "id": 384
 },
 {
  "action": {
   "type": "block"
  },
  "condition": {
   "isUrlFilterCaseSensitive": false,
   "resourceTypes": [
    "image"
   ],
   "urlFilter": "||tvxs.gr/sites/all/themes/xsonethree/skins/jobby_skinv3.jpg"
  },
  "id": 385
 },
 {
  "action": {
   "type": "block"
  },
  "condition": {
   "isUrlFilterCaseSensitive": false,
   "resourceTypes": [
    "image"
   ],
   "urlFilter": "||www.e-food.gr/site-assets/img/coca/"
  },
  "id": 386
 },
 {
  "action": {
   "type": "block"
  },
  "condition": {
   "isUrlFilterCaseSensitive": false,
   "resourceTypes": [
    "image",
    "object"
   ],
   "urlFilter": "||www.taxheaven.gr/public/banners/"
  },
  "id": 387
 },
 {
  "action": {
   "type": "block"
  },
  "condition": {
   "isUrlFilterCaseSensitive": false,
   "resourceTypes": [
    "image"
   ],
   "urlFilter": "||www.trinews.gr/runimg/2016_04_saucony.gif"
  },
  "id": 388
 },
 {
  "action": {
   "type": "block"
  },
  "condition": {
   "isUrlFilterCaseSensitive": false,
   "resourceTypes": [
    "image"
   ],
   "urlFilter": "||www.trinews.gr/runimg/2016_05_ethicsports_150x300.gif"
  },
  "id": 389
 },
 {
  "action": {
   "type": "block"
  },
  "condition": {
   "isUrlFilterCaseSensitive": false,
   "resourceTypes": [
    "image"
   ],
   "urlFilter": "||www.trinews.gr/runimg/2016_07_intersport-summersales_150x300.gif"
  },
  "id": 390
 },
 {
  "action": {
   "type": "block"
  },
  "condition": {
   "isUrlFilterCaseSensitive": false,
   "resourceTypes": [
    "object"
   ],
   "urlFilter": "||realestatenews.gr/images/stories/banner-red.swf"
  },
  "id": 391
 },
 {
  "action": {
   "type": "block"
  },
  "condition": {
   "initiatorDomains": [
    "gazzetta.gr"
   ],
   "isUrlFilterCaseSensitive": false,
   "resourceTypes": [
    "script"
   ],
   "urlFilter": "||cdnprojectagora.s3.amazonaws.com/gr/gazzetta.js"
  },
  "id": 392
 },
 {
  "action": {
   "type": "block"
  },
  "condition": {
   "isUrlFilterCaseSensitive": false,
   "resourceTypes": [
    "sub_frame"
   ],
   "urlFilter": "||bankingnews.gr/ad/*/"
  },
  "id": 393
 },
 {
  "action": {
   "type": "block"
  },
  "condition": {
   "requestDomains": [
    "madinad-data.s3.amazonaws.com"
   ],
   "resourceTypes": [
    "sub_frame"
   ]
  },
  "id": 394
 },
 {
  "action": {
   "type": "block"
  },
  "condition": {
   "isUrlFilterCaseSensitive": false,
   "resourceTypes": [
    "main_frame"
   ],
   "urlFilter": "goldenconcept.ir^"
  },
  "id": 395
 },
 {
  "action": {
   "type": "block"
  },
  "condition": {
   "isUrlFilterCaseSensitive": false,
   "resourceTypes": [
    "main_frame"
   ],
   "urlFilter": "indusviva.com^"
  },
  "id": 396
 },
 {
  "action": {
   "type": "block"
  },
  "condition": {
   "domainType": "thirdParty",
   "requestDomains": [
    "adwebone.com",
    "madinad.com",
    "vidads.gr"
   ]
  },
  "id": 397
 },
 {
  "action": {
   "type": "allow"
  },
  "condition": {
   "isUrlFilterCaseSensitive": false,
   "urlFilter": "||politis-news.com/banners/entheta/"
  },
  "id": 398
 },
 {
  "action": {
   "type": "allow"
  },
  "condition": {
   "isUrlFilterCaseSensitive": false,
   "urlFilter": "||resources.sport-fm.gr/sportfm/newspapers/"
  },
  "id": 399
 },
 {
  "action": {
   "type": "allow"
  },
  "condition": {
   "isUrlFilterCaseSensitive": false,
   "urlFilter": "||sport-fm.gr/resrc/images/layout/campaigns/mb2010/bg-bck-block.jpg"
  },
  "id": 400
 },
 {
  "action": {
   "type": "allow"
  },
  "condition": {
   "isUrlFilterCaseSensitive": false,
   "urlFilter": "||sport-fm.gr/resrc/images/layout/campaigns/mb2010/bg-fp-block-mb2010.jpg"
  },
  "id": 401
 },
 {
  "action": {
   "type": "allow"
  },
  "condition": {
   "isUrlFilterCaseSensitive": false,
   "urlFilter": "||sport-fm.gr/resrc/images/layout/campaigns/mb2010/bg-fp-block__v3.jpg"
  },
  "id": 402
 },
 {
  "action": {
   "type": "allow"
  },
  "condition": {
   "isUrlFilterCaseSensitive": false,
   "urlFilter": "||ads.patris.gr/_banners/1421748421.gif"
  },
  "id": 403
 },
 {
  "action": {
   "type": "allow"
  },
  "condition": {
   "isUrlFilterCaseSensitive": false,
   "urlFilter": "||athinorama.gr/adv/lmnts/blank.gif"
  },
  "id": 404
 },
 {
  "action": {
   "type": "allow"
  },
  "condition": {
   "isUrlFilterCaseSensitive": false,
   "urlFilter": "||athinorama.gr/adv/lmnts/disimata/"
  },
  "id": 405
 },
 {
  "action": {
   "type": "allow"
  },
  "condition": {
   "isUrlFilterCaseSensitive": false,
   "urlFilter": "||athinorama.gr/adv/lmnts/earth/*.swf"
  },
  "id": 406
 },
 {
  "action": {
   "type": "allow"
  },
  "condition": {
   "isUrlFilterCaseSensitive": false,
   "urlFilter": "||athinorama.gr/adv/lmnts/stegi/*.swf"
  },
  "id": 407
 },
 {
  "action": {
   "type": "allow"
  },
  "condition": {
   "isUrlFilterCaseSensitive": false,
   "urlFilter": "||contra.gr/xml/sponsors/pokergr/ilika/"
  },
  "id": 408
 },
 {
  "action": {
   "type": "allow"
  },
  "condition": {
   "isUrlFilterCaseSensitive": false,
   "urlFilter": "||megatv.com/*/xml/jw/adverts.asp?"
  },
  "id": 409
 },
 {
  "action": {
   "type": "allow"
  },
  "condition": {
   "isUrlFilterCaseSensitive": false,
   "urlFilter": "||skaihd-f.akamaihd.net/z/advert/"
  },
  "id": 410
 },
 {
  "action": {
   "type": "allow"
  },
  "condition": {
   "isUrlFilterCaseSensitive": false,
   "urlFilter": "||xe.gr/property/recent_ads?"
  },
  "id": 411
 },
 {
  "action": {
   "type": "allow"
  },
  "condition": {
   "initiatorDomains": [
    "www.antenna.gr"
   ],
   "isUrlFilterCaseSensitive": false,
   "resourceTypes": [
    "script"
   ],
   "urlFilter": "||www.antenna.gr/js/adman-video*.js"
  },
  "id": 412
 }
]
