[
 {
  "action": {
   "type": "block"
  },
  "condition": {
   "initiatorDomains": [
    "press24.mk"
   ],
   "isUrlFilterCaseSensitive": false,
   "urlFilter": "about:blank"
  },
  "id": 1
 },
 {
  "action": {
   "type": "block"
  },
  "condition": {
   "initiatorDomains": [
    "mkd-news.com"
   ],
   "isUrlFilterCaseSensitive": false,
   "urlFilter": "javascript:"
  },
  "id": 2
 },
 {
  "action": {
   "type": "block"
  },
  "condition": {
   "isUrlFilterCaseSensitive": false,
   "urlFilter": "||10bez10.com/ads/"
  },
  "id": 3
 },
 {
  "action": {
   "type": "block"
  },
  "condition": {
   "isUrlFilterCaseSensitive": false,
   "urlFilter": "||10bez10.com/images/banners/"
  },
  "id": 4
 },
 {
  "action": {
   "type": "block"
  },
  "condition": {
   "isUrlFilterCaseSensitive": false,
   "urlFilter": "||a.kajgana.mk/"
  },
  "id": 5
 },
 {
  "action": {
   "type": "block"
  },
  "condition": {
   "isUrlFilterCaseSensitive": false,
   "urlFilter": "||a.press24.mk/"
  },
  "id": 6
 },
 {
  "action": {
   "type": "block"
  },
  "condition": {
   "isUrlFilterCaseSensitive": false,
   "urlFilter": "||ad.fakulteti.mk/"
  },
  "id": 7
 },
 {
  "action": {
   "type": "block"
  },
  "condition": {
   "isUrlFilterCaseSensitive": false,
   "urlFilter": "||admin.grid.mk/services/banners/"
  },
  "id": 8
 },
 {
  "action": {
   "type": "block"
  },
  "condition": {
   "isUrlFilterCaseSensitive": false,
   "urlFilter": "||ads.foxmedia.mk/"
  },
  "id": 9
 },
 {
  "action": {
   "type": "block"
  },
  "condition": {
   "isUrlFilterCaseSensitive": false,
   "urlFilter": "||ads.kajgana.mk/"
  },
  "id": 10
 },
 {
  "action": {
   "type": "block"
  },
  "condition": {
   "isUrlFilterCaseSensitive": false,
   "urlFilter": "||ads.kanal77.com.mk/"
  },
  "id": 11
 },
 {
  "action": {
   "type": "block"
  },
  "condition": {
   "isUrlFilterCaseSensitive": false,
   "urlFilter": "||ads.off.net.mk/"
  },
  "id": 12
 },
 {
  "action": {
   "type": "block"
  },
  "condition": {
   "isUrlFilterCaseSensitive": false,
   "urlFilter": "||ads.slobodenpecat.mk/"
  },
  "id": 13
 },
 {
  "action": {
   "type": "block"
  },
  "condition": {
   "isUrlFilterCaseSensitive": false,
   "urlFilter": "||ads.sportmedia.mk/"
  },
  "id": 14
 },
 {
  "action": {
   "type": "block"
  },
  "condition": {
   "isUrlFilterCaseSensitive": false,
   "urlFilter": "||ads.telefoni.mk/"
  },
  "id": 15
 },
 {
  "action": {
   "type": "block"
  },
  "condition": {
   "isUrlFilterCaseSensitive": false,
   "urlFilter": "||ads.vecer.mk/"
  },
  "id": 16
 },
 {
  "action": {
   "type": "block"
  },
  "condition": {
   "isUrlFilterCaseSensitive": false,
   "urlFilter": "||adserver.novamakedonija.com.mk/"
  },
  "id": 17
 },
 {
  "action": {
   "type": "block"
  },
  "condition": {
   "isUrlFilterCaseSensitive": false,
   "urlFilter": "||apps.obiani.com/"
  },
  "id": 18
 },
 {
  "action": {
   "type": "block"
  },
  "condition": {
   "isUrlFilterCaseSensitive": false,
   "urlFilter": "||autoinfo.mk/banners/"
  },
  "id": 19
 },
 {
  "action": {
   "type": "block"
  },
  "condition": {
   "isUrlFilterCaseSensitive": false,
   "urlFilter": "||avtoplus.mk/html_banners/"
  },
  "id": 20
 },
 {
  "action": {
   "type": "block"
  },
  "condition": {
   "isUrlFilterCaseSensitive": false,
   "urlFilter": "||avtoplus.mk/images/banners/"
  },
  "id": 21
 },
 {
  "action": {
   "type": "block"
  },
  "condition": {
   "isUrlFilterCaseSensitive": false,
   "urlFilter": "||banner-ads.different.com.mk/"
  },
  "id": 22
 },
 {
  "action": {
   "type": "block"
  },
  "condition": {
   "isUrlFilterCaseSensitive": false,
   "urlFilter": "||bi.mk/baneri/"
  },
  "id": 23
 },
 {
  "action": {
   "type": "block"
  },
  "condition": {
   "isUrlFilterCaseSensitive": false,
   "urlFilter": "||biznisvesti.mk/wp-content/banners/"
  },
  "id": 24
 },
 {
  "action": {
   "type": "block"
  },
  "condition": {
   "isUrlFilterCaseSensitive": false,
   "urlFilter": "||cdn.adman.itea.mk/"
  },
  "id": 25
 },
 {
  "action": {
   "type": "block"
  },
  "condition": {
   "isUrlFilterCaseSensitive": false,
   "urlFilter": "||cdn.marketkonekt.com/makedonija/"
  },
  "id": 26
 },
 {
  "action": {
   "type": "block"
  },
  "condition": {
   "isUrlFilterCaseSensitive": false,
   "urlFilter": "||cdn.zk.mk/sites/zk/templates/responsive/img/kuponwidgettop.png"
  },
  "id": 27
 },
 {
  "action": {
   "type": "block"
  },
  "condition": {
   "isUrlFilterCaseSensitive": false,
   "urlFilter": "||duma.mk/images/stories/baneri/"
  },
  "id": 28
 },
 {
  "action": {
   "type": "block"
  },
  "condition": {
   "isUrlFilterCaseSensitive": false,
   "urlFilter": "||enauka.mk/ad/"
  },
  "id": 29
 },
 {
  "action": {
   "type": "block"
  },
  "condition": {
   "isUrlFilterCaseSensitive": false,
   "urlFilter": "||evesti.mk/wp-content/uploads/banners/"
  },
  "id": 30
 },
 {
  "action": {
   "type": "block"
  },
  "condition": {
   "isUrlFilterCaseSensitive": false,
   "urlFilter": "||exclusive.mk/banners/^"
  },
  "id": 31
 },
 {
  "action": {
   "type": "block"
  },
  "condition": {
   "isUrlFilterCaseSensitive": false,
   "urlFilter": "||files.bannersnack.net/"
  },
  "id": 32
 },
 {
  "action": {
   "type": "block"
  },
  "condition": {
   "isUrlFilterCaseSensitive": false,
   "urlFilter": "||form.jotformeu.com/"
  },
  "id": 33
 },
 {
  "action": {
   "type": "block"
  },
  "condition": {
   "isUrlFilterCaseSensitive": false,
   "urlFilter": "||formacedonia.com/banner/"
  },
  "id": 34
 },
 {
  "action": {
   "type": "block"
  },
  "condition": {
   "isUrlFilterCaseSensitive": false,
   "urlFilter": "||gsm.mk/reklami/"
  },
  "id": 35
 },
 {
  "action": {
   "type": "block"
  },
  "condition": {
   "isUrlFilterCaseSensitive": false,
   "urlFilter": "||hitportal.com.mk/banners/"
  },
  "id": 36
 },
 {
  "action": {
   "type": "block"
  },
  "condition": {
   "isUrlFilterCaseSensitive": false,
   "urlFilter": "||http://212.13.64.105/"
  },
  "id": 37
 },
 {
  "action": {
   "type": "block"
  },
  "condition": {
   "isUrlFilterCaseSensitive": false,
   "urlFilter": "||http://pl.panelmk.gemius.com/"
  },
  "id": 38
 },
 {
  "action": {
   "type": "block"
  },
  "condition": {
   "isUrlFilterCaseSensitive": false,
   "urlFilter": "||images.kumanovonews.com/reklami/"
  },
  "id": 39
 },
 {
  "action": {
   "type": "block"
  },
  "condition": {
   "isUrlFilterCaseSensitive": false,
   "urlFilter": "||kajgana.com/_ad/"
  },
  "id": 40
 },
 {
  "action": {
   "type": "block"
  },
  "condition": {
   "isUrlFilterCaseSensitive": false,
   "urlFilter": "||kariera.mk/images/banners/"
  },
  "id": 41
 },
 {
  "action": {
   "type": "block"
  },
  "condition": {
   "isUrlFilterCaseSensitive": false,
   "urlFilter": "||kavadar4e.com/images/galerija/"
  },
  "id": 42
 },
 {
  "action": {
   "type": "block"
  },
  "condition": {
   "isUrlFilterCaseSensitive": false,
   "urlFilter": "||koli.com.mk/baneri_html5/"
  },
  "id": 43
 },
 {
  "action": {
   "type": "block"
  },
  "condition": {
   "isUrlFilterCaseSensitive": false,
   "urlFilter": "||kurir.mk/banners/"
  },
  "id": 44
 },
 {
  "action": {
   "type": "block"
  },
  "condition": {
   "isUrlFilterCaseSensitive": false,
   "urlFilter": "||libertas.mk/wp-content/uploads/2015/09/banner-unet-web-300x250.swf"
  },
  "id": 45
 },
 {
  "action": {
   "type": "block"
  },
  "condition": {
   "isUrlFilterCaseSensitive": false,
   "urlFilter": "||libertas.mk/wp-content/uploads/2015/10/300x250.gif"
  },
  "id": 46
 },
 {
  "action": {
   "type": "block"
  },
  "condition": {
   "isUrlFilterCaseSensitive": false,
   "urlFilter": "||libertas.mk/wp-content/uploads/2015/10/diners300.jpg"
  },
  "id": 47
 },
 {
  "action": {
   "type": "block"
  },
  "condition": {
   "isUrlFilterCaseSensitive": false,
   "urlFilter": "||libertas.mk/wp-content/uploads/2015/10/fon300.png"
  },
  "id": 48
 },
 {
  "action": {
   "type": "block"
  },
  "condition": {
   "isUrlFilterCaseSensitive": false,
   "urlFilter": "||libertas.mk/wp-content/uploads/2015/12/alarm-29-so-link-1.swf"
  },
  "id": 49
 },
 {
  "action": {
   "type": "block"
  },
  "condition": {
   "isUrlFilterCaseSensitive": false,
   "urlFilter": "||lider.mk/wp-content/uploads/banners/"
  },
  "id": 50
 },
 {
  "action": {
   "type": "block"
  },
  "condition": {
   "isUrlFilterCaseSensitive": false,
   "urlFilter": "||lisica.mk/images/banners/"
  },
  "id": 51
 },
 {
  "action": {
   "type": "block"
  },
  "condition": {
   "isUrlFilterCaseSensitive": false,
   "urlFilter": "||lokalno.mk/wp-content/uploads/*/*/*.html"
  },
  "id": 52
 },
 {
  "action": {
   "type": "block"
  },
  "condition": {
   "isUrlFilterCaseSensitive": false,
   "urlFilter": "||makfax.com.mk/upload/banners/"
  },
  "id": 53
 },
 {
  "action": {
   "type": "block"
  },
  "condition": {
   "isUrlFilterCaseSensitive": false,
   "urlFilter": "||media.ohridnews.com/klienti/"
  },
  "id": 54
 },
 {
  "action": {
   "type": "block"
  },
  "condition": {
   "isUrlFilterCaseSensitive": false,
   "urlFilter": "||metar2.mk/banner/"
  },
  "id": 55
 },
 {
  "action": {
   "type": "block"
  },
  "condition": {
   "isUrlFilterCaseSensitive": false,
   "urlFilter": "||mk.marketkonekt.com/mk/"
  },
  "id": 56
 },
 {
  "action": {
   "type": "block"
  },
  "condition": {
   "isUrlFilterCaseSensitive": false,
   "urlFilter": "||mkd-news.com/baneri/"
  },
  "id": 57
 },
 {
  "action": {
   "type": "block"
  },
  "condition": {
   "isUrlFilterCaseSensitive": false,
   "urlFilter": "||mkd.mk/epp/"
  },
  "id": 58
 },
 {
  "action": {
   "type": "block"
  },
  "condition": {
   "isUrlFilterCaseSensitive": false,
   "urlFilter": "||motori.com.mk/images/stories/joomlart/banners/"
  },
  "id": 59
 },
 {
  "action": {
   "type": "block"
  },
  "condition": {
   "isUrlFilterCaseSensitive": false,
   "urlFilter": "||netpress.com.mk/wp-content/uploads/banners/"
  },
  "id": 60
 },
 {
  "action": {
   "type": "block"
  },
  "condition": {
   "isUrlFilterCaseSensitive": false,
   "urlFilter": "||nmd.mk/modules/images/marketing_transparent.png"
  },
  "id": 61
 },
 {
  "action": {
   "type": "block"
  },
  "condition": {
   "isUrlFilterCaseSensitive": false,
   "urlFilter": "||panika.be/banners/"
  },
  "id": 62
 },
 {
  "action": {
   "type": "block"
  },
  "condition": {
   "isUrlFilterCaseSensitive": false,
   "urlFilter": "||plusinfo.mk/upload/banners/*."
  },
  "id": 63
 },
 {
  "action": {
   "type": "block"
  },
  "condition": {
   "isUrlFilterCaseSensitive": false,
   "urlFilter": "||press24.mk/sites/default/files/goethe-banner-950x90/"
  },
  "id": 64
 },
 {
  "action": {
   "type": "block"
  },
  "condition": {
   "isUrlFilterCaseSensitive": false,
   "urlFilter": "||puls24.mk/2014/puls24/baneri/"
  },
  "id": 65
 },
 {
  "action": {
   "type": "block"
  },
  "condition": {
   "isUrlFilterCaseSensitive": false,
   "urlFilter": "||puls24.mk/2015/baneri/"
  },
  "id": 66
 },
 {
  "action": {
   "type": "block"
  },
  "condition": {
   "isUrlFilterCaseSensitive": false,
   "urlFilter": "||puls24.mk/2016/baneri/"
  },
  "id": 67
 },
 {
  "action": {
   "type": "block"
  },
  "condition": {
   "isUrlFilterCaseSensitive": false,
   "urlFilter": "||puls24.mk/2017/baneri/"
  },
  "id": 68
 },
 {
  "action": {
   "type": "block"
  },
  "condition": {
   "isUrlFilterCaseSensitive": false,
   "urlFilter": "||puls24.mk/upload/puls24/flash/"
  },
  "id": 69
 },
 {
  "action": {
   "type": "block"
  },
  "condition": {
   "isUrlFilterCaseSensitive": false,
   "urlFilter": "||reklama5.mk/img/banner/"
  },
  "id": 70
 },
 {
  "action": {
   "type": "block"
  },
  "condition": {
   "isUrlFilterCaseSensitive": false,
   "urlFilter": "||reklami.digitalpresent.mk/"
  },
  "id": 71
 },
 {
  "action": {
   "type": "block"
  },
  "condition": {
   "isUrlFilterCaseSensitive": false,
   "urlFilter": "||reklami.pixel.mk/"
  },
  "id": 72
 },
 {
  "action": {
   "type": "block"
  },
  "condition": {
   "isUrlFilterCaseSensitive": false,
   "urlFilter": "||reporter.mk/ads/"
  },
  "id": 73
 },
 {
  "action": {
   "type": "block"
  },
  "condition": {
   "isUrlFilterCaseSensitive": false,
   "urlFilter": "||reporter.mk/wp-content/uploads/2015/03/advokat-banner-300x250-px-2.png"
  },
  "id": 74
 },
 {
  "action": {
   "type": "block"
  },
  "condition": {
   "isUrlFilterCaseSensitive": false,
   "urlFilter": "||reporter.mk/wp-content/uploads/2015/03/dummybanner.jpg"
  },
  "id": 75
 },
 {
  "action": {
   "type": "block"
  },
  "condition": {
   "isUrlFilterCaseSensitive": false,
   "urlFilter": "||reporter.mk/wp-content/uploads/2015/03/dummybanner2.jpg"
  },
  "id": 76
 },
 {
  "action": {
   "type": "block"
  },
  "condition": {
   "isUrlFilterCaseSensitive": false,
   "urlFilter": "||reporter.mk/wp-content/uploads/2015/03/trodat.jpg"
  },
  "id": 77
 },
 {
  "action": {
   "type": "block"
  },
  "condition": {
   "isUrlFilterCaseSensitive": false,
   "urlFilter": "||reporter.mk/wp-content/uploads/2015/10/crven-baner-300-250.jpg"
  },
  "id": 78
 },
 {
  "action": {
   "type": "block"
  },
  "condition": {
   "isUrlFilterCaseSensitive": false,
   "urlFilter": "||reporter.mk/wp-content/uploads/2015/11/208_noemvri-2015_300x250.html"
  },
  "id": 79
 },
 {
  "action": {
   "type": "block"
  },
  "condition": {
   "isUrlFilterCaseSensitive": false,
   "urlFilter": "||reporter.mk/wp-content/uploads/2016/01/208-728x90_januari-2016.html"
  },
  "id": 80
 },
 {
  "action": {
   "type": "block"
  },
  "condition": {
   "isUrlFilterCaseSensitive": false,
   "urlFilter": "||reporter.mk/wp-content/uploads/2016/02/508_300x250px_fevruari_2016_.html"
  },
  "id": 81
 },
 {
  "action": {
   "type": "block"
  },
  "condition": {
   "isUrlFilterCaseSensitive": false,
   "urlFilter": "||republika.mk/wp-content/uploads/banners/"
  },
  "id": 82
 },
 {
  "action": {
   "type": "block"
  },
  "condition": {
   "isUrlFilterCaseSensitive": false,
   "urlFilter": "||sdk.mk/sdk-adv/"
  },
  "id": 83
 },
 {
  "action": {
   "type": "block"
  },
  "condition": {
   "isUrlFilterCaseSensitive": false,
   "urlFilter": "||sky.mk/images/januari_2015/_d_/"
  },
  "id": 84
 },
 {
  "action": {
   "type": "block"
  },
  "condition": {
   "isUrlFilterCaseSensitive": false,
   "urlFilter": "||stipka.com.mk/images/businesswomen.gif"
  },
  "id": 85
 },
 {
  "action": {
   "type": "block"
  },
  "condition": {
   "isUrlFilterCaseSensitive": false,
   "urlFilter": "||stipka.com.mk/images/stories/banercinja/"
  },
  "id": 86
 },
 {
  "action": {
   "type": "block"
  },
  "condition": {
   "isUrlFilterCaseSensitive": false,
   "urlFilter": "||t.adonly.com/"
  },
  "id": 87
 },
 {
  "action": {
   "type": "block"
  },
  "condition": {
   "isUrlFilterCaseSensitive": false,
   "urlFilter": "||time.mk/ads/"
  },
  "id": 88
 },
 {
  "action": {
   "type": "block"
  },
  "condition": {
   "isUrlFilterCaseSensitive": false,
   "urlFilter": "||tzm.mk/upload/pixelbanner/"
  },
  "id": 89
 },
 {
  "action": {
   "type": "block"
  },
  "condition": {
   "isUrlFilterCaseSensitive": false,
   "urlFilter": "||vesti.mk/banner/"
  },
  "id": 90
 },
 {
  "action": {
   "type": "block"
  },
  "condition": {
   "isUrlFilterCaseSensitive": false,
   "urlFilter": "||vremeto.mk/widget.php"
  },
  "id": 91
 },
 {
  "action": {
   "type": "block"
  },
  "condition": {
   "isUrlFilterCaseSensitive": false,
   "urlFilter": "||webtv.vip.mk/kanali-img/tv-presentment_vip-now.jpg"
  },
  "id": 92
 },
 {
  "action": {
   "type": "block"
  },
  "condition": {
   "isUrlFilterCaseSensitive": false,
   "urlFilter": "||webtv.vip.mk/kanali-img/viptv-banner-small1.png"
  },
  "id": 93
 },
 {
  "action": {
   "type": "block"
  },
  "condition": {
   "isUrlFilterCaseSensitive": false,
   "urlFilter": "||www.24vesti.mk/sites/default/files/2013/12/27/31706/images/98681.jpg"
  },
  "id": 94
 },
 {
  "action": {
   "type": "block"
  },
  "condition": {
   "isUrlFilterCaseSensitive": false,
   "urlFilter": "||www.24vesti.mk/sites/default/files/2014/10/20/45129/images/98679.jpg"
  },
  "id": 95
 },
 {
  "action": {
   "type": "block"
  },
  "condition": {
   "isUrlFilterCaseSensitive": false,
   "urlFilter": "||www.24vesti.mk/sites/default/files/2015/04/15/51801/images/108154.swf"
  },
  "id": 96
 },
 {
  "action": {
   "type": "block"
  },
  "condition": {
   "isUrlFilterCaseSensitive": false,
   "urlFilter": "||www.24vesti.mk/sites/default/files/2015/08/17/56267/images/126921.gif"
  },
  "id": 97
 },
 {
  "action": {
   "type": "block"
  },
  "condition": {
   "isUrlFilterCaseSensitive": false,
   "urlFilter": "||www.24vesti.mk/sites/default/files/2015/10/13/58238/images/125179.swf"
  },
  "id": 98
 },
 {
  "action": {
   "type": "block"
  },
  "condition": {
   "isUrlFilterCaseSensitive": false,
   "urlFilter": "||www.24vesti.mk/sites/default/files/2015/11/19/59604/images/123346.jpg"
  },
  "id": 99
 },
 {
  "action": {
   "type": "block"
  },
  "condition": {
   "isUrlFilterCaseSensitive": false,
   "urlFilter": "||www.24vesti.mk/sites/default/files/2016/01/15/61283/images/126646.jpg"
  },
  "id": 100
 },
 {
  "action": {
   "type": "block"
  },
  "condition": {
   "isUrlFilterCaseSensitive": false,
   "urlFilter": "||www.advertisia.net/"
  },
  "id": 101
 },
 {
  "action": {
   "type": "block"
  },
  "condition": {
   "isUrlFilterCaseSensitive": false,
   "urlFilter": "||www.akademik.mk/wp-content/uploads/*/*/*.swf"
  },
  "id": 102
 },
 {
  "action": {
   "type": "block"
  },
  "condition": {
   "isUrlFilterCaseSensitive": false,
   "urlFilter": "||www.avtobanda.com.mk/images/flash/"
  },
  "id": 103
 },
 {
  "action": {
   "type": "block"
  },
  "condition": {
   "isUrlFilterCaseSensitive": false,
   "urlFilter": "||www.barnorama.com/ads/"
  },
  "id": 104
 },
 {
  "action": {
   "type": "block"
  },
  "condition": {
   "isUrlFilterCaseSensitive": false,
   "urlFilter": "||www.barnorama.com/tab.html"
  },
  "id": 105
 },
 {
  "action": {
   "type": "block"
  },
  "condition": {
   "isUrlFilterCaseSensitive": false,
   "urlFilter": "||www.brkajrabota.mk/images/banners/"
  },
  "id": 106
 },
 {
  "action": {
   "type": "block"
  },
  "condition": {
   "isUrlFilterCaseSensitive": false,
   "urlFilter": "||www.carclub.mk/flash/"
  },
  "id": 107
 },
 {
  "action": {
   "type": "block"
  },
  "condition": {
   "isUrlFilterCaseSensitive": false,
   "urlFilter": "||www.carclub.mk/m/pb/randomizer.php"
  },
  "id": 108
 },
 {
  "action": {
   "type": "block"
  },
  "condition": {
   "isUrlFilterCaseSensitive": false,
   "urlFilter": "||www.exclusive.mk/newsmanagement/upload/banners/"
  },
  "id": 109
 },
 {
  "action": {
   "type": "block"
  },
  "condition": {
   "isUrlFilterCaseSensitive": false,
   "urlFilter": "||www.fakulteti.mk/custom/widgets/"
  },
  "id": 110
 },
 {
  "action": {
   "type": "block"
  },
  "condition": {
   "isUrlFilterCaseSensitive": false,
   "urlFilter": "||www.fakulteti.mk/reklami/"
  },
  "id": 111
 },
 {
  "action": {
   "type": "block"
  },
  "condition": {
   "isUrlFilterCaseSensitive": false,
   "urlFilter": "||www.femina.mk/images/banners/763/"
  },
  "id": 112
 },
 {
  "action": {
   "type": "block"
  },
  "condition": {
   "isUrlFilterCaseSensitive": false,
   "urlFilter": "||www.kavadar4e.com/flash/"
  },
  "id": 113
 },
 {
  "action": {
   "type": "block"
  },
  "condition": {
   "isUrlFilterCaseSensitive": false,
   "urlFilter": "||www.kavadar4e.com/images/flash/"
  },
  "id": 114
 },
 {
  "action": {
   "type": "block"
  },
  "condition": {
   "isUrlFilterCaseSensitive": false,
   "urlFilter": "||www.kavadar4e.com/images/reklami/"
  },
  "id": 115
 },
 {
  "action": {
   "type": "block"
  },
  "condition": {
   "isUrlFilterCaseSensitive": false,
   "urlFilter": "||www.koli.com.mk/baneri/"
  },
  "id": 116
 },
 {
  "action": {
   "type": "block"
  },
  "condition": {
   "isUrlFilterCaseSensitive": false,
   "urlFilter": "||www.ladybook.mk/images/banners/"
  },
  "id": 117
 },
 {
  "action": {
   "type": "block"
  },
  "condition": {
   "isUrlFilterCaseSensitive": false,
   "urlFilter": "||www.mobile24.mk/ads/"
  },
  "id": 118
 },
 {
  "action": {
   "type": "block"
  },
  "condition": {
   "isUrlFilterCaseSensitive": false,
   "urlFilter": "||www.mobile24.mk/iframe-ads.php"
  },
  "id": 119
 },
 {
  "action": {
   "type": "block"
  },
  "condition": {
   "isUrlFilterCaseSensitive": false,
   "urlFilter": "||www.motika.com.mk/reklami/"
  },
  "id": 120
 },
 {
  "action": {
   "type": "block"
  },
  "condition": {
   "isUrlFilterCaseSensitive": false,
   "urlFilter": "||www.oglasnik24.mk/baners/"
  },
  "id": 121
 },
 {
  "action": {
   "type": "block"
  },
  "condition": {
   "isUrlFilterCaseSensitive": false,
   "urlFilter": "||www.pozitivo.net/wp-content/plugins/cornerpeel/peel.png"
  },
  "id": 122
 },
 {
  "action": {
   "type": "block"
  },
  "condition": {
   "isUrlFilterCaseSensitive": false,
   "urlFilter": "||www.srekja.mk/wp-content/uploads/2015/11/lapaj-logo-srekja-300x250.jpg"
  },
  "id": 123
 },
 {
  "action": {
   "type": "block"
  },
  "condition": {
   "isUrlFilterCaseSensitive": false,
   "urlFilter": "||www.tripadvisor.com/widgetembed-cdsgeohighlights"
  },
  "id": 124
 },
 {
  "action": {
   "type": "block"
  },
  "condition": {
   "isUrlFilterCaseSensitive": false,
   "urlFilter": "||www.vipmarket5.mk/themes/airlija/images/banners/"
  },
  "id": 125
 },
 {
  "action": {
   "type": "block"
  },
  "condition": {
   "isUrlFilterCaseSensitive": false,
   "urlFilter": "||www.vipponuda.com/abans/"
  },
  "id": 126
 },
 {
  "action": {
   "type": "block"
  },
  "condition": {
   "isUrlFilterCaseSensitive": false,
   "urlFilter": "||www.vrabotuvanje.com.mk/content/dataimages/banners/"
  },
  "id": 127
 },
 {
  "action": {
   "type": "block"
  },
  "condition": {
   "isUrlFilterCaseSensitive": false,
   "urlFilter": "||adserver.piksel.mk/"
  },
  "id": 128
 },
 {
  "action": {
   "type": "block"
  },
  "condition": {
   "isUrlFilterCaseSensitive": false,
   "urlFilter": "||tagx.bambarmedia.com/"
  },
  "id": 129
 },
 {
  "action": {
   "type": "block"
  },
  "condition": {
   "isUrlFilterCaseSensitive": false,
   "urlFilter": "||republika.mk/banners/"
  },
  "id": 130
 },
 {
  "action": {
   "type": "block"
  },
  "condition": {
   "isUrlFilterCaseSensitive": false,
   "urlFilter": "||sportski.mk/wp-content/uploads/*/1920x1080-1.png"
  },
  "id": 131
 },
 {
  "action": {
   "type": "block"
  },
  "condition": {
   "isUrlFilterCaseSensitive": false,
   "urlFilter": "||images.gorivo.mk/000web/"
  },
  "id": 132
 },
 {
  "action": {
   "type": "block"
  },
  "condition": {
   "requestDomains": [
    "10bet.com",
    "a.sitel.com.mk",
    "acadv.net",
    "ad.mox.tv",
    "adexchange.mk",
    "adocean.pl",
    "ads.1cm.com.mk",
    "ads.360stepeni.mk",
    "ads.365.mk",
    "ads.com.mk",
    "ads.crnobelo.mk",
    "ads.deca.mk",
    "ads.ekipa.mk",
    "ads.emedia.mk",
    "ads.ereklama.mk",
    "ads.exdynsrv.com",
    "ads.faktor.mk",
    "ads.fakulteti.mk",
    "ads.fashionel.mk",
    "ads.fokus.mk",
    "ads.foxit.mk",
    "ads.grouper.mk",
    "ads.idividi.com.mk",
    "ads.it.mk",
    "ads.kafepauza.mk",
    "ads.kajgana.com",
    "ads.kanal77.mk",
    "ads.lokalno.mk",
    "ads.mkd.mk",
    "ads.mpm.com.mk",
    "ads.nexage.com",
    "ads.novatv.mk",
    "ads.plusinfo.mk",
    "ads.popularno.mk",
    "ads.press24.mk",
    "ads.programattik.com",
    "ads.pubmatic.com",
    "ads.puls24.mk",
    "ads.skopjeinfo.mk",
    "ads.sport1.mk",
    "ads.sportclub.mk",
    "ads.stankov.me",
    "ads.studenti.mk",
    "ads.tocka.com.mk",
    "ads.trendolend.mk",
    "ads.vrabotuvanje.com.mk",
    "adsdms.mk",
    "adserver.mk",
    "adserver.neotel.mk",
    "adservice.google.mk",
    "advertiseserve.com",
    "adxbid.info",
    "adxpremium.services",
    "aplikacii.com",
    "baneri.24fudbal.com.mk",
    "bid.aero",
    "bttrack.com",
    "clevernt.com",
    "clickattack.mk",
    "cm.adskeeper.co.uk",
    "coinmedia.tk",
    "d.agkn.com",
    "doubleclick.net",
    "ds-aksb-a.akamaihd.net",
    "eadsrv.com",
    "easyads.bg",
    "free.xjs.lol",
    "hipersushiads.com",
    "httpool.com",
    "httpool.com.mk",
    "ib.adnxs.com",
    "ireklama.mk",
    "jsc.adskeeper.co.uk",
    "keepaneye.mk",
    "keepaneyeadmk.hit.gemius.pl",
    "keepaneyegdemk.hit.gemius.pl",
    "lacmus.mk",
    "live.acads.net",
    "load77.exelator.com",
    "loadm.exelator.com",
    "marketgid.com",
    "marketing.centar.com.mk",
    "marketing.utrinskivesnik.mk",
    "mas.nth.ch",
    "match.adsrvr.org",
    "match.taboola.com",
    "mgid.com",
    "midas-network.com",
    "mobi-promo.com",
    "mozzart.ideaplus.mk",
    "n.ads-adnow.com",
    "n.ads1-adnow.com",
    "n.ads2-adnow.com",
    "n.ads3-adnow.com",
    "n.ads4-adnow.com",
    "n.ads5-adnow.com",
    "nativemedia.rs",
    "net-ads.mk",
    "onesignal.com",
    "pixel.onaudience.com",
    "pixel.quantserve.com",
    "pubpress.net",
    "r.denar.mk",
    "reklami.daily.mk",
    "reklami.gbccom.com.mk",
    "rev.balkanmediagroup.com",
    "revcontent.com",
    "revive.futura.net.mk",
    "rtb.mfadsrvr.com",
    "s-img.adskeeper.co.uk",
    "s.pubmine.com",
    "s0.2mdn.net",
    "s1.adform.net",
    "s2blosh.com",
    "sa.daily.mk",
    "servicer.adskeeper.co.uk",
    "serving-sys.com",
    "smartadserver.com",
    "st-n.ads1-adnow.com",
    "st-n.ads2-adnow.com",
    "st-n.ads3-adnow.com",
    "st-n.ads4-adnow.com",
    "st-n.ads5-adnow.com",
    "st-n.gsasd.info",
    "static.off.mk",
    "storygize.net",
    "tags.bluekai.com",
    "toboads.com",
    "tv21macedonia.xyz",
    "vdads2019.com",
    "vionservices.com",
    "www.mktrack.com",
    "x.bidswitch.net"
   ]
  },
  "id": 133
 },
 {
  "action": {
   "type": "block"
  },
  "condition": {
   "isUrlFilterCaseSensitive": false,
   "resourceTypes": [
    "image"
   ],
   "urlFilter": "||ads.zase.mk/"
  },
  "id": 134
 },
 {
  "action": {
   "type": "block"
  },
  "condition": {
   "isUrlFilterCaseSensitive": false,
   "resourceTypes": [
    "image"
   ],
   "urlFilter": "||emagazin.mk/images-banner/"
  },
  "id": 135
 },
 {
  "action": {
   "type": "block"
  },
  "condition": {
   "isUrlFilterCaseSensitive": false,
   "resourceTypes": [
    "image"
   ],
   "urlFilter": "||jugoinfo.mk/images/reklami/"
  },
  "id": 136
 },
 {
  "action": {
   "type": "block"
  },
  "condition": {
   "isUrlFilterCaseSensitive": false,
   "resourceTypes": [
    "image"
   ],
   "urlFilter": "||majkatiitatkoti.com/reklami/"
  },
  "id": 137
 },
 {
  "action": {
   "type": "block"
  },
  "condition": {
   "isUrlFilterCaseSensitive": false,
   "resourceTypes": [
    "image"
   ],
   "urlFilter": "||negotinoinfo.mk/baneri/"
  },
  "id": 138
 },
 {
  "action": {
   "type": "block"
  },
  "condition": {
   "isUrlFilterCaseSensitive": false,
   "resourceTypes": [
    "image"
   ],
   "urlFilter": "||strumicadenes.mk/banners/"
  },
  "id": 139
 },
 {
  "action": {
   "type": "block"
  },
  "condition": {
   "isUrlFilterCaseSensitive": false,
   "resourceTypes": [
    "image"
   ],
   "urlFilter": "||tera.mk/wp-content/uploads/2015/07/aries.jpg"
  },
  "id": 140
 },
 {
  "action": {
   "type": "block"
  },
  "condition": {
   "isUrlFilterCaseSensitive": false,
   "resourceTypes": [
    "image"
   ],
   "urlFilter": "||tera.mk/wp-content/uploads/2015/07/telekabel_logo.jpg"
  },
  "id": 141
 },
 {
  "action": {
   "type": "block"
  },
  "condition": {
   "isUrlFilterCaseSensitive": false,
   "resourceTypes": [
    "image"
   ],
   "urlFilter": "||tera.mk/wp-content/uploads/2016/01/fer-komp.jpg"
  },
  "id": 142
 },
 {
  "action": {
   "type": "block"
  },
  "condition": {
   "isUrlFilterCaseSensitive": false,
   "resourceTypes": [
    "image"
   ],
   "urlFilter": "||tera.mk/wp-content/uploads/2016/01/josifov.jpg"
  },
  "id": 143
 },
 {
  "action": {
   "type": "block"
  },
  "condition": {
   "isUrlFilterCaseSensitive": false,
   "resourceTypes": [
    "image"
   ],
   "urlFilter": "||tera.mk/wp-content/uploads/2016/07/13695099_1253805737965440_1652189031_n.jpg"
  },
  "id": 144
 },
 {
  "action": {
   "type": "block"
  },
  "condition": {
   "isUrlFilterCaseSensitive": false,
   "resourceTypes": [
    "image"
   ],
   "urlFilter": "||tera.mk/wp-content/uploads/2016/11/logo.png"
  },
  "id": 145
 },
 {
  "action": {
   "type": "block"
  },
  "condition": {
   "isUrlFilterCaseSensitive": false,
   "resourceTypes": [
    "image"
   ],
   "urlFilter": "||tera.mk/wp-content/uploads/2016/11/logo_faktor.png"
  },
  "id": 146
 },
 {
  "action": {
   "type": "block"
  },
  "condition": {
   "isUrlFilterCaseSensitive": false,
   "resourceTypes": [
    "image"
   ],
   "urlFilter": "||www.dokazm.mk/wp-content/uploads/2017/05/smartservice-gif.gif"
  },
  "id": 147
 },
 {
  "action": {
   "type": "block"
  },
  "condition": {
   "isUrlFilterCaseSensitive": false,
   "resourceTypes": [
    "image"
   ],
   "urlFilter": "||www.fama.mk/images/banners/"
  },
  "id": 148
 },
 {
  "action": {
   "type": "block"
  },
  "condition": {
   "isUrlFilterCaseSensitive": false,
   "resourceTypes": [
    "image"
   ],
   "urlFilter": "||a.kajgana.com/*."
  },
  "id": 149
 },
 {
  "action": {
   "type": "block"
  },
  "condition": {
   "initiatorDomains": [
    "reporter.mk"
   ],
   "isUrlFilterCaseSensitive": false,
   "resourceTypes": [
    "sub_frame"
   ],
   "urlFilter": "about:blank"
  },
  "id": 150
 },
 {
  "action": {
   "type": "block"
  },
  "condition": {
   "isUrlFilterCaseSensitive": false,
   "resourceTypes": [
    "sub_frame"
   ],
   "urlFilter": "||cdn.grouper.mk/files/widgets/"
  },
  "id": 151
 },
 {
  "action": {
   "type": "block"
  },
  "condition": {
   "isUrlFilterCaseSensitive": false,
   "resourceTypes": [
    "sub_frame"
   ],
   "urlFilter": "||grid.mk/adsgrid"
  },
  "id": 152
 },
 {
  "action": {
   "type": "block"
  },
  "condition": {
   "isUrlFilterCaseSensitive": false,
   "resourceTypes": [
    "sub_frame"
   ],
   "urlFilter": "||reporter.mk/wp-content/uploads/2016/04/308-2008-300x250px_april-2016.html"
  },
  "id": 153
 },
 {
  "action": {
   "type": "block"
  },
  "condition": {
   "isUrlFilterCaseSensitive": false,
   "resourceTypes": [
    "sub_frame"
   ],
   "urlFilter": "||time.mk/widget/"
  },
  "id": 154
 },
 {
  "action": {
   "type": "block"
  },
  "condition": {
   "isUrlFilterCaseSensitive": false,
   "resourceTypes": [
    "sub_frame"
   ],
   "urlFilter": "||www.najdidom.mk/widget/"
  },
  "id": 155
 },
 {
  "action": {
   "type": "block"
  },
  "condition": {
   "isUrlFilterCaseSensitive": false,
   "resourceTypes": [
    "sub_frame"
   ],
   "urlFilter": "||www.pazar3.mk/wgdata/"
  },
  "id": 156
 },
 {
  "action": {
   "type": "block"
  },
  "condition": {
   "requestDomains": [
    "cdnmm.hyperpromote.com"
   ],
   "resourceTypes": [
    "sub_frame"
   ]
  },
  "id": 157
 }
]
