[
 {
  "action": {
   "type": "block"
  },
  "condition": {
   "isUrlFilterCaseSensitive": false,
   "urlFilter": ".dk/ad/"
  },
  "id": 1
 },
 {
  "action": {
   "type": "block"
  },
  "condition": {
   "isUrlFilterCaseSensitive": false,
   "urlFilter": ".dk/ads/"
  },
  "id": 2
 },
 {
  "action": {
   "type": "block"
  },
  "condition": {
   "isUrlFilterCaseSensitive": false,
   "urlFilter": ".is/ad/"
  },
  "id": 3
 },
 {
  "action": {
   "type": "block"
  },
  "condition": {
   "isUrlFilterCaseSensitive": false,
   "urlFilter": ".is/augl/"
  },
  "id": 4
 },
 {
  "action": {
   "type": "block"
  },
  "condition": {
   "isUrlFilterCaseSensitive": false,
   "urlFilter": ".is/netbordar/"
  },
  "id": 5
 },
 {
  "action": {
   "type": "block"
  },
  "condition": {
   "isUrlFilterCaseSensitive": false,
   "urlFilter": ".is/skrar/augl/"
  },
  "id": 6
 },
 {
  "action": {
   "type": "block"
  },
  "condition": {
   "isUrlFilterCaseSensitive": false,
   "urlFilter": ".no/ad/"
  },
  "id": 7
 },
 {
  "action": {
   "type": "block"
  },
  "condition": {
   "isUrlFilterCaseSensitive": false,
   "urlFilter": "/annonsar/"
  },
  "id": 8
 },
 {
  "action": {
   "type": "block"
  },
  "condition": {
   "isUrlFilterCaseSensitive": false,
   "urlFilter": "/auglysing/"
  },
  "id": 9
 },
 {
  "action": {
   "type": "block"
  },
  "condition": {
   "isUrlFilterCaseSensitive": false,
   "urlFilter": "/auglysingar/"
  },
  "id": 10
 },
 {
  "action": {
   "type": "block"
  },
  "condition": {
   "isUrlFilterCaseSensitive": false,
   "urlFilter": "/vefauglysingar/"
  },
  "id": 11
 },
 {
  "action": {
   "type": "block"
  },
  "condition": {
   "excludedInitiatorDomains": [
    "ad.amediakreativ.no",
    "ad.dep.no",
    "ad.hem.no",
    "ba.no"
   ],
   "isUrlFilterCaseSensitive": false,
   "urlFilter": "||ad.*.no^"
  },
  "id": 12
 },
 {
  "action": {
   "type": "block"
  },
  "condition": {
   "isUrlFilterCaseSensitive": false,
   "urlFilter": "||ad1.*.dk^"
  },
  "id": 13
 },
 {
  "action": {
   "type": "block"
  },
  "condition": {
   "isUrlFilterCaseSensitive": false,
   "urlFilter": "||ad1.*.no^"
  },
  "id": 14
 },
 {
  "action": {
   "type": "block"
  },
  "condition": {
   "excludedInitiatorDomains": [
    "ads.mst.dk"
   ],
   "isUrlFilterCaseSensitive": false,
   "urlFilter": "||ads.*.dk^"
  },
  "id": 15
 },
 {
  "action": {
   "type": "block"
  },
  "condition": {
   "isUrlFilterCaseSensitive": false,
   "urlFilter": "||ads.*.is^"
  },
  "id": 16
 },
 {
  "action": {
   "type": "block"
  },
  "condition": {
   "isUrlFilterCaseSensitive": false,
   "urlFilter": "||ads.*.no^"
  },
  "id": 17
 },
 {
  "action": {
   "type": "block"
  },
  "condition": {
   "isUrlFilterCaseSensitive": false,
   "urlFilter": "||adserver.*.dk^"
  },
  "id": 18
 },
 {
  "action": {
   "type": "block"
  },
  "condition": {
   "excludedInitiatorDomains": [
    "annonser.gess.no"
   ],
   "isUrlFilterCaseSensitive": false,
   "urlFilter": "||annonser.*.no^"
  },
  "id": 19
 },
 {
  "action": {
   "type": "block"
  },
  "condition": {
   "isUrlFilterCaseSensitive": false,
   "urlFilter": "||banner.*.no^"
  },
  "id": 20
 },
 {
  "action": {
   "type": "block"
  },
  "condition": {
   "isUrlFilterCaseSensitive": false,
   "urlFilter": "||helios.*.no^"
  },
  "id": 21
 },
 {
  "action": {
   "type": "block"
  },
  "condition": {
   "isUrlFilterCaseSensitive": false,
   "urlFilter": "||advert.*.no^"
  },
  "id": 22
 },
 {
  "action": {
   "type": "block"
  },
  "condition": {
   "isUrlFilterCaseSensitive": false,
   "urlFilter": "||advertisement.*.no^"
  },
  "id": 23
 },
 {
  "action": {
   "type": "block"
  },
  "condition": {
   "isUrlFilterCaseSensitive": false,
   "urlFilter": "/bannerannonser/"
  },
  "id": 24
 },
 {
  "action": {
   "type": "block"
  },
  "condition": {
   "isUrlFilterCaseSensitive": false,
   "urlFilter": "_nettannonse."
  },
  "id": 25
 },
 {
  "action": {
   "type": "block"
  },
  "condition": {
   "isUrlFilterCaseSensitive": false,
   "urlFilter": "/binary/*-banner-*.gif^"
  },
  "id": 26
 },
 {
  "action": {
   "type": "block"
  },
  "condition": {
   "isUrlFilterCaseSensitive": false,
   "urlFilter": "/binary/*%20200x300.jpg^"
  },
  "id": 27
 },
 {
  "action": {
   "type": "block"
  },
  "condition": {
   "isUrlFilterCaseSensitive": false,
   "urlFilter": "/byteads^"
  },
  "id": 28
 },
 {
  "action": {
   "type": "block"
  },
  "condition": {
   "isUrlFilterCaseSensitive": false,
   "urlFilter": "/polarnexus.js"
  },
  "id": 29
 },
 {
  "action": {
   "type": "block"
  },
  "condition": {
   "isUrlFilterCaseSensitive": false,
   "urlFilter": "/hnuannonse^"
  },
  "id": 30
 },
 {
  "action": {
   "type": "block"
  },
  "condition": {
   "isUrlFilterCaseSensitive": false,
   "urlFilter": "/wp-content/uploads/i123_ads/*.gif|"
  },
  "id": 31
 },
 {
  "action": {
   "type": "block"
  },
  "condition": {
   "isUrlFilterCaseSensitive": false,
   "urlFilter": "/wp-content/uploads/i123_ads/*_460x196.jpg|"
  },
  "id": 32
 },
 {
  "action": {
   "type": "block"
  },
  "condition": {
   "isUrlFilterCaseSensitive": false,
   "urlFilter": "/wp-content/uploads/i123_ads/930x180_"
  },
  "id": 33
 },
 {
  "action": {
   "type": "block"
  },
  "condition": {
   "isUrlFilterCaseSensitive": false,
   "urlFilter": "/system_files/banner/ckfinder^"
  },
  "id": 34
 },
 {
  "action": {
   "type": "block"
  },
  "condition": {
   "isUrlFilterCaseSensitive": false,
   "urlFilter": "/images/augl^"
  },
  "id": 35
 },
 {
  "action": {
   "type": "block"
  },
  "condition": {
   "isUrlFilterCaseSensitive": false,
   "urlFilter": "||tac.is/kunnar^"
  },
  "id": 36
 },
 {
  "action": {
   "type": "block"
  },
  "condition": {
   "isUrlFilterCaseSensitive": false,
   "urlFilter": "||img.norrbom.com/*-300x60.png^"
  },
  "id": 37
 },
 {
  "action": {
   "type": "block"
  },
  "condition": {
   "isUrlFilterCaseSensitive": false,
   "urlFilter": "/gfx/fishfingers^"
  },
  "id": 38
 },
 {
  "action": {
   "type": "block"
  },
  "condition": {
   "isUrlFilterCaseSensitive": false,
   "urlFilter": "||images.staticjw.com/*/casino24.jpg^"
  },
  "id": 39
 },
 {
  "action": {
   "type": "block"
  },
  "condition": {
   "isUrlFilterCaseSensitive": false,
   "urlFilter": "/globalassets/banner_"
  },
  "id": 40
 },
 {
  "action": {
   "type": "block"
  },
  "condition": {
   "isUrlFilterCaseSensitive": false,
   "urlFilter": "/wp-content/uploads/ad-html^"
  },
  "id": 41
 },
 {
  "action": {
   "type": "block"
  },
  "condition": {
   "isUrlFilterCaseSensitive": false,
   "urlFilter": "/convertpro/*/cp-popup.min.css|"
  },
  "id": 42
 },
 {
  "action": {
   "type": "block"
  },
  "condition": {
   "isUrlFilterCaseSensitive": false,
   "urlFilter": "||amino.dk/images/partners/agera/240x140-forside-hardcoded*.jpg^"
  },
  "id": 43
 },
 {
  "action": {
   "type": "block"
  },
  "condition": {
   "isUrlFilterCaseSensitive": false,
   "urlFilter": "||arendalstidende.no/wp-content/uploads/*_490px.jpg^"
  },
  "id": 44
 },
 {
  "action": {
   "type": "block"
  },
  "condition": {
   "isUrlFilterCaseSensitive": false,
   "urlFilter": "||austurfrett.is/images/*augl.jpg^"
  },
  "id": 45
 },
 {
  "action": {
   "type": "block"
  },
  "condition": {
   "isUrlFilterCaseSensitive": false,
   "urlFilter": "||bobilverden.no/wp-content/uploads/*/banner-1200x300px.jpg^"
  },
  "id": 46
 },
 {
  "action": {
   "type": "block"
  },
  "condition": {
   "initiatorDomains": [
    "diskusjon.no"
   ],
   "requestDomains": [
    "export.prisguide.no",
    "export.prisguiden.no"
   ]
  },
  "id": 47
 },
 {
  "action": {
   "type": "block"
  },
  "condition": {
   "isUrlFilterCaseSensitive": false,
   "urlFilter": "||eyjar.net/skrar/ads"
  },
  "id": 48
 },
 {
  "action": {
   "type": "block"
  },
  "condition": {
   "isUrlFilterCaseSensitive": false,
   "urlFilter": "||feltet.dk/*/topbanner_*.jpg^"
  },
  "id": 49
 },
 {
  "action": {
   "type": "block"
  },
  "condition": {
   "isUrlFilterCaseSensitive": false,
   "urlFilter": "||feltet.dk/*/wallpaper_1.jpg^"
  },
  "id": 50
 },
 {
  "action": {
   "type": "block"
  },
  "condition": {
   "isUrlFilterCaseSensitive": false,
   "urlFilter": "||feltet.dk/*_300x60.gif^"
  },
  "id": 51
 },
 {
  "action": {
   "type": "block"
  },
  "condition": {
   "isUrlFilterCaseSensitive": false,
   "urlFilter": "||footy.dk/wp-content/uploads/*/sk%c3%a6rmbillede-*.png^"
  },
  "id": 52
 },
 {
  "action": {
   "type": "block"
  },
  "condition": {
   "initiatorDomains": [
    "hnytt.no",
    "karfan.is"
   ],
   "isUrlFilterCaseSensitive": false,
   "urlFilter": "/wp-content/uploads/*.gif^"
  },
  "id": 53
 },
 {
  "action": {
   "type": "block"
  },
  "condition": {
   "isUrlFilterCaseSensitive": false,
   "urlFilter": "||karfan.is/*-470x130*.jpg^"
  },
  "id": 54
 },
 {
  "action": {
   "type": "block"
  },
  "condition": {
   "isUrlFilterCaseSensitive": false,
   "urlFilter": "||karfan.is/*300x250.jpg^"
  },
  "id": 55
 },
 {
  "action": {
   "type": "block"
  },
  "condition": {
   "isUrlFilterCaseSensitive": false,
   "urlFilter": "||leikjaland.is/images/*logo.png|"
  },
  "id": 56
 },
 {
  "action": {
   "type": "block"
  },
  "condition": {
   "isUrlFilterCaseSensitive": false,
   "urlFilter": "||melkoghonning.no/wp-content/uploads/*_980x300px.jpg^"
  },
  "id": 57
 },
 {
  "action": {
   "type": "block"
  },
  "condition": {
   "isUrlFilterCaseSensitive": false,
   "urlFilter": "||n247.no/salg^"
  },
  "id": 58
 },
 {
  "action": {
   "type": "block"
  },
  "condition": {
   "isUrlFilterCaseSensitive": false,
   "urlFilter": "||norskenettsider.no/images/ageras-banner.jpg"
  },
  "id": 59
 },
 {
  "action": {
   "type": "block"
  },
  "condition": {
   "isUrlFilterCaseSensitive": false,
   "urlFilter": "||norskenettsider.no/images/remember-banner-2016.jpg"
  },
  "id": 60
 },
 {
  "action": {
   "type": "block"
  },
  "condition": {
   "isUrlFilterCaseSensitive": false,
   "urlFilter": "||saernieh.no/wp-content/uploads/2020/03/j%c3%b8rn-jensen.jpg^"
  },
  "id": 61
 },
 {
  "action": {
   "type": "block"
  },
  "condition": {
   "isUrlFilterCaseSensitive": false,
   "urlFilter": "||storfjordnytt.no/wp-content/uploads/*.jpg^"
  },
  "id": 62
 },
 {
  "action": {
   "type": "block"
  },
  "condition": {
   "isUrlFilterCaseSensitive": false,
   "urlFilter": "||storfjordnytt.no/wp-content/uploads/*/26_hh.png^"
  },
  "id": 63
 },
 {
  "action": {
   "type": "block"
  },
  "condition": {
   "initiatorDomains": [
    "118.dk"
   ],
   "requestDomains": [
    "track.adform.net"
   ]
  },
  "id": 64
 },
 {
  "action": {
   "type": "block"
  },
  "condition": {
   "isUrlFilterCaseSensitive": false,
   "urlFilter": "||track.adform.net/banners/"
  },
  "id": 65
 },
 {
  "action": {
   "type": "block"
  },
  "condition": {
   "isUrlFilterCaseSensitive": false,
   "urlFilter": "||trolli.is/wp-content/*/benecta.png"
  },
  "id": 66
 },
 {
  "action": {
   "type": "block"
  },
  "condition": {
   "isUrlFilterCaseSensitive": false,
   "urlFilter": "||trolli.is/wp-content/uploads/*logo-*.png^"
  },
  "id": 67
 },
 {
  "action": {
   "type": "block"
  },
  "condition": {
   "isUrlFilterCaseSensitive": false,
   "urlFilter": "||trolli.is/wp-content/uploads/2018/05/untitled-1-1.jpg^"
  },
  "id": 68
 },
 {
  "action": {
   "type": "block"
  },
  "condition": {
   "isUrlFilterCaseSensitive": false,
   "urlFilter": "||utrop.no/wp-content/uploads/2019/07/utrop.no_-1.jpg^"
  },
  "id": 69
 },
 {
  "action": {
   "type": "block"
  },
  "condition": {
   "isUrlFilterCaseSensitive": false,
   "urlFilter": "||vikari.is/skjol/frjalsi-lif*.png^"
  },
  "id": 70
 },
 {
  "action": {
   "type": "block"
  },
  "condition": {
   "initiatorDomains": [
    "klikk.no",
    "musikknyheter.no",
    "startsiden.no"
   ],
   "requestDomains": [
    "widgets.sprinklecontent.com"
   ]
  },
  "id": 71
 },
 {
  "action": {
   "type": "block"
  },
  "condition": {
   "initiatorDomains": [
    "eavisa.com"
   ],
   "isUrlFilterCaseSensitive": false,
   "urlFilter": "/bilder/erotikk1.jpg"
  },
  "id": 72
 },
 {
  "action": {
   "type": "block"
  },
  "condition": {
   "initiatorDomains": [
    "tvkampen.com",
    "tvsporten.dk"
   ],
   "isUrlFilterCaseSensitive": false,
   "urlFilter": "/js/smartbanner/"
  },
  "id": 73
 },
 {
  "action": {
   "type": "block"
  },
  "condition": {
   "initiatorDomains": [
    "tvkampen.com",
    "tvsporten.dk"
   ],
   "isUrlFilterCaseSensitive": false,
   "urlFilter": "/liveodds-button_nordicbet"
  },
  "id": 74
 },
 {
  "action": {
   "type": "block"
  },
  "condition": {
   "initiatorDomains": [
    "tvkampen.com",
    "tvsporten.dk"
   ],
   "isUrlFilterCaseSensitive": false,
   "urlFilter": "/nordicbet_logo"
  },
  "id": 75
 },
 {
  "action": {
   "type": "block"
  },
  "condition": {
   "initiatorDomains": [
    "nettavisen.no"
   ],
   "isUrlFilterCaseSensitive": false,
   "urlFilter": "/resources/dfp/"
  },
  "id": 76
 },
 {
  "action": {
   "type": "block"
  },
  "condition": {
   "initiatorDomains": [
    "tv2.dk"
   ],
   "isUrlFilterCaseSensitive": false,
   "urlFilter": "/tv2ads.js"
  },
  "id": 77
 },
 {
  "action": {
   "type": "block"
  },
  "condition": {
   "isUrlFilterCaseSensitive": false,
   "urlFilter": "||i0.wp.com/bobilportalen.no/*/180x500.png^"
  },
  "id": 78
 },
 {
  "action": {
   "type": "block"
  },
  "condition": {
   "initiatorDomains": [
    "bilasolur.is",
    "fotbolti.is",
    "musikknyheter.no"
   ],
   "isUrlFilterCaseSensitive": false,
   "urlFilter": "/banners^"
  },
  "id": 79
 },
 {
  "action": {
   "type": "block"
  },
  "condition": {
   "isUrlFilterCaseSensitive": false,
   "urlFilter": "||ballade.no/wp-content/uploads/*uke*_sky"
  },
  "id": 80
 },
 {
  "action": {
   "type": "block"
  },
  "condition": {
   "isUrlFilterCaseSensitive": false,
   "urlFilter": "||gamer.no/?module=tumedia\\dfproxy\\modules^"
  },
  "id": 81
 },
 {
  "action": {
   "type": "block"
  },
  "condition": {
   "isUrlFilterCaseSensitive": false,
   "urlFilter": "||appetitt.no/uploads/library/320x640-*.png^"
  },
  "id": 82
 },
 {
  "action": {
   "type": "block"
  },
  "condition": {
   "isUrlFilterCaseSensitive": false,
   "urlFilter": "||appetitt.no/uploads/library/topp-banner-*.jpg^"
  },
  "id": 83
 },
 {
  "action": {
   "type": "block"
  },
  "condition": {
   "isUrlFilterCaseSensitive": false,
   "urlFilter": "||appetitt.no/uploads/library/*_widescreen_1920x1080_*.jpg^"
  },
  "id": 84
 },
 {
  "action": {
   "type": "block"
  },
  "condition": {
   "isUrlFilterCaseSensitive": false,
   "urlFilter": "||appetitt.no/uploads/library/*_1150x350*.jpg^"
  },
  "id": 85
 },
 {
  "action": {
   "type": "block"
  },
  "condition": {
   "isUrlFilterCaseSensitive": false,
   "urlFilter": "||appetitt.no/uploads/library/annis.jpg^"
  },
  "id": 86
 },
 {
  "action": {
   "type": "block"
  },
  "condition": {
   "initiatorDomains": [
    "canariajournalen.no"
   ],
   "isUrlFilterCaseSensitive": false,
   "urlFilter": "||semegleren.com/video^"
  },
  "id": 87
 },
 {
  "action": {
   "type": "block"
  },
  "condition": {
   "isUrlFilterCaseSensitive": false,
   "urlFilter": "||stream.fo/wp-content/uploads/*-300x111.jpg^"
  },
  "id": 88
 },
 {
  "action": {
   "type": "block"
  },
  "condition": {
   "isUrlFilterCaseSensitive": false,
   "urlFilter": "||frilansinfo.no/wp-content/themes/frilansinfo-no/img/*-annonse.jpg^"
  },
  "id": 89
 },
 {
  "action": {
   "type": "block"
  },
  "condition": {
   "isUrlFilterCaseSensitive": false,
   "urlFilter": "||thainytt.no/files/*-160.jpg^"
  },
  "id": 90
 },
 {
  "action": {
   "type": "block"
  },
  "condition": {
   "isUrlFilterCaseSensitive": false,
   "urlFilter": "||malviknytt.no/*/ani*-*.gif^"
  },
  "id": 91
 },
 {
  "action": {
   "type": "block"
  },
  "condition": {
   "isUrlFilterCaseSensitive": false,
   "urlFilter": "||malviknytt.no/wp-content/uploads/*-998x1024.jpeg^"
  },
  "id": 92
 },
 {
  "action": {
   "type": "block"
  },
  "condition": {
   "initiatorDomains": [
    "ilaks.no"
   ],
   "isUrlFilterCaseSensitive": false,
   "urlFilter": "_300x250px-*.gif^"
  },
  "id": 93
 },
 {
  "action": {
   "type": "block"
  },
  "condition": {
   "isUrlFilterCaseSensitive": false,
   "urlFilter": "||fcbarcelona.dk/images/bcn_*.gif^"
  },
  "id": 94
 },
 {
  "action": {
   "type": "block"
  },
  "condition": {
   "isUrlFilterCaseSensitive": false,
   "urlFilter": "||annoncelight.dk/graphics/banner^"
  },
  "id": 95
 },
 {
  "action": {
   "type": "block"
  },
  "condition": {
   "initiatorDomains": [
    "eroguide.dk",
    "noresk.com"
   ],
   "isUrlFilterCaseSensitive": false,
   "urlFilter": "/930x180_*.gif^"
  },
  "id": 96
 },
 {
  "action": {
   "type": "block"
  },
  "condition": {
   "isUrlFilterCaseSensitive": false,
   "urlFilter": "||veitingageirinn.is/haus20g.jpg^"
  },
  "id": 97
 },
 {
  "action": {
   "type": "block"
  },
  "condition": {
   "isUrlFilterCaseSensitive": false,
   "urlFilter": "||utvarpsaga.is/file/*-bordi.jpg^"
  },
  "id": 98
 },
 {
  "action": {
   "type": "block"
  },
  "condition": {
   "isUrlFilterCaseSensitive": false,
   "urlFilter": "||utvarpsaga.is/file/*_banner.png^"
  },
  "id": 99
 },
 {
  "action": {
   "type": "block"
  },
  "condition": {
   "initiatorDomains": [
    "alvdalmiv.no",
    "tynsetingen.no"
   ],
   "isUrlFilterCaseSensitive": false,
   "urlFilter": "/wp-content/uploads/*bruktbilann*.jpg^"
  },
  "id": 100
 },
 {
  "action": {
   "type": "block"
  },
  "condition": {
   "isUrlFilterCaseSensitive": false,
   "urlFilter": "||reavisa.blob.core.windows.net/*_nett.jpg^"
  },
  "id": 101
 },
 {
  "action": {
   "type": "block"
  },
  "condition": {
   "isUrlFilterCaseSensitive": false,
   "urlFilter": "||reavisa.blob.core.windows.net/*-nett.jpg^"
  },
  "id": 102
 },
 {
  "action": {
   "type": "block"
  },
  "condition": {
   "isUrlFilterCaseSensitive": false,
   "urlFilter": "||reavisa.blob.core.windows.net/*-net.jpg^"
  },
  "id": 103
 },
 {
  "action": {
   "type": "block"
  },
  "condition": {
   "isUrlFilterCaseSensitive": false,
   "urlFilter": "||ytresogn.no/wp-content/*-topbanner-"
  },
  "id": 104
 },
 {
  "action": {
   "type": "block"
  },
  "condition": {
   "isUrlFilterCaseSensitive": false,
   "urlFilter": "||ytresogn.no/wp-content/uploads/*-nett.jpg^"
  },
  "id": 105
 },
 {
  "action": {
   "type": "block"
  },
  "condition": {
   "isUrlFilterCaseSensitive": false,
   "urlFilter": "||ytresogn.no/wp-content/uploads/*-1.jpg^"
  },
  "id": 106
 },
 {
  "action": {
   "type": "block"
  },
  "condition": {
   "isUrlFilterCaseSensitive": false,
   "urlFilter": "||ytresogn.no/wp-content/*-copy.jpg^"
  },
  "id": 107
 },
 {
  "action": {
   "type": "block"
  },
  "condition": {
   "isUrlFilterCaseSensitive": false,
   "urlFilter": "||ytresogn.no/wp-content/uploads/2016/05/fureli-nett-mobil.jpg^"
  },
  "id": 108
 },
 {
  "action": {
   "type": "block"
  },
  "condition": {
   "isUrlFilterCaseSensitive": false,
   "urlFilter": "||ytresogn.no/wp-content/uploads/2016/04/128829765_1713260288837784_946999945581640675_n.jpg^"
  },
  "id": 109
 },
 {
  "action": {
   "type": "block"
  },
  "condition": {
   "isUrlFilterCaseSensitive": false,
   "urlFilter": "||ytresogn.no/wp-content/uploads/2020/02/ytre_718_360_2.jpg^"
  },
  "id": 110
 },
 {
  "action": {
   "type": "block"
  },
  "condition": {
   "isUrlFilterCaseSensitive": false,
   "urlFilter": "||ytresogn.no/wp-content/uploads/2016/04/default_file-1607345037.png^"
  },
  "id": 111
 },
 {
  "action": {
   "type": "block"
  },
  "condition": {
   "isUrlFilterCaseSensitive": false,
   "urlFilter": "||ytresogn.no/wp-content/uploads/2016/04/fj.-varmepumpe.png^"
  },
  "id": 112
 },
 {
  "action": {
   "type": "block"
  },
  "condition": {
   "isUrlFilterCaseSensitive": false,
   "urlFilter": "||ytresogn.no/wp-content/uploads/2017/04/image007.jpg^"
  },
  "id": 113
 },
 {
  "action": {
   "type": "block"
  },
  "condition": {
   "isUrlFilterCaseSensitive": false,
   "urlFilter": "||webforumet.no/images/*-250x250.jpg^"
  },
  "id": 114
 },
 {
  "action": {
   "type": "block"
  },
  "condition": {
   "isUrlFilterCaseSensitive": false,
   "urlFilter": "||webforumet.no/blogg/wp-content/uploads/ad-*.jpg^"
  },
  "id": 115
 },
 {
  "action": {
   "type": "block"
  },
  "condition": {
   "isUrlFilterCaseSensitive": false,
   "urlFilter": "||vf.is/media/1/geysir-dekkjaskipti.jpg^"
  },
  "id": 116
 },
 {
  "action": {
   "type": "block"
  },
  "condition": {
   "isUrlFilterCaseSensitive": false,
   "urlFilter": "||vf.is/media/1/*2000x616.jpg^"
  },
  "id": 117
 },
 {
  "action": {
   "type": "block"
  },
  "condition": {
   "isUrlFilterCaseSensitive": false,
   "urlFilter": "||isolor.no/wp-content/uploads/*_480x150px.jpg^"
  },
  "id": 118
 },
 {
  "action": {
   "type": "block"
  },
  "condition": {
   "isUrlFilterCaseSensitive": false,
   "urlFilter": "||radiohallingdal.no/abanners^"
  },
  "id": 119
 },
 {
  "action": {
   "type": "block"
  },
  "condition": {
   "isUrlFilterCaseSensitive": false,
   "urlFilter": "||ksu247.no/wp-content/uploads/*/bunnpris2.jpg^"
  },
  "id": 120
 },
 {
  "action": {
   "type": "block"
  },
  "condition": {
   "isUrlFilterCaseSensitive": false,
   "urlFilter": "||ksu247.no/wp-content/uploads/*/banner-*.jpg^"
  },
  "id": 121
 },
 {
  "action": {
   "type": "block"
  },
  "condition": {
   "isUrlFilterCaseSensitive": false,
   "urlFilter": "||ksu247.no/wp-content/uploads/*/bp-logo-*.png^"
  },
  "id": 122
 },
 {
  "action": {
   "type": "block"
  },
  "condition": {
   "isUrlFilterCaseSensitive": false,
   "urlFilter": "||ksu247.no/wp-content/uploads/*-300x64.jpg^"
  },
  "id": 123
 },
 {
  "action": {
   "type": "block"
  },
  "condition": {
   "isUrlFilterCaseSensitive": false,
   "urlFilter": "||radiorana.no/wp-content/uploads/*-300x300.jpg^"
  },
  "id": 124
 },
 {
  "action": {
   "type": "block"
  },
  "condition": {
   "isUrlFilterCaseSensitive": false,
   "urlFilter": "||radiorana.no/wp-content/uploads/*/meyership.jpg^"
  },
  "id": 125
 },
 {
  "action": {
   "type": "block"
  },
  "condition": {
   "isUrlFilterCaseSensitive": false,
   "urlFilter": "||radiorana.no/wp-content/uploads/*/telemix2.jpg^"
  },
  "id": 126
 },
 {
  "action": {
   "type": "block"
  },
  "condition": {
   "isUrlFilterCaseSensitive": false,
   "urlFilter": "||spaniaidag.no/wp-content/uploads/*/ceru-design-web-*.jpg^"
  },
  "id": 127
 },
 {
  "action": {
   "type": "block"
  },
  "condition": {
   "isUrlFilterCaseSensitive": false,
   "urlFilter": "||spaniaidag.no/wp-content/uploads/*/kolstad-gif-si.gif^"
  },
  "id": 128
 },
 {
  "action": {
   "type": "block"
  },
  "condition": {
   "isUrlFilterCaseSensitive": false,
   "urlFilter": "||spaniaidag.no/wp-content/uploads/*/alltihus.jpg^"
  },
  "id": 129
 },
 {
  "action": {
   "type": "block"
  },
  "condition": {
   "isUrlFilterCaseSensitive": false,
   "urlFilter": "||spanienidag.es/sites/default/files/patrocinadores^"
  },
  "id": 130
 },
 {
  "action": {
   "type": "block"
  },
  "condition": {
   "isUrlFilterCaseSensitive": false,
   "urlFilter": "||img.sofabold.dk/images/banner^"
  },
  "id": 131
 },
 {
  "action": {
   "type": "block"
  },
  "condition": {
   "isUrlFilterCaseSensitive": false,
   "urlFilter": "||check-in.dk/wp-content/uploads/*_930x180.gif^"
  },
  "id": 132
 },
 {
  "action": {
   "type": "block"
  },
  "condition": {
   "isUrlFilterCaseSensitive": false,
   "urlFilter": "||xklub.dk/bannercache^"
  },
  "id": 133
 },
 {
  "action": {
   "type": "block"
  },
  "condition": {
   "isUrlFilterCaseSensitive": false,
   "urlFilter": "||xklub.dk/xsite/img/banner^"
  },
  "id": 134
 },
 {
  "action": {
   "type": "block"
  },
  "condition": {
   "initiatorDomains": [
    "ranaposten.no",
    "viralefilmer.no",
    "xn--bodposten-n8a.no"
   ],
   "isUrlFilterCaseSensitive": false,
   "urlFilter": "/wp-content/uploads/*casino"
  },
  "id": 135
 },
 {
  "action": {
   "type": "block"
  },
  "condition": {
   "isUrlFilterCaseSensitive": false,
   "urlFilter": "||viralefilmer.no/wp-content/uploads/*slot-"
  },
  "id": 136
 },
 {
  "action": {
   "type": "block"
  },
  "condition": {
   "isUrlFilterCaseSensitive": false,
   "urlFilter": "||ni.dk/ni-img/*banner"
  },
  "id": 137
 },
 {
  "action": {
   "type": "block"
  },
  "condition": {
   "isUrlFilterCaseSensitive": false,
   "urlFilter": "||ridr.dk/images/partners^"
  },
  "id": 138
 },
 {
  "action": {
   "type": "block"
  },
  "condition": {
   "isUrlFilterCaseSensitive": false,
   "urlFilter": "||cms.sona.fo/ads^"
  },
  "id": 139
 },
 {
  "action": {
   "type": "block"
  },
  "condition": {
   "isUrlFilterCaseSensitive": false,
   "urlFilter": "||r7.fo/lysing^"
  },
  "id": 140
 },
 {
  "action": {
   "type": "block"
  },
  "condition": {
   "isUrlFilterCaseSensitive": false,
   "urlFilter": "||nocc.no/system_promoteringssaker^"
  },
  "id": 141
 },
 {
  "action": {
   "type": "block"
  },
  "condition": {
   "isUrlFilterCaseSensitive": false,
   "urlFilter": "||s3-eu-west-1.amazonaws.com/froya/*.jpeg.jpg|"
  },
  "id": 142
 },
 {
  "action": {
   "type": "block"
  },
  "condition": {
   "isUrlFilterCaseSensitive": false,
   "urlFilter": "||s3-eu-west-1.amazonaws.com/froya/*-annonse-*.gif|"
  },
  "id": 143
 },
 {
  "action": {
   "type": "block"
  },
  "condition": {
   "isUrlFilterCaseSensitive": false,
   "urlFilter": "||s3-eu-west-1.amazonaws.com/froya/*.-jpg.jpg|"
  },
  "id": 144
 },
 {
  "action": {
   "type": "block"
  },
  "condition": {
   "isUrlFilterCaseSensitive": false,
   "urlFilter": "||s3-eu-west-1.amazonaws.com/froya/bilder/nordbohus.gif|"
  },
  "id": 145
 },
 {
  "action": {
   "type": "block"
  },
  "condition": {
   "isUrlFilterCaseSensitive": false,
   "urlFilter": "||skagensavis.dk/wp-content/uploads/i123_ads/skagennet"
  },
  "id": 146
 },
 {
  "action": {
   "type": "block"
  },
  "condition": {
   "isUrlFilterCaseSensitive": false,
   "urlFilter": "||skagensavis.dk/annonceblok_baggrund.jpg^"
  },
  "id": 147
 },
 {
  "action": {
   "type": "block"
  },
  "condition": {
   "isUrlFilterCaseSensitive": false,
   "urlFilter": "||mc-avisa.no/wp-content/uploads/*/banner-*.jpg|"
  },
  "id": 148
 },
 {
  "action": {
   "type": "block"
  },
  "condition": {
   "isUrlFilterCaseSensitive": false,
   "urlFilter": "||tv-kalundborg.dk/system_files/banner^"
  },
  "id": 149
 },
 {
  "action": {
   "type": "block"
  },
  "condition": {
   "isUrlFilterCaseSensitive": false,
   "urlFilter": "||bilbasen.dk/vip/getvipfinancebanner^"
  },
  "id": 150
 },
 {
  "action": {
   "type": "block"
  },
  "condition": {
   "isUrlFilterCaseSensitive": false,
   "urlFilter": "||smakmagasinet.no/contentassets/*/970x250-"
  },
  "id": 151
 },
 {
  "action": {
   "type": "block"
  },
  "condition": {
   "isUrlFilterCaseSensitive": false,
   "urlFilter": "||smakmagasinet.no/contentassets/*/170x500-"
  },
  "id": 152
 },
 {
  "action": {
   "type": "block"
  },
  "condition": {
   "isUrlFilterCaseSensitive": false,
   "urlFilter": "||verktoy24.no/wp-content/uploads/*/banner-*px.jpg^"
  },
  "id": 153
 },
 {
  "action": {
   "type": "block"
  },
  "condition": {
   "isUrlFilterCaseSensitive": false,
   "urlFilter": "||verktoy24.no/wp-content/uploads/*_300px-scaled.jpg^"
  },
  "id": 154
 },
 {
  "action": {
   "type": "block"
  },
  "condition": {
   "isUrlFilterCaseSensitive": false,
   "urlFilter": "||rett24.no^*bannerizor.js"
  },
  "id": 155
 },
 {
  "action": {
   "type": "block"
  },
  "condition": {
   "initiatorDomains": [
    "aftenbladet.no",
    "aftenposten.no"
   ],
   "isUrlFilterCaseSensitive": false,
   "urlFilter": "||static.finncdn.no/*/finnexternaldistribution.js^"
  },
  "id": 156
 },
 {
  "action": {
   "type": "block"
  },
  "condition": {
   "isUrlFilterCaseSensitive": false,
   "urlFilter": "||samimag.no/wp-content/uploads/2019/11/screenshot-2020-03-21-at-12.40.32.png^"
  },
  "id": 157
 },
 {
  "action": {
   "type": "block"
  },
  "condition": {
   "isUrlFilterCaseSensitive": false,
   "urlFilter": "||f.nordiskemedier.dk/*.gif^"
  },
  "id": 158
 },
 {
  "action": {
   "type": "block"
  },
  "condition": {
   "isUrlFilterCaseSensitive": false,
   "urlFilter": "||f.nordiskemedier.dk/banner^"
  },
  "id": 159
 },
 {
  "action": {
   "type": "block"
  },
  "condition": {
   "isUrlFilterCaseSensitive": false,
   "urlFilter": "||static.polarismedia.no/*/cxense.js"
  },
  "id": 160
 },
 {
  "action": {
   "type": "block"
  },
  "condition": {
   "excludedInitiatorDomains": [
    "in-addr.arpa"
   ],
   "requestDomains": [
    "132.148.220.142",
    "134.209.82.119",
    "136.243.73.30",
    "138.201.126.227",
    "154.213.16.136",
    "156.236.126.173",
    "158.247.212.220",
    "165.227.168.212",
    "167.71.49.177",
    "167.99.196.225",
    "178.79.136.45",
    "193.148.70.153",
    "196.196.230.76",
    "3.248.18.175",
    "35.227.231.163",
    "45.58.146.154",
    "5.39.217.206",
    "5.39.221.180",
    "51.195.133.131",
    "66.206.3.34",
    "82.118.242.69",
    "82.196.13.38",
    "82.221.81.9"
   ]
  },
  "id": 161
 },
 {
  "action": {
   "type": "block"
  },
  "condition": {
   "isUrlFilterCaseSensitive": false,
   "urlFilter": "||gulindex.no/-/js/spring.js^"
  },
  "id": 162
 },
 {
  "action": {
   "type": "block"
  },
  "condition": {
   "isUrlFilterCaseSensitive": false,
   "urlFilter": "||static.vg.no/css/admark_top.gif"
  },
  "id": 163
 },
 {
  "action": {
   "type": "block"
  },
  "condition": {
   "isUrlFilterCaseSensitive": false,
   "urlFilter": "||yrkesbil.no/gifs/1pix.gif^"
  },
  "id": 164
 },
 {
  "action": {
   "type": "block"
  },
  "condition": {
   "isUrlFilterCaseSensitive": false,
   "urlFilter": "||ytresogn.no/ete/index.html^"
  },
  "id": 165
 },
 {
  "action": {
   "type": "block"
  },
  "condition": {
   "isUrlFilterCaseSensitive": false,
   "urlFilter": "||erotikmix.dk/mixads300.html^"
  },
  "id": 166
 },
 {
  "action": {
   "type": "block"
  },
  "condition": {
   "initiatorDomains": [
    "bilnorge.no",
    "yrkesbil.no"
   ],
   "isUrlFilterCaseSensitive": false,
   "urlFilter": "/gifs/*emty.gif^"
  },
  "id": 167
 },
 {
  "action": {
   "type": "block"
  },
  "condition": {
   "isUrlFilterCaseSensitive": false,
   "urlFilter": "_980banner_"
  },
  "id": 168
 },
 {
  "action": {
   "type": "block"
  },
  "condition": {
   "isUrlFilterCaseSensitive": false,
   "urlFilter": "||s.api.no/mittari/c/article/*/sectionid/*.gif^"
  },
  "id": 169
 },
 {
  "action": {
   "type": "block"
  },
  "condition": {
   "isUrlFilterCaseSensitive": false,
   "urlFilter": "||ktg-content.cdn.prismic.io/api/*/documents/*(my.newsletter_popup.uid"
  },
  "id": 170
 },
 {
  "action": {
   "type": "block"
  },
  "condition": {
   "initiatorDomains": [
    "bornholm.nu",
    "dk"
   ],
   "isUrlFilterCaseSensitive": false,
   "urlFilter": "||googletagmanager.com/gtm.js^"
  },
  "id": 171
 },
 {
  "action": {
   "type": "block"
  },
  "condition": {
   "isUrlFilterCaseSensitive": false,
   "urlFilter": "/advisibility_*.js^"
  },
  "id": 172
 },
 {
  "action": {
   "type": "block"
  },
  "condition": {
   "initiatorDomains": [
    "vglive.no"
   ],
   "isUrlFilterCaseSensitive": false,
   "urlFilter": "||cloudfront.net/v*/liveoddsen.aspx^"
  },
  "id": 173
 },
 {
  "action": {
   "type": "block"
  },
  "condition": {
   "isUrlFilterCaseSensitive": false,
   "urlFilter": "||gamereactor.*/ads^"
  },
  "id": 174
 },
 {
  "action": {
   "type": "block"
  },
  "condition": {
   "isUrlFilterCaseSensitive": false,
   "urlFilter": "||gamereactor.*/exclusive.json^"
  },
  "id": 175
 },
 {
  "action": {
   "type": "block"
  },
  "condition": {
   "isUrlFilterCaseSensitive": false,
   "urlFilter": "||deiligejenter.com/testfile23.js"
  },
  "id": 176
 },
 {
  "action": {
   "type": "block"
  },
  "condition": {
   "isUrlFilterCaseSensitive": false,
   "urlFilter": "||gratisxxx.no/*.php?bn="
  },
  "id": 177
 },
 {
  "action": {
   "type": "block"
  },
  "condition": {
   "isUrlFilterCaseSensitive": false,
   "urlFilter": "||nakenprat.com/adfirst*.js"
  },
  "id": 178
 },
 {
  "action": {
   "type": "block"
  },
  "condition": {
   "isUrlFilterCaseSensitive": false,
   "urlFilter": "||nakenprat.com/adlast*.php^"
  },
  "id": 179
 },
 {
  "action": {
   "type": "block"
  },
  "condition": {
   "isUrlFilterCaseSensitive": false,
   "urlFilter": "||appleid.*.no^"
  },
  "id": 180
 },
 {
  "action": {
   "type": "block"
  },
  "condition": {
   "isUrlFilterCaseSensitive": false,
   "urlFilter": "||itunesconnect-*.no^"
  },
  "id": 181
 },
 {
  "action": {
   "type": "block"
  },
  "condition": {
   "isUrlFilterCaseSensitive": false,
   "urlFilter": "||bankid-sperret."
  },
  "id": 182
 },
 {
  "action": {
   "type": "block"
  },
  "condition": {
   "isUrlFilterCaseSensitive": false,
   "urlFilter": "-norge.co.no^"
  },
  "id": 183
 },
 {
  "action": {
   "type": "block"
  },
  "condition": {
   "isUrlFilterCaseSensitive": false,
   "urlFilter": "*skodanmark.com^"
  },
  "id": 184
 },
 {
  "action": {
   "type": "block"
  },
  "condition": {
   "isUrlFilterCaseSensitive": false,
   "urlFilter": "*norgeskosalg."
  },
  "id": 185
 },
 {
  "action": {
   "type": "block"
  },
  "condition": {
   "isUrlFilterCaseSensitive": false,
   "urlFilter": "*norge-salg.com^"
  },
  "id": 186
 },
 {
  "action": {
   "type": "block"
  },
  "condition": {
   "isUrlFilterCaseSensitive": false,
   "urlFilter": "*norgesalgs.com^"
  },
  "id": 187
 },
 {
  "action": {
   "type": "block"
  },
  "condition": {
   "isUrlFilterCaseSensitive": false,
   "urlFilter": "*danmarkdk.com^"
  },
  "id": 188
 },
 {
  "action": {
   "type": "block"
  },
  "condition": {
   "isUrlFilterCaseSensitive": false,
   "urlFilter": "*skodktilbud."
  },
  "id": 189
 },
 {
  "action": {
   "type": "block"
  },
  "condition": {
   "isUrlFilterCaseSensitive": false,
   "urlFilter": "*skonorgeeu.com^"
  },
  "id": 190
 },
 {
  "action": {
   "type": "block"
  },
  "condition": {
   "isUrlFilterCaseSensitive": false,
   "urlFilter": "*sneakersnorgeshop."
  },
  "id": 191
 },
 {
  "action": {
   "type": "block"
  },
  "condition": {
   "isUrlFilterCaseSensitive": false,
   "urlFilter": "*sneakersdkshop.com^"
  },
  "id": 192
 },
 {
  "action": {
   "type": "block"
  },
  "condition": {
   "isUrlFilterCaseSensitive": false,
   "urlFilter": "*skodanmarks."
  },
  "id": 193
 },
 {
  "action": {
   "type": "block"
  },
  "condition": {
   "excludedInitiatorDomains": [
    "in-addr.arpa"
   ],
   "isUrlFilterCaseSensitive": false,
   "urlFilter": "||104.160.10."
  },
  "id": 194
 },
 {
  "action": {
   "type": "block"
  },
  "condition": {
   "excludedInitiatorDomains": [
    "in-addr.arpa"
   ],
   "isUrlFilterCaseSensitive": false,
   "urlFilter": "||165.231.154."
  },
  "id": 195
 },
 {
  "action": {
   "type": "block"
  },
  "condition": {
   "requestDomains": [
    "1.14.61.188",
    "24-news.online",
    "336.linux1.testsider.dk",
    "52.216.146.90",
    "92.42.104.146",
    "a1match.dk",
    "a2ics.eu",
    "ad.no.doubleclick.net",
    "ad.shareholders.dk",
    "adext.inkclub.com",
    "adminflex.dk",
    "aluminium.olbi.no",
    "artmusic.dk",
    "asoloskonorge.com",
    "asound.no",
    "banner.3loops.com",
    "bilborsen.webannonse.no",
    "biopaten.no",
    "brigitteheilmann.dk",
    "campbell-living.com",
    "camperskonorge.com",
    "campingnews.dk",
    "ccbuus.dk",
    "channawars.com",
    "clarks-dk.com",
    "clarksskonorge.com",
    "desidert.no",
    "dkgaborsneakers.com",
    "drbrand.herokuapp.com",
    "drmdanmark.com",
    "dundeehills.group",
    "eccodanmarkwebbutik.com",
    "eccolabgroup.com",
    "eccoskonorge.com",
    "elderlyscissors.com",
    "fjallraventilbud.com",
    "fr135.net",
    "gaborskonorge.com",
    "galerijajava.ba",
    "gogle.net",
    "hagebakken.no",
    "haglofstilbud.com",
    "havfruen4220.dk",
    "hitecskonorge.com",
    "hoka-one-one.cc",
    "hoka-sko.com",
    "hokalopesko.com",
    "hokalopesko.top",
    "hokanorgeno.com",
    "hokaonenorge.com",
    "hokaoneone",
    "hokaskooutlet.co.no",
    "hokasnorgeno.com",
    "hunter-danmark.com",
    "hunternorge.co",
    "hunternorge.co.no",
    "hunternorgeno.com",
    "hunterstovlersalg.com",
    "idj.no",
    "jakkeshopdanmark.com",
    "jakkeshopnorge.com",
    "jordannorge.top",
    "jordantilbud.com",
    "jordantilbuddanmark.com",
    "k-yw.com",
    "keensandalertilbud.com",
    "lib.idg.no",
    "marked.no",
    "martensnorge.co.no",
    "martenssalg.com",
    "marvelouskaunas.club",
    "mdb.nu",
    "myad.no",
    "norge-adidas.com",
    "norgeskotilbud.com",
    "off-whitedanmark.com",
    "off-whitenorge.com",
    "oofosnorgeoutlet.com",
    "ozarkvillage.net",
    "p-stn.net",
    "palladiumskobutikk.com",
    "palladiumskodk.com",
    "quiksilverdanmark.com",
    "quiksilvernorge.com",
    "quiksilvertilbud.com",
    "salomomnorgeoutlet.com",
    "salomon-danmark.net",
    "salomonbutikdanmark.com",
    "salomonidanmark.com",
    "salomonoutletnorge.com",
    "saucony-dk.com",
    "skechersskosalg-norge.com",
    "smarthouseforum.ru",
    "speedcrossnettbutikk.com",
    "static-dscn.net",
    "storustovu.dk",
    "svindel.info",
    "tevadanmarkshop.com",
    "tevanorgeshop.com",
    "thenorthfacenorge.co.no",
    "trafikkskoleapp.no",
    "underarmourdanmarkdk.com",
    "vansnorge.co.no",
    "vanssnorge.com",
    "wolverineskonorge.com",
    "www-presse-fotos-dk.filesusr.com",
    "wxqgx123.com",
    "y6.no"
   ]
  },
  "id": 196
 },
 {
  "action": {
   "type": "block"
  },
  "condition": {
   "isUrlFilterCaseSensitive": false,
   "resourceTypes": [
    "script",
    "stylesheet"
   ],
   "urlFilter": "||gfx.no^*/refererpromo"
  },
  "id": 197
 },
 {
  "action": {
   "type": "block"
  },
  "condition": {
   "isUrlFilterCaseSensitive": false,
   "resourceTypes": [
    "image"
   ],
   "urlFilter": "/banners/casinotop"
  },
  "id": 198
 },
 {
  "action": {
   "type": "block"
  },
  "condition": {
   "isUrlFilterCaseSensitive": false,
   "resourceTypes": [
    "image"
   ],
   "urlFilter": "*galleri.dk/content/images/fixed^"
  },
  "id": 199
 },
 {
  "action": {
   "type": "block"
  },
  "condition": {
   "isUrlFilterCaseSensitive": false,
   "resourceTypes": [
    "image"
   ],
   "urlFilter": "/annonse_"
  },
  "id": 200
 },
 {
  "action": {
   "type": "block"
  },
  "condition": {
   "isUrlFilterCaseSensitive": false,
   "resourceTypes": [
    "image"
   ],
   "urlFilter": "/annonse-"
  },
  "id": 201
 },
 {
  "action": {
   "type": "block"
  },
  "condition": {
   "isUrlFilterCaseSensitive": false,
   "resourceTypes": [
    "image"
   ],
   "urlFilter": "/wp-content/uploads/*_annonse_"
  },
  "id": 202
 },
 {
  "action": {
   "type": "block"
  },
  "condition": {
   "isUrlFilterCaseSensitive": false,
   "resourceTypes": [
    "image"
   ],
   "urlFilter": "_toppbanner_"
  },
  "id": 203
 },
 {
  "action": {
   "type": "block"
  },
  "condition": {
   "isUrlFilterCaseSensitive": false,
   "resourceTypes": [
    "image"
   ],
   "urlFilter": "/_annonser^"
  },
  "id": 204
 },
 {
  "action": {
   "type": "block"
  },
  "condition": {
   "isUrlFilterCaseSensitive": false,
   "resourceTypes": [
    "image"
   ],
   "urlFilter": "/nettbanner-"
  },
  "id": 205
 },
 {
  "action": {
   "type": "block"
  },
  "condition": {
   "isUrlFilterCaseSensitive": false,
   "resourceTypes": [
    "image"
   ],
   "urlFilter": "||lh3.googleusercontent.com/*=w468-h60-"
  },
  "id": 206
 },
 {
  "action": {
   "type": "block"
  },
  "condition": {
   "isUrlFilterCaseSensitive": false,
   "resourceTypes": [
    "image"
   ],
   "urlFilter": "||lh3.googleusercontent.com/*=w970-h250-"
  },
  "id": 207
 },
 {
  "action": {
   "type": "block"
  },
  "condition": {
   "isUrlFilterCaseSensitive": false,
   "resourceTypes": [
    "image"
   ],
   "urlFilter": "/getbanner.php^"
  },
  "id": 208
 },
 {
  "action": {
   "type": "block"
  },
  "condition": {
   "isUrlFilterCaseSensitive": false,
   "resourceTypes": [
    "image"
   ],
   "urlFilter": "_nettbanner_"
  },
  "id": 209
 },
 {
  "action": {
   "type": "block"
  },
  "condition": {
   "isUrlFilterCaseSensitive": false,
   "resourceTypes": [
    "image"
   ],
   "urlFilter": "_visittkortannonse_"
  },
  "id": 210
 },
 {
  "action": {
   "type": "block"
  },
  "condition": {
   "isUrlFilterCaseSensitive": false,
   "resourceTypes": [
    "image"
   ],
   "urlFilter": "-visittkortannonse-"
  },
  "id": 211
 },
 {
  "action": {
   "type": "block"
  },
  "condition": {
   "isUrlFilterCaseSensitive": false,
   "resourceTypes": [
    "image"
   ],
   "urlFilter": ".is/static/strevda/"
  },
  "id": 212
 },
 {
  "action": {
   "type": "block"
  },
  "condition": {
   "isUrlFilterCaseSensitive": false,
   "resourceTypes": [
    "image"
   ],
   "urlFilter": "/images/bannere^"
  },
  "id": 213
 },
 {
  "action": {
   "type": "block"
  },
  "condition": {
   "isUrlFilterCaseSensitive": false,
   "resourceTypes": [
    "image"
   ],
   "urlFilter": "-skyskraper-annonse."
  },
  "id": 214
 },
 {
  "action": {
   "type": "block"
  },
  "condition": {
   "isUrlFilterCaseSensitive": false,
   "resourceTypes": [
    "image"
   ],
   "urlFilter": "|blob:https://www.veier24.no/"
  },
  "id": 215
 },
 {
  "action": {
   "type": "block"
  },
  "condition": {
   "isUrlFilterCaseSensitive": false,
   "resourceTypes": [
    "image"
   ],
   "urlFilter": "||1819.is/infosmall/"
  },
  "id": 216
 },
 {
  "action": {
   "type": "block"
  },
  "condition": {
   "isUrlFilterCaseSensitive": false,
   "resourceTypes": [
    "image"
   ],
   "urlFilter": "||austevollforlag.no/wp-content/*/yachtmarine2014."
  },
  "id": 217
 },
 {
  "action": {
   "type": "block"
  },
  "condition": {
   "initiatorDomains": [
    "austurfrett.is",
    "samler.no"
   ],
   "isUrlFilterCaseSensitive": false,
   "resourceTypes": [
    "image"
   ],
   "urlFilter": "/images/banners"
  },
  "id": 218
 },
 {
  "action": {
   "type": "block"
  },
  "condition": {
   "isUrlFilterCaseSensitive": false,
   "resourceTypes": [
    "image"
   ],
   "urlFilter": "||biip.no/wp-content/uploads/*320x250.jpg^"
  },
  "id": 219
 },
 {
  "action": {
   "type": "block"
  },
  "condition": {
   "isUrlFilterCaseSensitive": false,
   "resourceTypes": [
    "image"
   ],
   "urlFilter": "||bornholm.nu/nonsec/banner"
  },
  "id": 220
 },
 {
  "action": {
   "type": "block"
  },
  "condition": {
   "isUrlFilterCaseSensitive": false,
   "resourceTypes": [
    "image"
   ],
   "urlFilter": "||dust2.dk/img/banners/"
  },
  "id": 221
 },
 {
  "action": {
   "type": "block"
  },
  "condition": {
   "isUrlFilterCaseSensitive": false,
   "resourceTypes": [
    "image"
   ],
   "urlFilter": "||feltet.dk/octo_cms/files/feltet.dk//"
  },
  "id": 222
 },
 {
  "action": {
   "type": "block"
  },
  "condition": {
   "initiatorDomains": [
    "nakenprat.com"
   ],
   "requestDomains": [
    "gratisxxx.no"
   ],
   "resourceTypes": [
    "image"
   ]
  },
  "id": 223
 },
 {
  "action": {
   "type": "block"
  },
  "condition": {
   "isUrlFilterCaseSensitive": false,
   "resourceTypes": [
    "image"
   ],
   "urlFilter": "||hnytt.no/wp-content/uploads/*/fluffy.jpg^"
  },
  "id": 224
 },
 {
  "action": {
   "type": "block"
  },
  "condition": {
   "isUrlFilterCaseSensitive": false,
   "resourceTypes": [
    "image"
   ],
   "urlFilter": "||karfan.is/wp-content/uploads/*-vefbor%c3%b0i-"
  },
  "id": 225
 },
 {
  "action": {
   "type": "block"
  },
  "condition": {
   "isUrlFilterCaseSensitive": false,
   "resourceTypes": [
    "image"
   ],
   "urlFilter": "||leikjaland.is/*/bannerstopright/"
  },
  "id": 226
 },
 {
  "action": {
   "type": "block"
  },
  "condition": {
   "isUrlFilterCaseSensitive": false,
   "resourceTypes": [
    "image"
   ],
   "urlFilter": "||magasinetreiselyst.no/wp-content/*_annonse*promo"
  },
  "id": 227
 },
 {
  "action": {
   "type": "block"
  },
  "condition": {
   "isUrlFilterCaseSensitive": false,
   "resourceTypes": [
    "image"
   ],
   "urlFilter": "||melkoghonning.no/wp-content/uploads/*_banner_"
  },
  "id": 228
 },
 {
  "action": {
   "type": "block"
  },
  "condition": {
   "isUrlFilterCaseSensitive": false,
   "resourceTypes": [
    "image"
   ],
   "urlFilter": "||nvnytt.no/images/*annonse-"
  },
  "id": 229
 },
 {
  "action": {
   "type": "block"
  },
  "condition": {
   "isUrlFilterCaseSensitive": false,
   "resourceTypes": [
    "image"
   ],
   "urlFilter": "||oyggjatidindi.com/vev_banners/*l%c3%bdsing"
  },
  "id": 230
 },
 {
  "action": {
   "type": "block"
  },
  "condition": {
   "isUrlFilterCaseSensitive": false,
   "resourceTypes": [
    "image"
   ],
   "urlFilter": "||rett24.no*/_/attachment/inline/"
  },
  "id": 231
 },
 {
  "action": {
   "type": "block"
  },
  "condition": {
   "isUrlFilterCaseSensitive": false,
   "resourceTypes": [
    "image"
   ],
   "urlFilter": "||travservice.dk/wp-content^"
  },
  "id": 232
 },
 {
  "action": {
   "type": "block"
  },
  "condition": {
   "isUrlFilterCaseSensitive": false,
   "resourceTypes": [
    "image"
   ],
   "urlFilter": "||trolli.is/wp-content/*/banner"
  },
  "id": 233
 },
 {
  "action": {
   "type": "block"
  },
  "condition": {
   "isUrlFilterCaseSensitive": false,
   "resourceTypes": [
    "image"
   ],
   "urlFilter": "||trolli.is/wp-content/*/hollin_olafsfirdi"
  },
  "id": 234
 },
 {
  "action": {
   "type": "block"
  },
  "condition": {
   "isUrlFilterCaseSensitive": false,
   "resourceTypes": [
    "image"
   ],
   "urlFilter": "||trolli.is/wp-content/*/syngjum-kubbur"
  },
  "id": 235
 },
 {
  "action": {
   "type": "block"
  },
  "condition": {
   "isUrlFilterCaseSensitive": false,
   "resourceTypes": [
    "image"
   ],
   "urlFilter": "||trolli.is/wp-content/*/vefsmarinn"
  },
  "id": 236
 },
 {
  "action": {
   "type": "block"
  },
  "condition": {
   "isUrlFilterCaseSensitive": false,
   "resourceTypes": [
    "image"
   ],
   "urlFilter": "||trolli.is/wp-content/*/videoval_logo"
  },
  "id": 237
 },
 {
  "action": {
   "type": "block"
  },
  "condition": {
   "isUrlFilterCaseSensitive": false,
   "resourceTypes": [
    "image"
   ],
   "urlFilter": "||tunnelsyn1.files.wordpress.com/*/sotra-trelast-isolasjon"
  },
  "id": 238
 },
 {
  "action": {
   "type": "block"
  },
  "condition": {
   "isUrlFilterCaseSensitive": false,
   "resourceTypes": [
    "image"
   ],
   "urlFilter": "||tvkampen.com/media/*/banner*"
  },
  "id": 239
 },
 {
  "action": {
   "type": "block"
  },
  "condition": {
   "isUrlFilterCaseSensitive": false,
   "resourceTypes": [
    "image"
   ],
   "urlFilter": "||tvkampen.com/media/partners/unibet-lo"
  },
  "id": 240
 },
 {
  "action": {
   "type": "block"
  },
  "condition": {
   "isUrlFilterCaseSensitive": false,
   "resourceTypes": [
    "image"
   ],
   "urlFilter": "||utrop.no/wp-content/uploads/*/banner_utrop"
  },
  "id": 241
 },
 {
  "action": {
   "type": "block"
  },
  "condition": {
   "initiatorDomains": [
    "gamer.no",
    "tek.no"
   ],
   "isUrlFilterCaseSensitive": false,
   "resourceTypes": [
    "image"
   ],
   "urlFilter": "/bannere/"
  },
  "id": 242
 },
 {
  "action": {
   "type": "block"
  },
  "condition": {
   "initiatorDomains": [
    "tvkampen.com",
    "tvsporten.dk"
   ],
   "isUrlFilterCaseSensitive": false,
   "resourceTypes": [
    "image"
   ],
   "urlFilter": "/partners/*_ad_icon"
  },
  "id": 243
 },
 {
  "action": {
   "type": "block"
  },
  "condition": {
   "initiatorDomains": [
    "arendalstidende.no",
    "avvir.no"
   ],
   "isUrlFilterCaseSensitive": false,
   "resourceTypes": [
    "image"
   ],
   "urlFilter": "/wp-content/banners^"
  },
  "id": 244
 },
 {
  "action": {
   "type": "block"
  },
  "condition": {
   "isUrlFilterCaseSensitive": false,
   "resourceTypes": [
    "image"
   ],
   "urlFilter": "||teknologiskmatforum.no/viewimage.aspx?*width=343^"
  },
  "id": 245
 },
 {
  "action": {
   "type": "block"
  },
  "condition": {
   "isUrlFilterCaseSensitive": false,
   "resourceTypes": [
    "image"
   ],
   "urlFilter": "||healthtalkweb.s3.amazonaws.com/images/*_560x210."
  },
  "id": 246
 },
 {
  "action": {
   "type": "block"
  },
  "condition": {
   "isUrlFilterCaseSensitive": false,
   "resourceTypes": [
    "image"
   ],
   "urlFilter": "||oppdrettstorget.no/images/cms^"
  },
  "id": 247
 },
 {
  "action": {
   "type": "block"
  },
  "condition": {
   "isUrlFilterCaseSensitive": false,
   "resourceTypes": [
    "image"
   ],
   "urlFilter": "||appetitt.no/uploads/library/1150*"
  },
  "id": 248
 },
 {
  "action": {
   "type": "block"
  },
  "condition": {
   "isUrlFilterCaseSensitive": false,
   "resourceTypes": [
    "image"
   ],
   "urlFilter": "||appetitt.no/uploads/library/*_bannere_"
  },
  "id": 249
 },
 {
  "action": {
   "type": "block"
  },
  "condition": {
   "isUrlFilterCaseSensitive": false,
   "resourceTypes": [
    "image"
   ],
   "urlFilter": "||canariposten.no/wp-content/uploads/300x1500"
  },
  "id": 250
 },
 {
  "action": {
   "type": "block"
  },
  "condition": {
   "isUrlFilterCaseSensitive": false,
   "resourceTypes": [
    "image"
   ],
   "urlFilter": "||thainytt.no/files/160_"
  },
  "id": 251
 },
 {
  "action": {
   "type": "block"
  },
  "condition": {
   "isUrlFilterCaseSensitive": false,
   "resourceTypes": [
    "image"
   ],
   "urlFilter": "||nyteknikk.no/images.php/180x^"
  },
  "id": 252
 },
 {
  "action": {
   "type": "block"
  },
  "condition": {
   "isUrlFilterCaseSensitive": false,
   "resourceTypes": [
    "image"
   ],
   "urlFilter": "||nyteknikk.no/images.php/x150^"
  },
  "id": 253
 },
 {
  "action": {
   "type": "block"
  },
  "condition": {
   "initiatorDomains": [
    "fcbarcelona.dk",
    "norsk-rally.com"
   ],
   "isUrlFilterCaseSensitive": false,
   "resourceTypes": [
    "image"
   ],
   "urlFilter": "/images/banners^"
  },
  "id": 254
 },
 {
  "action": {
   "type": "block"
  },
  "condition": {
   "isUrlFilterCaseSensitive": false,
   "resourceTypes": [
    "image"
   ],
   "urlFilter": "||malviknytt.no/wp-content/uploads/*-firkant-*e1*."
  },
  "id": 255
 },
 {
  "action": {
   "type": "block"
  },
  "condition": {
   "isUrlFilterCaseSensitive": false,
   "resourceTypes": [
    "image"
   ],
   "urlFilter": "||reiseliv.no/wp-content/uploads/*-annons%c3%b8rinnhold-*-aksjer-*."
  },
  "id": 256
 },
 {
  "action": {
   "type": "block"
  },
  "condition": {
   "isUrlFilterCaseSensitive": false,
   "resourceTypes": [
    "image"
   ],
   "urlFilter": "||escort46.dk/bg_images^"
  },
  "id": 257
 },
 {
  "action": {
   "type": "block"
  },
  "condition": {
   "initiatorDomains": [
    "hnytt.no"
   ],
   "isUrlFilterCaseSensitive": false,
   "resourceTypes": [
    "image"
   ],
   "urlFilter": "-banner_"
  },
  "id": 258
 },
 {
  "action": {
   "type": "block"
  },
  "condition": {
   "isUrlFilterCaseSensitive": false,
   "resourceTypes": [
    "image"
   ],
   "urlFilter": "||detailersclub.no/uploads/*_banner."
  },
  "id": 259
 },
 {
  "action": {
   "type": "block"
  },
  "condition": {
   "isUrlFilterCaseSensitive": false,
   "resourceTypes": [
    "image"
   ],
   "urlFilter": "||reavisa.blob.core.windows.net/*_300x100"
  },
  "id": 260
 },
 {
  "action": {
   "type": "block"
  },
  "condition": {
   "isUrlFilterCaseSensitive": false,
   "resourceTypes": [
    "image"
   ],
   "urlFilter": "||reavisa.blob.core.windows.net/*visittkort"
  },
  "id": 261
 },
 {
  "action": {
   "type": "block"
  },
  "condition": {
   "isUrlFilterCaseSensitive": false,
   "resourceTypes": [
    "image"
   ],
   "urlFilter": "||reavisa.blob.core.windows.net/*_annonse_"
  },
  "id": 262
 },
 {
  "action": {
   "type": "block"
  },
  "condition": {
   "isUrlFilterCaseSensitive": false,
   "resourceTypes": [
    "image"
   ],
   "urlFilter": "||reavisa.blob.core.windows.net/*-annonse-"
  },
  "id": 263
 },
 {
  "action": {
   "type": "block"
  },
  "condition": {
   "isUrlFilterCaseSensitive": false,
   "resourceTypes": [
    "image"
   ],
   "urlFilter": "||isolor.no/wp-content/uploads/*-toppbanner-"
  },
  "id": 264
 },
 {
  "action": {
   "type": "block"
  },
  "condition": {
   "initiatorDomains": [
    "rykindribe.dk"
   ],
   "isUrlFilterCaseSensitive": false,
   "resourceTypes": [
    "image"
   ],
   "urlFilter": "_930x180pix"
  },
  "id": 265
 },
 {
  "action": {
   "type": "block"
  },
  "condition": {
   "initiatorDomains": [
    "rykindribe.dk"
   ],
   "isUrlFilterCaseSensitive": false,
   "resourceTypes": [
    "image"
   ],
   "urlFilter": "_300x500pix"
  },
  "id": 266
 },
 {
  "action": {
   "type": "block"
  },
  "condition": {
   "isUrlFilterCaseSensitive": false,
   "resourceTypes": [
    "image"
   ],
   "urlFilter": "||vaktin.is/grkuk^"
  },
  "id": 267
 },
 {
  "action": {
   "type": "block"
  },
  "condition": {
   "isUrlFilterCaseSensitive": false,
   "resourceTypes": [
    "image"
   ],
   "urlFilter": "||indblik.net/wp-content/uploads/angwp^"
  },
  "id": 268
 },
 {
  "action": {
   "type": "block"
  },
  "condition": {
   "isUrlFilterCaseSensitive": false,
   "resourceTypes": [
    "image"
   ],
   "urlFilter": "||s3-eu-west-1.amazonaws.com/froya/*-980x500-"
  },
  "id": 269
 },
 {
  "action": {
   "type": "block"
  },
  "condition": {
   "isUrlFilterCaseSensitive": false,
   "resourceTypes": [
    "image"
   ],
   "urlFilter": "||s3-eu-west-1.amazonaws.com/froya/*-toppannonse-"
  },
  "id": 270
 },
 {
  "action": {
   "type": "block"
  },
  "condition": {
   "isUrlFilterCaseSensitive": false,
   "resourceTypes": [
    "image"
   ],
   "urlFilter": "||s3-eu-west-1.amazonaws.com/froya/*nettannonse-"
  },
  "id": 271
 },
 {
  "action": {
   "type": "block"
  },
  "condition": {
   "isUrlFilterCaseSensitive": false,
   "resourceTypes": [
    "image"
   ],
   "urlFilter": "||seksualitet24.no/wp-content/uploads/*/sinful_"
  },
  "id": 272
 },
 {
  "action": {
   "type": "block"
  },
  "condition": {
   "isUrlFilterCaseSensitive": false,
   "resourceTypes": [
    "image"
   ],
   "urlFilter": "||levmeddiabetes.no/content/uploads/*/accu-"
  },
  "id": 273
 },
 {
  "action": {
   "type": "block"
  },
  "condition": {
   "isUrlFilterCaseSensitive": false,
   "resourceTypes": [
    "image"
   ],
   "urlFilter": "||tv2.no/prod/sponsor^"
  },
  "id": 274
 },
 {
  "action": {
   "type": "block"
  },
  "condition": {
   "isUrlFilterCaseSensitive": false,
   "resourceTypes": [
    "image"
   ],
   "urlFilter": "/lykill_banner"
  },
  "id": 275
 },
 {
  "action": {
   "type": "block"
  },
  "condition": {
   "isUrlFilterCaseSensitive": false,
   "resourceTypes": [
    "image"
   ],
   "urlFilter": "||images.sprinklecontent.com/*.amazonaws.com%2fimages%"
  },
  "id": 276
 },
 {
  "action": {
   "type": "block"
  },
  "condition": {
   "isUrlFilterCaseSensitive": false,
   "resourceTypes": [
    "image"
   ],
   "urlFilter": "||fcbarcelona.dk/*/images/footerbg.jpg^"
  },
  "id": 277
 },
 {
  "action": {
   "type": "block"
  },
  "condition": {
   "isUrlFilterCaseSensitive": false,
   "resourceTypes": [
    "image"
   ],
   "urlFilter": "||danishfamilysearch.dk/images/xp2^"
  },
  "id": 278
 },
 {
  "action": {
   "type": "block"
  },
  "condition": {
   "initiatorDomains": [
    "news.fo"
   ],
   "isUrlFilterCaseSensitive": false,
   "resourceTypes": [
    "image"
   ],
   "urlFilter": "-l%c3%bdsing-"
  },
  "id": 279
 },
 {
  "action": {
   "type": "block"
  },
  "condition": {
   "isUrlFilterCaseSensitive": false,
   "resourceTypes": [
    "image"
   ],
   "urlFilter": ".fo/css/img/banner2x1.png"
  },
  "id": 280
 },
 {
  "action": {
   "type": "block"
  },
  "condition": {
   "isUrlFilterCaseSensitive": false,
   "resourceTypes": [
    "image"
   ],
   "urlFilter": "||images.media.xxlsports.com/images/h90/h9d/9339713159198/bg.jpg"
  },
  "id": 281
 },
 {
  "action": {
   "type": "block"
  },
  "condition": {
   "isUrlFilterCaseSensitive": false,
   "resourceTypes": [
    "image"
   ],
   "urlFilter": "||platekompaniet.no/assets/img/background.png"
  },
  "id": 282
 },
 {
  "action": {
   "type": "block"
  },
  "condition": {
   "isUrlFilterCaseSensitive": false,
   "resourceTypes": [
    "image"
   ],
   "urlFilter": "||pepcall.no/wp-content/uploads/2015/04/bakgrunn-forside.jpg"
  },
  "id": 283
 },
 {
  "action": {
   "type": "block"
  },
  "condition": {
   "isUrlFilterCaseSensitive": false,
   "resourceTypes": [
    "image"
   ],
   "urlFilter": "||tv2.no/s/lab/2.5/p/img/tv2-background.svg"
  },
  "id": 284
 },
 {
  "action": {
   "type": "block"
  },
  "condition": {
   "isUrlFilterCaseSensitive": false,
   "resourceTypes": [
    "image"
   ],
   "urlFilter": "||dagligvarehandelen.no/sites/all/themes/custom/ledelseas/gfx/veil.png"
  },
  "id": 285
 },
 {
  "action": {
   "type": "block"
  },
  "condition": {
   "isUrlFilterCaseSensitive": false,
   "resourceTypes": [
    "image"
   ],
   "urlFilter": "||vg.no/vgc/pool/tipster.png^"
  },
  "id": 286
 },
 {
  "action": {
   "type": "block"
  },
  "condition": {
   "isUrlFilterCaseSensitive": false,
   "resourceTypes": [
    "image"
   ],
   "urlFilter": "/pustehullet/betting-header.png^"
  },
  "id": 287
 },
 {
  "action": {
   "type": "block"
  },
  "condition": {
   "isUrlFilterCaseSensitive": false,
   "resourceTypes": [
    "image"
   ],
   "urlFilter": "||inputmag.dk/wp-content/uploads/*/*_galaxy-_takeover_"
  },
  "id": 288
 },
 {
  "action": {
   "type": "block"
  },
  "condition": {
   "isUrlFilterCaseSensitive": false,
   "resourceTypes": [
    "image"
   ],
   "urlFilter": "||akamai.vgc.no/drfront3^"
  },
  "id": 289
 },
 {
  "action": {
   "type": "block"
  },
  "condition": {
   "requestDomains": [
    "85.17.76.181",
    "boligkanalen-maestro-new.azurewebsites.net",
    "ndstage.wpengine.com",
    "print2web.sn.dk",
    "via.placeholder.com"
   ],
   "resourceTypes": [
    "image"
   ]
  },
  "id": 290
 },
 {
  "action": {
   "type": "block"
  },
  "condition": {
   "isUrlFilterCaseSensitive": false,
   "resourceTypes": [
    "script"
   ],
   "urlFilter": ".no/vendor/apx^"
  },
  "id": 291
 },
 {
  "action": {
   "type": "block"
  },
  "condition": {
   "isUrlFilterCaseSensitive": false,
   "resourceTypes": [
    "script"
   ],
   "urlFilter": "||viasport-assets.mtg-api.com/*/prod/comscore-*.js"
  },
  "id": 292
 },
 {
  "action": {
   "type": "block"
  },
  "condition": {
   "initiatorDomains": [
    "nettavisen.no"
   ],
   "isUrlFilterCaseSensitive": false,
   "resourceTypes": [
    "script"
   ],
   "urlFilter": "/bazaar/"
  },
  "id": 293
 },
 {
  "action": {
   "type": "block"
  },
  "condition": {
   "initiatorDomains": [
    "nettavisen.no"
   ],
   "isUrlFilterCaseSensitive": false,
   "resourceTypes": [
    "script"
   ],
   "urlFilter": "-bazaar-"
  },
  "id": 294
 },
 {
  "action": {
   "type": "block"
  },
  "condition": {
   "isUrlFilterCaseSensitive": false,
   "resourceTypes": [
    "script"
   ],
   "urlFilter": "||aftenposten.no/seksjon/dist/ads-"
  },
  "id": 295
 },
 {
  "action": {
   "type": "block"
  },
  "condition": {
   "isUrlFilterCaseSensitive": false,
   "resourceTypes": [
    "script"
   ],
   "urlFilter": "||aa-cdn.mytaste.org/js/ad.js"
  },
  "id": 296
 },
 {
  "action": {
   "type": "block"
  },
  "condition": {
   "isUrlFilterCaseSensitive": false,
   "resourceTypes": [
    "other",
    "script"
   ],
   "urlFilter": "||boost.manatee.dk/srx/srx_lib_block_"
  },
  "id": 297
 },
 {
  "action": {
   "type": "block"
  },
  "condition": {
   "initiatorDomains": [
    "www.frende.no"
   ],
   "isUrlFilterCaseSensitive": false,
   "resourceTypes": [
    "xmlhttprequest"
   ],
   "urlFilter": "||api.frende.no/webshop/log"
  },
  "id": 298
 },
 {
  "action": {
   "type": "block"
  },
  "condition": {
   "initiatorDomains": [
    "sol.no"
   ],
   "isUrlFilterCaseSensitive": false,
   "resourceTypes": [
    "xmlhttprequest"
   ],
   "urlFilter": "contentmarketing"
  },
  "id": 299
 },
 {
  "action": {
   "type": "block"
  },
  "condition": {
   "isUrlFilterCaseSensitive": false,
   "resourceTypes": [
    "sub_frame"
   ],
   "urlFilter": "||auglysingar.*.is^"
  },
  "id": 300
 },
 {
  "action": {
   "type": "block"
  },
  "condition": {
   "isUrlFilterCaseSensitive": false,
   "resourceTypes": [
    "sub_frame"
   ],
   "urlFilter": "||banner.landbrugsavisen.dk/reklame.aspx"
  },
  "id": 301
 },
 {
  "action": {
   "type": "block"
  },
  "condition": {
   "initiatorDomains": [
    "bt.no"
   ],
   "requestDomains": [
    "finn.no"
   ],
   "resourceTypes": [
    "sub_frame"
   ]
  },
  "id": 302
 },
 {
  "action": {
   "type": "block"
  },
  "condition": {
   "isUrlFilterCaseSensitive": false,
   "resourceTypes": [
    "sub_frame"
   ],
   "urlFilter": "||nordlysid.fo/lysing^"
  },
  "id": 303
 },
 {
  "action": {
   "type": "block"
  },
  "condition": {
   "isUrlFilterCaseSensitive": false,
   "resourceTypes": [
    "sub_frame"
   ],
   "urlFilter": "||youtube.com/embed/*&origin=https%3a%2f%2fwww.feltet.dk&widgetid=1"
  },
  "id": 304
 },
 {
  "action": {
   "type": "block"
  },
  "condition": {
   "isUrlFilterCaseSensitive": false,
   "resourceTypes": [
    "sub_frame"
   ],
   "urlFilter": "||thaiguiden.no/tg-980.html"
  },
  "id": 305
 },
 {
  "action": {
   "type": "block"
  },
  "condition": {
   "isUrlFilterCaseSensitive": false,
   "resourceTypes": [
    "sub_frame"
   ],
   "urlFilter": "||forum.flyprat.no/images/r/header^"
  },
  "id": 306
 },
 {
  "action": {
   "type": "block"
  },
  "condition": {
   "isUrlFilterCaseSensitive": false,
   "resourceTypes": [
    "sub_frame"
   ],
   "urlFilter": "||730.no/banner/*/sonymusic/"
  },
  "id": 307
 },
 {
  "action": {
   "type": "block"
  },
  "condition": {
   "isUrlFilterCaseSensitive": false,
   "resourceTypes": [
    "sub_frame"
   ],
   "urlFilter": "||gaysir.no/rek/bb_inline"
  },
  "id": 308
 },
 {
  "action": {
   "type": "block"
  },
  "condition": {
   "isUrlFilterCaseSensitive": false,
   "resourceTypes": [
    "sub_frame"
   ],
   "urlFilter": "||mmm.dk/safeframe^"
  },
  "id": 309
 },
 {
  "action": {
   "type": "block"
  },
  "condition": {
   "excludedInitiatorDomains": [
    "tipster.no"
   ],
   "requestDomains": [
    "widget.tippebannere.no"
   ],
   "resourceTypes": [
    "sub_frame"
   ]
  },
  "id": 310
 },
 {
  "action": {
   "type": "block"
  },
  "condition": {
   "isUrlFilterCaseSensitive": false,
   "resourceTypes": [
    "sub_frame"
   ],
   "urlFilter": "||tipster.no/embed"
  },
  "id": 311
 },
 {
  "action": {
   "type": "block"
  },
  "condition": {
   "requestDomains": [
    "isweb.no"
   ],
   "resourceTypes": [
    "sub_frame"
   ]
  },
  "id": 312
 },
 {
  "action": {
   "type": "block"
  },
  "condition": {
   "initiatorDomains": [
    "tv3sport.dk"
   ],
   "requestDomains": [
    "freewheel-mtgx-tv.akamaized.net"
   ],
   "resourceTypes": [
    "media"
   ]
  },
  "id": 313
 },
 {
  "action": {
   "type": "block"
  },
  "condition": {
   "requestDomains": [
    "102.112.2o7.net",
    "24-news.online",
    "a2ics.eu",
    "addmoviesnow.com",
    "adidasko.com",
    "airmaxskobillige.com",
    "aktienboard.com",
    "asoloskonorge.com",
    "assassinfitness.com",
    "bamboobotanica.com",
    "bitcoinevolutionaustraliareview.com",
    "brightertrade.com",
    "campbell-living.com",
    "camperskonorge.com",
    "channawars.com",
    "cinefique.com",
    "cionialessio.it",
    "clarks-dk.com",
    "clarksskonorge.com",
    "com-dk.com",
    "coralls.com",
    "cphspaogwellness.dk",
    "daradis.com",
    "ditsunde.dk",
    "dkfodboldstore.com",
    "dkgaborsneakers.com",
    "drakternorge.com",
    "drcarolyngroff.com",
    "drmdanmark.com",
    "dundeehills.group",
    "dunjakke-no.com",
    "eccodanmarkwebbutik.com",
    "eccolabgroup.com",
    "eccoskonorge.com",
    "economywatch.com",
    "fancywoman.dk",
    "fartuelt.dk",
    "fjallraventilbud.com",
    "fotballsko-salg.com",
    "fr135.net",
    "fredensborg-orredfiskeri.dk",
    "fredfiber.no",
    "gaborskonorge.com",
    "galerijajava.ba",
    "geometra-bologna.it",
    "godtdsamaritansk.com",
    "gogle.net",
    "gsport.com",
    "haglofstilbud.com",
    "havfruen4220.dk",
    "hcliips.com",
    "helsehjelp.over-blog.com",
    "hernoclothing.com",
    "hitecskonorge.com",
    "hoka-one-one.cc",
    "hoka-sko.com",
    "hokalopesko.com",
    "hokalopesko.top",
    "hokanorgeno.com",
    "hokaonenorge.com",
    "hokaoneone",
    "hokaskooutlet.co.no",
    "hokasnorgeno.com",
    "hunter-danmark.com",
    "hunternorge.co",
    "hunternorge.co.no",
    "hunternorgeno.com",
    "hunterstovlersalg.com",
    "informationer.nu",
    "irb.dk",
    "is-a-personaltrainer.com",
    "jakkesalgs.com",
    "jakkeshopdanmark.com",
    "jakkeshopnorge.com",
    "jakkesnorge.com",
    "jensapoteker.com",
    "jimmychoostore.top",
    "jordannorge.top",
    "jordantilbud.com",
    "jordantilbuddanmark.com",
    "k-yw.com",
    "keensandalertilbud.com",
    "kobconcerta54mgonlineidanmark.wordpress.com",
    "kohlershop.dk",
    "linkshe.com",
    "liveshopdealz.com",
    "look-like-star.myshopify.com",
    "marson.footeo.com",
    "martensnorge.co.no",
    "martenssalg.com",
    "marvelouskaunas.club",
    "mbtnorge.com",
    "melding.link",
    "moteshoes.com",
    "mrcal365.com",
    "mxdesign.dk",
    "mycraftypad.com",
    "newzeninfotech.com",
    "niupaiba.com",
    "nodrakts.com",
    "nofotballshop.com",
    "nofotballstore.com",
    "nordeninterior.weebly.com",
    "norfotball.com",
    "norge-adidas.com",
    "norgefotball.com",
    "norgeshoes.com",
    "norgeskotilbud.com",
    "norskposten.com",
    "ocgadgets.com",
    "ocgadgetss.myshopify.com",
    "off-whitedanmark.com",
    "off-whitenorge.com",
    "offerleads.club",
    "oflike.com",
    "oofosnorgeoutlet.com",
    "oslo-tannlegene.no",
    "ozarkvillage.net",
    "p-stn.net",
    "palladiumskobutikk.com",
    "palladiumskodk.com",
    "parajumperssalg.com",
    "pensjonistferie.no",
    "pjs.outlet.com",
    "popeurope.com",
    "postuksus.com",
    "privatedagplejere.dk",
    "probenefit.net",
    "quiksilverdanmark.com",
    "quiksilvernorge.com",
    "quiksilvertilbud.com",
    "replicapatekphilippe.com",
    "replicarolexyachtmaster.com",
    "rigspolitiet.com",
    "rnbinance.com",
    "salomomnorgeoutlet.com",
    "salomon-danmark.net",
    "salomonbutikdanmark.com",
    "salomonidanmark.com",
    "salomonoutletnorge.com",
    "saucony-dk.com",
    "secureriches.com",
    "sikkertapotek.com",
    "sitey.me",
    "skechersskosalg-norge.com",
    "sky.gs",
    "smallrise.com",
    "smsb.co",
    "sobrilleverandoridanmark.wordpress.com",
    "speedcrossnettbutikk.com",
    "srilanka.no",
    "ssbeveragedistribution.com",
    "static-dscn.net",
    "superbinvest.com",
    "tekuon.com",
    "tevadanmarkshop.com",
    "tevanorgeshop.com",
    "thenorthfacenorge.co.no",
    "trackvoluum.com",
    "tromselementbygg.no",
    "ultimate-tech-products.myshopify.com",
    "um-bs.com",
    "underarmourdanmarkdk.com",
    "valspe.com.br",
    "vansnorge.co.no",
    "vanssnorge.com",
    "vidcopa.me",
    "vmfodboldtoj.com",
    "webavisen.gl",
    "wolverineskonorge.com",
    "wxqgx123.com",
    "y6.no"
   ],
   "resourceTypes": [
    "main_frame"
   ]
  },
  "id": 314
 },
 {
  "action": {
   "type": "block"
  },
  "condition": {
   "isUrlFilterCaseSensitive": false,
   "resourceTypes": [
    "main_frame"
   ],
   "urlFilter": "/begrensede-tilbudet/"
  },
  "id": 315
 },
 {
  "action": {
   "type": "block"
  },
  "condition": {
   "isUrlFilterCaseSensitive": false,
   "resourceTypes": [
    "main_frame"
   ],
   "urlFilter": "/bli-avbrutt-bor-du-oppdater/"
  },
  "id": 316
 },
 {
  "action": {
   "type": "block"
  },
  "condition": {
   "isUrlFilterCaseSensitive": false,
   "resourceTypes": [
    "main_frame"
   ],
   "urlFilter": "/dnb11111^"
  },
  "id": 317
 },
 {
  "action": {
   "type": "block"
  },
  "condition": {
   "isUrlFilterCaseSensitive": false,
   "resourceTypes": [
    "main_frame"
   ],
   "urlFilter": "/kiwierbjudanden1/"
  },
  "id": 318
 },
 {
  "action": {
   "type": "block"
  },
  "condition": {
   "isUrlFilterCaseSensitive": false,
   "resourceTypes": [
    "main_frame"
   ],
   "urlFilter": "/norgesecure/"
  },
  "id": 319
 },
 {
  "action": {
   "type": "block"
  },
  "condition": {
   "isUrlFilterCaseSensitive": false,
   "resourceTypes": [
    "main_frame"
   ],
   "urlFilter": "/pakkerlevering/"
  },
  "id": 320
 },
 {
  "action": {
   "type": "block"
  },
  "condition": {
   "excludedInitiatorDomains": [
    "facebook.com"
   ],
   "isUrlFilterCaseSensitive": false,
   "resourceTypes": [
    "main_frame"
   ],
   "urlFilter": "/finn.no/finno.htm"
  },
  "id": 321
 },
 {
  "action": {
   "type": "block"
  },
  "condition": {
   "isUrlFilterCaseSensitive": false,
   "resourceTypes": [
    "main_frame"
   ],
   "urlFilter": ".gratis-reisebilletter."
  },
  "id": 322
 },
 {
  "action": {
   "type": "block"
  },
  "condition": {
   "isUrlFilterCaseSensitive": false,
   "resourceTypes": [
    "main_frame"
   ],
   "urlFilter": "||coop.no."
  },
  "id": 323
 },
 {
  "action": {
   "type": "block"
  },
  "condition": {
   "isUrlFilterCaseSensitive": false,
   "resourceTypes": [
    "main_frame"
   ],
   "urlFilter": "||danskebank.no."
  },
  "id": 324
 },
 {
  "action": {
   "type": "block"
  },
  "condition": {
   "isUrlFilterCaseSensitive": false,
   "resourceTypes": [
    "main_frame"
   ],
   "urlFilter": "||djurs.com-*."
  },
  "id": 325
 },
 {
  "action": {
   "type": "block"
  },
  "condition": {
   "isUrlFilterCaseSensitive": false,
   "resourceTypes": [
    "main_frame"
   ],
   "urlFilter": "||dnb.no."
  },
  "id": 326
 },
 {
  "action": {
   "type": "block"
  },
  "condition": {
   "isUrlFilterCaseSensitive": false,
   "resourceTypes": [
    "main_frame"
   ],
   "urlFilter": "||elkjop.no."
  },
  "id": 327
 },
 {
  "action": {
   "type": "block"
  },
  "condition": {
   "isUrlFilterCaseSensitive": false,
   "resourceTypes": [
    "main_frame"
   ],
   "urlFilter": "||finn.no."
  },
  "id": 328
 },
 {
  "action": {
   "type": "block"
  },
  "condition": {
   "isUrlFilterCaseSensitive": false,
   "resourceTypes": [
    "main_frame"
   ],
   "urlFilter": "||flysas-no."
  },
  "id": 329
 },
 {
  "action": {
   "type": "block"
  },
  "condition": {
   "isUrlFilterCaseSensitive": false,
   "resourceTypes": [
    "main_frame"
   ],
   "urlFilter": "||komplett.no."
  },
  "id": 330
 },
 {
  "action": {
   "type": "block"
  },
  "condition": {
   "isUrlFilterCaseSensitive": false,
   "resourceTypes": [
    "main_frame"
   ],
   "urlFilter": "||nordea.no."
  },
  "id": 331
 },
 {
  "action": {
   "type": "block"
  },
  "condition": {
   "isUrlFilterCaseSensitive": false,
   "resourceTypes": [
    "main_frame"
   ],
   "urlFilter": "||nordnet.no."
  },
  "id": 332
 },
 {
  "action": {
   "type": "block"
  },
  "condition": {
   "isUrlFilterCaseSensitive": false,
   "resourceTypes": [
    "main_frame"
   ],
   "urlFilter": "||norwegian.com."
  },
  "id": 333
 },
 {
  "action": {
   "type": "block"
  },
  "condition": {
   "isUrlFilterCaseSensitive": false,
   "resourceTypes": [
    "main_frame"
   ],
   "urlFilter": "||paypal.*.no^"
  },
  "id": 334
 },
 {
  "action": {
   "type": "block"
  },
  "condition": {
   "isUrlFilterCaseSensitive": false,
   "resourceTypes": [
    "main_frame"
   ],
   "urlFilter": "||posten.no."
  },
  "id": 335
 },
 {
  "action": {
   "type": "block"
  },
  "condition": {
   "isUrlFilterCaseSensitive": false,
   "resourceTypes": [
    "main_frame"
   ],
   "urlFilter": "||postnord.no."
  },
  "id": 336
 },
 {
  "action": {
   "type": "block"
  },
  "condition": {
   "isUrlFilterCaseSensitive": false,
   "resourceTypes": [
    "main_frame"
   ],
   "urlFilter": "||sbanken.no."
  },
  "id": 337
 },
 {
  "action": {
   "type": "block"
  },
  "condition": {
   "isUrlFilterCaseSensitive": false,
   "resourceTypes": [
    "main_frame"
   ],
   "urlFilter": "||shell.no."
  },
  "id": 338
 },
 {
  "action": {
   "type": "block"
  },
  "condition": {
   "isUrlFilterCaseSensitive": false,
   "resourceTypes": [
    "main_frame"
   ],
   "urlFilter": "||skatteetaten.no."
  },
  "id": 339
 },
 {
  "action": {
   "type": "block"
  },
  "condition": {
   "isUrlFilterCaseSensitive": false,
   "resourceTypes": [
    "main_frame"
   ],
   "urlFilter": "||sparebank1.no."
  },
  "id": 340
 },
 {
  "action": {
   "type": "block"
  },
  "condition": {
   "isUrlFilterCaseSensitive": false,
   "resourceTypes": [
    "main_frame"
   ],
   "urlFilter": "||tusenfryd-com."
  },
  "id": 341
 },
 {
  "action": {
   "type": "block"
  },
  "condition": {
   "isUrlFilterCaseSensitive": false,
   "resourceTypes": [
    "main_frame"
   ],
   "urlFilter": "||vg.no."
  },
  "id": 342
 },
 {
  "action": {
   "type": "block"
  },
  "condition": {
   "isUrlFilterCaseSensitive": false,
   "resourceTypes": [
    "main_frame"
   ],
   "urlFilter": "||vipps-sikkerhet."
  },
  "id": 343
 },
 {
  "action": {
   "type": "block"
  },
  "condition": {
   "isUrlFilterCaseSensitive": false,
   "resourceTypes": [
    "main_frame"
   ],
   "urlFilter": "/?finn.no/login"
  },
  "id": 344
 },
 {
  "action": {
   "type": "block"
  },
  "condition": {
   "isUrlFilterCaseSensitive": false,
   "resourceTypes": [
    "main_frame"
   ],
   "urlFilter": "||kongeparken.com-"
  },
  "id": 345
 },
 {
  "action": {
   "type": "block"
  },
  "condition": {
   "isUrlFilterCaseSensitive": false,
   "resourceTypes": [
    "main_frame"
   ],
   "urlFilter": "||kiwi.com-"
  },
  "id": 346
 },
 {
  "action": {
   "type": "block"
  },
  "condition": {
   "isUrlFilterCaseSensitive": false,
   "resourceTypes": [
    "main_frame"
   ],
   "urlFilter": "||getmail-no."
  },
  "id": 347
 },
 {
  "action": {
   "type": "block"
  },
  "condition": {
   "isUrlFilterCaseSensitive": false,
   "resourceTypes": [
    "main_frame"
   ],
   "urlFilter": "||elkjop*.club^"
  },
  "id": 348
 },
 {
  "action": {
   "type": "block"
  },
  "condition": {
   "isUrlFilterCaseSensitive": false,
   "resourceTypes": [
    "main_frame"
   ],
   "urlFilter": "/css/*sparebank1.no^"
  },
  "id": 349
 },
 {
  "action": {
   "type": "block"
  },
  "condition": {
   "isUrlFilterCaseSensitive": false,
   "resourceTypes": [
    "main_frame"
   ],
   "urlFilter": "||faarup.com-*."
  },
  "id": 350
 },
 {
  "action": {
   "type": "block"
  },
  "condition": {
   "isUrlFilterCaseSensitive": false,
   "resourceTypes": [
    "main_frame"
   ],
   "urlFilter": "||legoland.com-*."
  },
  "id": 351
 },
 {
  "action": {
   "type": "block"
  },
  "condition": {
   "isUrlFilterCaseSensitive": false,
   "resourceTypes": [
    "main_frame"
   ],
   "urlFilter": "||ekstrabiadet."
  },
  "id": 352
 },
 {
  "action": {
   "type": "block"
  },
  "condition": {
   "isUrlFilterCaseSensitive": false,
   "resourceTypes": [
    "main_frame"
   ],
   "urlFilter": "||fintechnow*.buzz^"
  },
  "id": 353
 },
 {
  "action": {
   "type": "block"
  },
  "condition": {
   "isUrlFilterCaseSensitive": false,
   "resourceTypes": [
    "main_frame"
   ],
   "urlFilter": "||wealthnews*.xyz^"
  },
  "id": 354
 },
 {
  "action": {
   "type": "block"
  },
  "condition": {
   "isUrlFilterCaseSensitive": false,
   "resourceTypes": [
    "main_frame"
   ],
   "urlFilter": "||norge.*.icu^"
  },
  "id": 355
 },
 {
  "action": {
   "type": "block"
  },
  "condition": {
   "isUrlFilterCaseSensitive": false,
   "resourceTypes": [
    "main_frame"
   ],
   "urlFilter": "||euronews*.buzz^"
  },
  "id": 356
 },
 {
  "action": {
   "type": "block"
  },
  "condition": {
   "isUrlFilterCaseSensitive": false,
   "resourceTypes": [
    "main_frame"
   ],
   "urlFilter": "||softwaredaily*.monster^"
  },
  "id": 357
 },
 {
  "action": {
   "type": "block"
  },
  "condition": {
   "isUrlFilterCaseSensitive": false,
   "resourceTypes": [
    "main_frame"
   ],
   "urlFilter": "||stalknews*.buzz^"
  },
  "id": 358
 },
 {
  "action": {
   "type": "block"
  },
  "condition": {
   "isUrlFilterCaseSensitive": false,
   "resourceTypes": [
    "main_frame"
   ],
   "urlFilter": "||goldupdates*.xyz^"
  },
  "id": 359
 },
 {
  "action": {
   "type": "block"
  },
  "condition": {
   "isUrlFilterCaseSensitive": false,
   "resourceTypes": [
    "main_frame"
   ],
   "urlFilter": "||sikre-vipps-konto."
  },
  "id": 360
 },
 {
  "action": {
   "type": "block"
  },
  "condition": {
   "isUrlFilterCaseSensitive": false,
   "resourceTypes": [
    "main_frame"
   ],
   "urlFilter": "/cop-no/index.htm"
  },
  "id": 361
 },
 {
  "action": {
   "type": "block"
  },
  "condition": {
   "isUrlFilterCaseSensitive": false,
   "resourceTypes": [
    "main_frame"
   ],
   "urlFilter": "/survey/heldige^"
  },
  "id": 362
 },
 {
  "action": {
   "type": "block"
  },
  "condition": {
   "isUrlFilterCaseSensitive": false,
   "resourceTypes": [
    "main_frame"
   ],
   "urlFilter": "||sites.google.*/halaman-muka^"
  },
  "id": 363
 },
 {
  "action": {
   "type": "block"
  },
  "condition": {
   "isUrlFilterCaseSensitive": false,
   "resourceTypes": [
    "main_frame"
   ],
   "urlFilter": "||sites.google.com/view/truls-svendsen^"
  },
  "id": 364
 },
 {
  "action": {
   "type": "block"
  },
  "condition": {
   "isUrlFilterCaseSensitive": false,
   "resourceTypes": [
    "main_frame"
   ],
   "urlFilter": "||signup-*vpns.com^"
  },
  "id": 365
 },
 {
  "action": {
   "type": "block"
  },
  "condition": {
   "isUrlFilterCaseSensitive": false,
   "resourceTypes": [
    "main_frame"
   ],
   "urlFilter": "||telenors.*.cx^"
  },
  "id": 366
 },
 {
  "action": {
   "type": "block"
  },
  "condition": {
   "isUrlFilterCaseSensitive": false,
   "resourceTypes": [
    "main_frame"
   ],
   "urlFilter": "-sparebank1.*.net^"
  },
  "id": 367
 },
 {
  "action": {
   "type": "block"
  },
  "condition": {
   "isUrlFilterCaseSensitive": false,
   "resourceTypes": [
    "main_frame"
   ],
   "urlFilter": ".com/vg.no|"
  },
  "id": 369
 },
 {
  "action": {
   "type": "block"
  },
  "condition": {
   "isUrlFilterCaseSensitive": false,
   "resourceTypes": [
    "main_frame"
   ],
   "urlFilter": "||minklubshop.dk/dk^"
  },
  "id": 370
 },
 {
  "action": {
   "type": "block"
  },
  "condition": {
   "isUrlFilterCaseSensitive": false,
   "resourceTypes": [
    "main_frame"
   ],
   "urlFilter": ".cx/nordea|"
  },
  "id": 371
 },
 {
  "action": {
   "type": "block"
  },
  "condition": {
   "isUrlFilterCaseSensitive": false,
   "resourceTypes": [
    "main_frame"
   ],
   "urlFilter": ".cx/sparebank"
  },
  "id": 372
 },
 {
  "action": {
   "type": "block"
  },
  "condition": {
   "isUrlFilterCaseSensitive": false,
   "resourceTypes": [
    "main_frame"
   ],
   "urlFilter": ".cx/sbanken|"
  },
  "id": 373
 },
 {
  "action": {
   "type": "block"
  },
  "condition": {
   "isUrlFilterCaseSensitive": false,
   "resourceTypes": [
    "main_frame"
   ],
   "urlFilter": "*norgesalg.com^"
  },
  "id": 374
 },
 {
  "action": {
   "type": "block"
  },
  "condition": {
   "isUrlFilterCaseSensitive": false,
   "resourceTypes": [
    "main_frame"
   ],
   "urlFilter": "*salgnorge.com^"
  },
  "id": 375
 },
 {
  "action": {
   "type": "block"
  },
  "condition": {
   "isUrlFilterCaseSensitive": false,
   "resourceTypes": [
    "main_frame"
   ],
   "urlFilter": "-med.footeo.com^"
  },
  "id": 376
 },
 {
  "action": {
   "type": "block"
  },
  "condition": {
   "isUrlFilterCaseSensitive": false,
   "resourceTypes": [
    "main_frame"
   ],
   "urlFilter": "*medisin*.over-blog.com^"
  },
  "id": 377
 },
 {
  "action": {
   "type": "block"
  },
  "condition": {
   "isUrlFilterCaseSensitive": false,
   "resourceTypes": [
    "main_frame"
   ],
   "urlFilter": "||xanax*.over-blog.com^"
  },
  "id": 378
 },
 {
  "action": {
   "type": "block"
  },
  "condition": {
   "domainType": "firstParty",
   "isUrlFilterCaseSensitive": false,
   "urlFilter": "||bluesnews.no/files/images/video/blues-promo-2021.mp4^"
  },
  "id": 379
 },
 {
  "action": {
   "type": "block"
  },
  "condition": {
   "domainType": "firstParty",
   "isUrlFilterCaseSensitive": false,
   "resourceTypes": [
    "script"
   ],
   "urlFilter": "||vg.no/cnp-assets/src/sites/vg/components/adblockmodal"
  },
  "id": 380
 },
 {
  "action": {
   "type": "block"
  },
  "condition": {
   "domainType": "thirdParty",
   "isUrlFilterCaseSensitive": false,
   "urlFilter": "||vefbordar.*.is^"
  },
  "id": 381
 },
 {
  "action": {
   "type": "block"
  },
  "condition": {
   "domainType": "thirdParty",
   "isUrlFilterCaseSensitive": false,
   "urlFilter": "||vevlysingar.*.com^"
  },
  "id": 382
 },
 {
  "action": {
   "type": "block"
  },
  "condition": {
   "domainType": "thirdParty",
   "isUrlFilterCaseSensitive": false,
   "urlFilter": "||bcm.interactives.dk/script^"
  },
  "id": 384
 },
 {
  "action": {
   "type": "block"
  },
  "condition": {
   "domainType": "thirdParty",
   "isUrlFilterCaseSensitive": false,
   "urlFilter": "||services.api.no/api/bazaar^"
  },
  "id": 385
 },
 {
  "action": {
   "type": "block"
  },
  "condition": {
   "domainType": "thirdParty",
   "isUrlFilterCaseSensitive": false,
   "urlFilter": "||ni.dk/ni-news/*feed/*-bottom.html^"
  },
  "id": 386
 },
 {
  "action": {
   "type": "block"
  },
  "condition": {
   "domainType": "thirdParty",
   "excludedInitiatorDomains": [
    "norsktipping.no",
    "tipster.no"
   ],
   "requestDomains": [
    "norsktippingpartner.no"
   ]
  },
  "id": 387
 },
 {
  "action": {
   "type": "block"
  },
  "condition": {
   "domainType": "thirdParty",
   "requestDomains": [
    "admob.dk",
    "admob.no",
    "adnordics.com",
    "adserver.xh.no",
    "adservice.com",
    "adservicemedia.dk",
    "annoncer.nichehuset.dk",
    "betterbanners.org",
    "cluster.chart.dk",
    "collector.schibsted.io",
    "delivered-by-madington.com",
    "dotbanner.dk",
    "easy-ad.no",
    "easy-ads.dk",
    "gcp.passendo.com",
    "heartbeat.airserve.net",
    "images.passendo.com",
    "kunde.apt.no",
    "kynning.olis.is",
    "openad.visir.is",
    "pliing.com",
    "psscdn.com",
    "samfilm.codelab.is",
    "sannsyn.com",
    "static.airserve.net",
    "tankeogteknikk.no",
    "vefbordi.is",
    "videotool.fbg.dk",
    "widget.tippebannere.no"
   ]
  },
  "id": 388
 },
 {
  "action": {
   "type": "block"
  },
  "condition": {
   "domainType": "thirdParty",
   "requestDomains": [
    "matriell.dm-storage.no",
    "tracking-genesisaffiliates.com"
   ],
   "resourceTypes": [
    "image"
   ]
  },
  "id": 389
 },
 {
  "action": {
   "type": "block"
  },
  "condition": {
   "domainType": "thirdParty",
   "isUrlFilterCaseSensitive": false,
   "resourceTypes": [
    "object"
   ],
   "urlFilter": "||finn.no/distribution-carousel?"
  },
  "id": 390
 },
 {
  "action": {
   "type": "block"
  },
  "condition": {
   "domainType": "thirdParty",
   "requestDomains": [
    "vevlysingar.fo"
   ],
   "resourceTypes": [
    "sub_frame"
   ]
  },
  "id": 391
 },
 {
  "action": {
   "type": "block"
  },
  "condition": {
   "domainType": "thirdParty",
   "excludedInitiatorDomains": [
    "tipster.no"
   ],
   "isUrlFilterCaseSensitive": false,
   "resourceTypes": [
    "sub_frame"
   ],
   "urlFilter": "||cdn.rikstoto.no/expert/gameshop^"
  },
  "id": 392
 },
 {
  "action": {
   "type": "block"
  },
  "condition": {
   "domainType": "thirdParty",
   "isUrlFilterCaseSensitive": false,
   "resourceTypes": [
    "sub_frame"
   ],
   "urlFilter": "||deals.innocode.no/api^"
  },
  "id": 393
 },
 {
  "action": {
   "type": "block"
  },
  "condition": {
   "domainType": "thirdParty",
   "isUrlFilterCaseSensitive": false,
   "resourceTypes": [
    "sub_frame"
   ],
   "urlFilter": "||media.sonymusic.no/marketing/*.html"
  },
  "id": 394
 },
 {
  "action": {
   "type": "allow"
  },
  "condition": {
   "isUrlFilterCaseSensitive": false,
   "urlFilter": "||cdnboligkanalen.azureedge.net/*width=2000^"
  },
  "id": 395
 },
 {
  "action": {
   "type": "allow"
  },
  "condition": {
   "isUrlFilterCaseSensitive": false,
   "urlFilter": "||n247.no/salg/an_%7b40"
  },
  "id": 396
 },
 {
  "action": {
   "type": "allow"
  },
  "condition": {
   "isUrlFilterCaseSensitive": false,
   "urlFilter": "||n247.no/salg/an_%7b6c"
  },
  "id": 397
 },
 {
  "action": {
   "type": "allow"
  },
  "condition": {
   "isUrlFilterCaseSensitive": false,
   "urlFilter": "||n247.no/salg/karusell_17"
  },
  "id": 398
 },
 {
  "action": {
   "type": "allow"
  },
  "condition": {
   "isUrlFilterCaseSensitive": false,
   "urlFilter": "||storfjordnytt.no/wp-content/uploads/*/alfred.jpg^"
  },
  "id": 399
 },
 {
  "action": {
   "type": "allow"
  },
  "condition": {
   "isUrlFilterCaseSensitive": false,
   "urlFilter": "||storfjordnytt.no/wp-content/uploads/*/dame.jpg^"
  },
  "id": 400
 },
 {
  "action": {
   "type": "allow"
  },
  "condition": {
   "isUrlFilterCaseSensitive": false,
   "urlFilter": "||storfjordnytt.no/wp-content/uploads/*/komentar*.jpg^"
  },
  "id": 401
 },
 {
  "action": {
   "type": "allow"
  },
  "condition": {
   "isUrlFilterCaseSensitive": false,
   "urlFilter": "||storfjordnytt.no/wp-content/uploads/*/les*bilete*.jpg^"
  },
  "id": 402
 },
 {
  "action": {
   "type": "allow"
  },
  "condition": {
   "isUrlFilterCaseSensitive": false,
   "urlFilter": "||storfjordnytt.no/wp-content/uploads/*/m_vinje.jpg^"
  },
  "id": 403
 },
 {
  "action": {
   "type": "allow"
  },
  "condition": {
   "isUrlFilterCaseSensitive": false,
   "urlFilter": "||storfjordnytt.no/wp-content/uploads/*/tafjord*.jpg^"
  },
  "id": 404
 },
 {
  "action": {
   "type": "allow"
  },
  "condition": {
   "isUrlFilterCaseSensitive": false,
   "urlFilter": "||storfjordnytt.no/wp-content/uploads/*300x300.jpg^"
  },
  "id": 405
 },
 {
  "action": {
   "type": "allow"
  },
  "condition": {
   "isUrlFilterCaseSensitive": false,
   "urlFilter": "||storfjordnytt.no/wp-content/uploads/2*/1*.jpg^"
  },
  "id": 406
 },
 {
  "action": {
   "type": "allow"
  },
  "condition": {
   "isUrlFilterCaseSensitive": false,
   "urlFilter": "||storfjordnytt.no/wp-content/uploads/2*/2*.jpg^"
  },
  "id": 407
 },
 {
  "action": {
   "type": "allow"
  },
  "condition": {
   "isUrlFilterCaseSensitive": false,
   "urlFilter": "||storfjordnytt.no/wp-content/uploads/2*/3*.jpg^"
  },
  "id": 408
 },
 {
  "action": {
   "type": "allow"
  },
  "condition": {
   "isUrlFilterCaseSensitive": false,
   "urlFilter": "||musikknyheter.no/banners/skribent"
  },
  "id": 409
 },
 {
  "action": {
   "type": "allow"
  },
  "condition": {
   "isUrlFilterCaseSensitive": false,
   "urlFilter": "||radiohallingdal.no/abanners/img/facebook."
  },
  "id": 410
 },
 {
  "action": {
   "type": "allow"
  },
  "condition": {
   "isUrlFilterCaseSensitive": false,
   "urlFilter": "||via.placeholder.com/1|"
  },
  "id": 411
 },
 {
  "action": {
   "type": "allow"
  },
  "condition": {
   "isUrlFilterCaseSensitive": false,
   "urlFilter": "||stillingledig.*.no^"
  },
  "id": 412
 },
 {
  "action": {
   "type": "allow"
  },
  "condition": {
   "initiatorDomains": [
    "vg.no"
   ],
   "isUrlFilterCaseSensitive": false,
   "urlFilter": "||schibsted.com/autotracker"
  },
  "id": 413
 },
 {
  "action": {
   "type": "allow"
  },
  "condition": {
   "initiatorDomains": [
    "realityportalen.dk"
   ],
   "isUrlFilterCaseSensitive": false,
   "urlFilter": "/images/*youtube.jpg"
  },
  "id": 414
 },
 {
  "action": {
   "type": "allow"
  },
  "condition": {
   "initiatorDomains": [
    "samiteahter.org"
   ],
   "requestDomains": [
    "api.instagram.com"
   ]
  },
  "id": 415
 },
 {
  "action": {
   "type": "allow"
  },
  "condition": {
   "initiatorDomains": [
    "altibox.no",
    "degulesider.dk",
    "gulesider.no",
    "krak.dk"
   ],
   "requestDomains": [
    "cookieinformation.com"
   ]
  },
  "id": 416
 },
 {
  "action": {
   "type": "allow"
  },
  "condition": {
   "initiatorDomains": [
    "lampegiganten.dk",
    "lampegiganten.no"
   ],
   "isUrlFilterCaseSensitive": false,
   "urlFilter": "/newsletter/newsletter_popup.gif^"
  },
  "id": 417
 },
 {
  "action": {
   "type": "allow"
  },
  "condition": {
   "initiatorDomains": [
    "seher.no"
   ],
   "isUrlFilterCaseSensitive": false,
   "urlFilter": "_prebid_"
  },
  "id": 418
 },
 {
  "action": {
   "type": "allow"
  },
  "condition": {
   "initiatorDomains": [
    "canariajournalen.no"
   ],
   "isUrlFilterCaseSensitive": false,
   "urlFilter": "/images/ads-db/right-tower/vipps-sponsor-"
  },
  "id": 419
 },
 {
  "action": {
   "type": "allow"
  },
  "condition": {
   "initiatorDomains": [
    "fla.de"
   ],
   "isUrlFilterCaseSensitive": false,
   "urlFilter": "/adnetwork/"
  },
  "id": 420
 },
 {
  "action": {
   "type": "allow"
  },
  "condition": {
   "isUrlFilterCaseSensitive": false,
   "urlFilter": "://billink*.blob.core.windows.net/*/annonser^"
  },
  "id": 421
 },
 {
  "action": {
   "type": "allow"
  },
  "condition": {
   "isUrlFilterCaseSensitive": false,
   "urlFilter": "||bluesnews.no/files/images/annonser^"
  },
  "id": 422
 },
 {
  "action": {
   "type": "allow"
  },
  "condition": {
   "isUrlFilterCaseSensitive": false,
   "urlFilter": "||lnk.no/wp-content/uploads/*/ads"
  },
  "id": 423
 },
 {
  "action": {
   "type": "allow"
  },
  "condition": {
   "isUrlFilterCaseSensitive": false,
   "urlFilter": "||marketingfabrikken.dk/page-data/google-ads/page-data.json^"
  },
  "id": 424
 },
 {
  "action": {
   "type": "allow"
  },
  "condition": {
   "initiatorDomains": [
    "ruijan-kaiku.no"
   ],
   "isUrlFilterCaseSensitive": false,
   "urlFilter": "_980x100."
  },
  "id": 425
 },
 {
  "action": {
   "type": "allow"
  },
  "condition": {
   "initiatorDomains": [
    "tv2.dk"
   ],
   "isUrlFilterCaseSensitive": false,
   "urlFilter": "://imasdk.googleapis.com/js/sdkloader/ima3.js^"
  },
  "id": 426
 },
 {
  "action": {
   "type": "allow"
  },
  "condition": {
   "initiatorDomains": [
    "aasavis.no",
    "amta.no",
    "an.no",
    "ao.no",
    "auraavis.no",
    "austagderblad.no",
    "avisenagder.no",
    "ba.no",
    "bygdebladet.no",
    "bygdeposten.no",
    "dalane-tidende.no",
    "dt.no",
    "eikerbladet.no",
    "enebakkavis.no",
    "f-b.no",
    "finnmarkdagblad.no",
    "finnmarken.no",
    "firda.no",
    "firdaposten.no",
    "fremover.no",
    "gbnett.no",
    "gjengangeren.no",
    "glomdalen.no",
    "h-avis.no",
    "ha-halden.no",
    "hadeland.no",
    "hardanger-folkeblad.no",
    "helg.no",
    "iharstad.no",
    "indre.no",
    "jarlsbergavis.no",
    "jbl.no",
    "kv.no",
    "kvinnheringen.no",
    "laagendalsposten.no",
    "lierposten.no",
    "lofotposten.no",
    "lyngdalsavis.no",
    "moss-avis.no",
    "nidaros.no",
    "noblad.no",
    "nordhordland.no",
    "nordlys.no",
    "oa.no",
    "oblad.no",
    "op.no",
    "ostlendingen.no",
    "oyene.no",
    "r-a.no",
    "rablad.no",
    "ranablad.no",
    "rb.no",
    "retten.no",
    "rha.no",
    "ringblad.no",
    "ringsaker-blad.no",
    "sa.no",
    "sandeavis.no",
    "sandnesposten.no",
    "sb.no",
    "smaalenene.no",
    "sognavis.no",
    "solabladet.no",
    "solungavisa.no",
    "strandbuen.no",
    "svelviksposten.no",
    "ta.no",
    "tb.no",
    "telen.no",
    "tk.no",
    "tvedestrandsposten.no",
    "varingen.no",
    "vestbyavis.no"
   ],
   "isUrlFilterCaseSensitive": false,
   "urlFilter": "||fe.adstate.net/assets/common/img/web_ad^"
  },
  "id": 427
 },
 {
  "action": {
   "type": "allow"
  },
  "condition": {
   "initiatorDomains": [
    "aasavis.no",
    "amta.no",
    "an.no",
    "ao.no",
    "auraavis.no",
    "austagderblad.no",
    "avisenagder.no",
    "ba.no",
    "bygdebladet.no",
    "bygdeposten.no",
    "dalane-tidende.no",
    "dt.no",
    "eikerbladet.no",
    "enebakkavis.no",
    "f-b.no",
    "finnmarkdagblad.no",
    "finnmarken.no",
    "firda.no",
    "firdaposten.no",
    "fremover.no",
    "gbnett.no",
    "gjengangeren.no",
    "glomdalen.no",
    "h-avis.no",
    "ha-halden.no",
    "hadeland.no",
    "hardanger-folkeblad.no",
    "helg.no",
    "iharstad.no",
    "indre.no",
    "jarlsbergavis.no",
    "jbl.no",
    "kv.no",
    "kvinnheringen.no",
    "laagendalsposten.no",
    "lierposten.no",
    "lofotposten.no",
    "lyngdalsavis.no",
    "moss-avis.no",
    "nidaros.no",
    "noblad.no",
    "nordhordland.no",
    "nordlys.no",
    "oa.no",
    "oblad.no",
    "op.no",
    "ostlendingen.no",
    "oyene.no",
    "r-a.no",
    "rablad.no",
    "ranablad.no",
    "rb.no",
    "retten.no",
    "rha.no",
    "ringblad.no",
    "ringsaker-blad.no",
    "sa.no",
    "sandeavis.no",
    "sandnesposten.no",
    "sb.no",
    "smaalenene.no",
    "sognavis.no",
    "solabladet.no",
    "solungavisa.no",
    "strandbuen.no",
    "svelviksposten.no",
    "ta.no",
    "tb.no",
    "telen.no",
    "tk.no",
    "tvedestrandsposten.no",
    "varingen.no",
    "vestbyavis.no"
   ],
   "isUrlFilterCaseSensitive": false,
   "urlFilter": "||fe.adstate.net/stream_file.php?type=ad_preview_image"
  },
  "id": 428
 },
 {
  "action": {
   "type": "allow"
  },
  "condition": {
   "isUrlFilterCaseSensitive": false,
   "urlFilter": "||politainment.no^*/cookieconsent.min.js"
  },
  "id": 429
 },
 {
  "action": {
   "type": "allow"
  },
  "condition": {
   "initiatorDomains": [
    "embed.viaplay.com"
   ],
   "isUrlFilterCaseSensitive": false,
   "urlFilter": "||fwmrm.net/crossdomain.xml"
  },
  "id": 430
 },
 {
  "action": {
   "type": "allow"
  },
  "condition": {
   "isUrlFilterCaseSensitive": false,
   "urlFilter": "||sumo.cdn.tv2.no/ads^"
  },
  "id": 431
 },
 {
  "action": {
   "type": "allow"
  },
  "condition": {
   "isUrlFilterCaseSensitive": false,
   "urlFilter": ".v.fwmrm.net/ad/g^*:mtg_play_"
  },
  "id": 432
 },
 {
  "action": {
   "type": "allow"
  },
  "condition": {
   "requestDomains": [
    "oddstips.norsktippingpartner.no"
   ]
  },
  "id": 433
 },
 {
  "action": {
   "type": "allow"
  },
  "condition": {
   "isUrlFilterCaseSensitive": false,
   "resourceTypes": [
    "image"
   ],
   "urlFilter": "||siglo.is/static/strevda/*upphafssida"
  },
  "id": 434
 },
 {
  "action": {
   "type": "allow"
  },
  "condition": {
   "initiatorDomains": [
    "aasavis.no",
    "amta.no",
    "an.no",
    "ao.no",
    "auraavis.no",
    "austagderblad.no",
    "avisenagder.no",
    "ba.no",
    "bygdebladet.no",
    "bygdeposten.no",
    "dalane-tidende.no",
    "dt.no",
    "eikerbladet.no",
    "enebakkavis.no",
    "f-b.no",
    "finnmarkdagblad.no",
    "finnmarken.no",
    "firda.no",
    "firdaposten.no",
    "fremover.no",
    "gbnett.no",
    "gjengangeren.no",
    "glomdalen.no",
    "h-avis.no",
    "ha-halden.no",
    "hadeland.no",
    "hardanger-folkeblad.no",
    "helg.no",
    "iharstad.no",
    "indre.no",
    "jarlsbergavis.no",
    "jbl.no",
    "kv.no",
    "kvinnheringen.no",
    "laagendalsposten.no",
    "lierposten.no",
    "lofotposten.no",
    "lyngdalsavis.no",
    "moss-avis.no",
    "nidaros.no",
    "noblad.no",
    "nordhordland.no",
    "nordlys.no",
    "oa.no",
    "oblad.no",
    "op.no",
    "ostlendingen.no",
    "oyene.no",
    "r-a.no",
    "rablad.no",
    "ranablad.no",
    "rb.no",
    "retten.no",
    "rha.no",
    "ringblad.no",
    "ringsaker-blad.no",
    "sa.no",
    "sandeavis.no",
    "sandnesposten.no",
    "sb.no",
    "smaalenene.no",
    "sognavis.no",
    "solabladet.no",
    "solungavisa.no",
    "strandbuen.no",
    "svelviksposten.no",
    "ta.no",
    "tb.no",
    "telen.no",
    "tk.no",
    "tvedestrandsposten.no",
    "varingen.no",
    "vestbyavis.no"
   ],
   "isUrlFilterCaseSensitive": false,
   "resourceTypes": [
    "image"
   ],
   "urlFilter": "||easy-ads.com/subscriber^"
  },
  "id": 435
 },
 {
  "action": {
   "type": "allow"
  },
  "condition": {
   "initiatorDomains": [
    "agrar-plus.dk",
    "dagensbyggeri.dk",
    "fritidsmarkedet.dk",
    "gronteknik.dk",
    "maskinbladet.dk",
    "maskinteknik.dk"
   ],
   "isUrlFilterCaseSensitive": false,
   "resourceTypes": [
    "image"
   ],
   "urlFilter": ".dk/assets/templates/*/ads.png^"
  },
  "id": 436
 },
 {
  "action": {
   "type": "allow"
  },
  "condition": {
   "initiatorDomains": [
    "aasavis.no",
    "amta.no",
    "an.no",
    "ao.no",
    "auraavis.no",
    "austagderblad.no",
    "avisenagder.no",
    "ba.no",
    "bygdebladet.no",
    "bygdeposten.no",
    "dalane-tidende.no",
    "dt.no",
    "eikerbladet.no",
    "enebakkavis.no",
    "f-b.no",
    "finnmarkdagblad.no",
    "finnmarken.no",
    "firda.no",
    "firdaposten.no",
    "fremover.no",
    "gbnett.no",
    "gjengangeren.no",
    "glomdalen.no",
    "h-avis.no",
    "ha-halden.no",
    "hadeland.no",
    "hardanger-folkeblad.no",
    "helg.no",
    "iharstad.no",
    "indre.no",
    "jarlsbergavis.no",
    "jbl.no",
    "kv.no",
    "kvinnheringen.no",
    "laagendalsposten.no",
    "lierposten.no",
    "lofotposten.no",
    "lyngdalsavis.no",
    "moss-avis.no",
    "nidaros.no",
    "noblad.no",
    "nordhordland.no",
    "nordlys.no",
    "oa.no",
    "oblad.no",
    "op.no",
    "ostlendingen.no",
    "oyene.no",
    "r-a.no",
    "rablad.no",
    "ranablad.no",
    "rb.no",
    "retten.no",
    "rha.no",
    "ringblad.no",
    "ringsaker-blad.no",
    "sa.no",
    "sandeavis.no",
    "sandnesposten.no",
    "sb.no",
    "smaalenene.no",
    "sognavis.no",
    "solabladet.no",
    "solungavisa.no",
    "strandbuen.no",
    "svelviksposten.no",
    "ta.no",
    "tb.no",
    "telen.no",
    "tk.no",
    "tvedestrandsposten.no",
    "varingen.no",
    "vestbyavis.no"
   ],
   "isUrlFilterCaseSensitive": false,
   "resourceTypes": [
    "script"
   ],
   "urlFilter": "||cdn.easy-ads.com/js/swipemod.js^"
  },
  "id": 438
 },
 {
  "action": {
   "type": "allow"
  },
  "condition": {
   "initiatorDomains": [
    "ekstrabladet.dk"
   ],
   "isUrlFilterCaseSensitive": false,
   "resourceTypes": [
    "script"
   ],
   "urlFilter": "||dialogue.sp-prod.net/messagingwithoutdetection.js"
  },
  "id": 439
 },
 {
  "action": {
   "type": "allow"
  },
  "condition": {
   "initiatorDomains": [
    "ekstrabladet.dk"
   ],
   "requestDomains": [
    "notice.sp-prod.net"
   ],
   "resourceTypes": [
    "sub_frame"
   ]
  },
  "id": 440
 },
 {
  "action": {
   "type": "allow"
  },
  "condition": {
   "isUrlFilterCaseSensitive": false,
   "resourceTypes": [
    "main_frame"
   ],
   "urlFilter": ".isdownorblocked.com^"
  },
  "id": 441
 },
 {
  "action": {
   "type": "allow"
  },
  "condition": {
   "domainType": "firstParty",
   "initiatorDomains": [
    "tvkampen.com",
    "tvsporten.dk"
   ],
   "isUrlFilterCaseSensitive": false,
   "urlFilter": "/js/ads.js"
  },
  "id": 442
 },
 {
  "action": {
   "type": "allow"
  },
  "condition": {
   "domainType": "firstParty",
   "isUrlFilterCaseSensitive": false,
   "resourceTypes": [
    "script"
   ],
   "urlFilter": "||www.tv2.no/s/js/ads.js"
  },
  "id": 444
 },
 {
  "action": {
   "type": "allow"
  },
  "condition": {
   "domainType": "firstParty",
   "isUrlFilterCaseSensitive": false,
   "resourceTypes": [
    "xmlhttprequest"
   ],
   "urlFilter": "||glow.posten.no/api/tracking/"
  },
  "id": 445
 },
 {
  "action": {
   "type": "allow"
  },
  "condition": {
   "domainType": "firstParty",
   "isUrlFilterCaseSensitive": false,
   "resourceTypes": [
    "xmlhttprequest"
   ],
   "urlFilter": "||tv2.no/*/config/analytics.json"
  },
  "id": 446
 },
 {
  "action": {
   "type": "allow"
  },
  "condition": {
   "domainType": "firstParty",
   "isUrlFilterCaseSensitive": false,
   "resourceTypes": [
    "xmlhttprequest"
   ],
   "urlFilter": "||cmp.ekstrabladet.dk/get_site_data"
  },
  "id": 447
 },
 {
  "action": {
   "type": "allow"
  },
  "condition": {
   "domainType": "thirdParty",
   "initiatorDomains": [
    "itavisen.no"
   ],
   "requestDomains": [
    "sixscissors.com"
   ]
  },
  "id": 448
 }
]
