[
 {
  "action": {
   "type": "block"
  },
  "condition": {
   "isUrlFilterCaseSensitive": false,
   "urlFilter": ".com/qc/"
  },
  "id": 1
 },
 {
  "action": {
   "type": "block"
  },
  "condition": {
   "excludedInitiatorDomains": [
    "linkneverdie.net",
    "mcleaks.net"
   ],
   "isUrlFilterCaseSensitive": false,
   "urlFilter": ".net/ads/"
  },
  "id": 2
 },
 {
  "action": {
   "type": "block"
  },
  "condition": {
   "isUrlFilterCaseSensitive": false,
   "urlFilter": ".vn/ad/"
  },
  "id": 3
 },
 {
  "action": {
   "type": "block"
  },
  "condition": {
   "isUrlFilterCaseSensitive": false,
   "urlFilter": ".vn/qc/"
  },
  "id": 4
 },
 {
  "action": {
   "type": "block"
  },
  "condition": {
   "excludedInitiatorDomains": [
    "mcleaks.net"
   ],
   "isUrlFilterCaseSensitive": false,
   "urlFilter": "/ads/*.gif"
  },
  "id": 5
 },
 {
  "action": {
   "type": "block"
  },
  "condition": {
   "isUrlFilterCaseSensitive": false,
   "urlFilter": "/banner-ads."
  },
  "id": 6
 },
 {
  "action": {
   "type": "block"
  },
  "condition": {
   "isUrlFilterCaseSensitive": false,
   "urlFilter": "/banner/*.gif,domain=~tvphapluat.vn"
  },
  "id": 7
 },
 {
  "action": {
   "type": "block"
  },
  "condition": {
   "isUrlFilterCaseSensitive": false,
   "urlFilter": "/blueserving."
  },
  "id": 8
 },
 {
  "action": {
   "type": "block"
  },
  "condition": {
   "isUrlFilterCaseSensitive": false,
   "urlFilter": "/polyad."
  },
  "id": 10
 },
 {
  "action": {
   "type": "block"
  },
  "condition": {
   "excludedInitiatorDomains": [
    "thegioididong.com"
   ],
   "isUrlFilterCaseSensitive": false,
   "urlFilter": "/qcao/"
  },
  "id": 11
 },
 {
  "action": {
   "type": "block"
  },
  "condition": {
   "isUrlFilterCaseSensitive": false,
   "urlFilter": "/quang%20cao/"
  },
  "id": 12
 },
 {
  "action": {
   "type": "block"
  },
  "condition": {
   "isUrlFilterCaseSensitive": false,
   "urlFilter": "/quang_cao/"
  },
  "id": 13
 },
 {
  "action": {
   "type": "block"
  },
  "condition": {
   "isUrlFilterCaseSensitive": false,
   "urlFilter": "/quangcao."
  },
  "id": 14
 },
 {
  "action": {
   "type": "block"
  },
  "condition": {
   "isUrlFilterCaseSensitive": false,
   "urlFilter": "/quangcao/"
  },
  "id": 15
 },
 {
  "action": {
   "type": "block"
  },
  "condition": {
   "isUrlFilterCaseSensitive": false,
   "urlFilter": "/root/ads/"
  },
  "id": 16
 },
 {
  "action": {
   "type": "block"
  },
  "condition": {
   "isUrlFilterCaseSensitive": false,
   "urlFilter": "/sbbanner.com"
  },
  "id": 17
 },
 {
  "action": {
   "type": "block"
  },
  "condition": {
   "isUrlFilterCaseSensitive": false,
   "urlFilter": "/stores/ads_data/"
  },
  "id": 18
 },
 {
  "action": {
   "type": "block"
  },
  "condition": {
   "excludedInitiatorDomains": [
    "danet.vn"
   ],
   "isUrlFilterCaseSensitive": false,
   "urlFilter": "/videojs.ads."
  },
  "id": 19
 },
 {
  "action": {
   "type": "block"
  },
  "condition": {
   "excludedInitiatorDomains": [
    "earthcam.com",
    "jut.su"
   ],
   "isUrlFilterCaseSensitive": false,
   "urlFilter": "/videojs.ima.js"
  },
  "id": 20
 },
 {
  "action": {
   "type": "block"
  },
  "condition": {
   "isUrlFilterCaseSensitive": false,
   "urlFilter": "||123nhadatviet.com/media/ck/banners/"
  },
  "id": 21
 },
 {
  "action": {
   "type": "block"
  },
  "condition": {
   "isUrlFilterCaseSensitive": false,
   "urlFilter": "||123nhadatviet.net/media/ck/banners/"
  },
  "id": 22
 },
 {
  "action": {
   "type": "block"
  },
  "condition": {
   "isUrlFilterCaseSensitive": false,
   "urlFilter": "||24hmoney.vn/_nuxt/img/banner"
  },
  "id": 23
 },
 {
  "action": {
   "type": "block"
  },
  "condition": {
   "isUrlFilterCaseSensitive": false,
   "urlFilter": "||2banh.vn/images/banners/"
  },
  "id": 24
 },
 {
  "action": {
   "type": "block"
  },
  "condition": {
   "initiatorDomains": [
    "vn.7msport.com",
    "vn2.7msport.com"
   ],
   "isUrlFilterCaseSensitive": false,
   "urlFilter": "||7mad.7m."
  },
  "id": 25
 },
 {
  "action": {
   "type": "block"
  },
  "condition": {
   "initiatorDomains": [
    "vn.7msport.com",
    "vn2.7msport.com"
   ],
   "isUrlFilterCaseSensitive": false,
   "urlFilter": "||7mad1.7m."
  },
  "id": 26
 },
 {
  "action": {
   "type": "block"
  },
  "condition": {
   "initiatorDomains": [
    "vn.7msport.com",
    "vn2.7msport.com"
   ],
   "isUrlFilterCaseSensitive": false,
   "urlFilter": "||7mimg.7m."
  },
  "id": 27
 },
 {
  "action": {
   "type": "block"
  },
  "condition": {
   "isUrlFilterCaseSensitive": false,
   "urlFilter": "||ads*.autodaily.vn"
  },
  "id": 28
 },
 {
  "action": {
   "type": "block"
  },
  "condition": {
   "isUrlFilterCaseSensitive": false,
   "urlFilter": "||anime47.com^*.gif"
  },
  "id": 29
 },
 {
  "action": {
   "type": "block"
  },
  "condition": {
   "isUrlFilterCaseSensitive": false,
   "urlFilter": "||animechanel.com^*.gif"
  },
  "id": 30
 },
 {
  "action": {
   "type": "block"
  },
  "condition": {
   "isUrlFilterCaseSensitive": false,
   "urlFilter": "||animet.net^*.gif"
  },
  "id": 31
 },
 {
  "action": {
   "type": "block"
  },
  "condition": {
   "isUrlFilterCaseSensitive": false,
   "urlFilter": "||animevnn.com^*.gif"
  },
  "id": 32
 },
 {
  "action": {
   "type": "block"
  },
  "condition": {
   "isUrlFilterCaseSensitive": false,
   "urlFilter": "||anivn.club^*.gif"
  },
  "id": 33
 },
 {
  "action": {
   "type": "block"
  },
  "condition": {
   "isUrlFilterCaseSensitive": false,
   "urlFilter": "||api.affmates.com/js/publisher_tool.js"
  },
  "id": 34
 },
 {
  "action": {
   "type": "block"
  },
  "condition": {
   "isUrlFilterCaseSensitive": false,
   "urlFilter": "||azrom.net/wp-content/plugins/best-ads-block-detector/"
  },
  "id": 35
 },
 {
  "action": {
   "type": "block"
  },
  "condition": {
   "isUrlFilterCaseSensitive": false,
   "urlFilter": "||baohaugiang.com.vn/uploads/slidehomeimg/"
  },
  "id": 36
 },
 {
  "action": {
   "type": "block"
  },
  "condition": {
   "isUrlFilterCaseSensitive": false,
   "urlFilter": "||baonga.com/fileupload/images/*banner"
  },
  "id": 37
 },
 {
  "action": {
   "type": "block"
  },
  "condition": {
   "isUrlFilterCaseSensitive": false,
   "urlFilter": "||baonga.com/image*.gif"
  },
  "id": 38
 },
 {
  "action": {
   "type": "block"
  },
  "condition": {
   "isUrlFilterCaseSensitive": false,
   "urlFilter": "||batdongsan.com.vn/*/banner/"
  },
  "id": 39
 },
 {
  "action": {
   "type": "block"
  },
  "condition": {
   "isUrlFilterCaseSensitive": false,
   "urlFilter": "||batdongsan24h.com.vn/images/banners/"
  },
  "id": 40
 },
 {
  "action": {
   "type": "block"
  },
  "condition": {
   "isUrlFilterCaseSensitive": false,
   "urlFilter": "||bonbanh.com/ad/"
  },
  "id": 41
 },
 {
  "action": {
   "type": "block"
  },
  "condition": {
   "isUrlFilterCaseSensitive": false,
   "urlFilter": "||bongdadem.net^*.gif"
  },
  "id": 42
 },
 {
  "action": {
   "type": "block"
  },
  "condition": {
   "isUrlFilterCaseSensitive": false,
   "urlFilter": "||bongdalu4.com^*.gif"
  },
  "id": 43
 },
 {
  "action": {
   "type": "block"
  },
  "condition": {
   "isUrlFilterCaseSensitive": false,
   "urlFilter": "||cdn.baogiaothong.vn/upload/images/*ad_image/"
  },
  "id": 44
 },
 {
  "action": {
   "type": "block"
  },
  "condition": {
   "isUrlFilterCaseSensitive": false,
   "urlFilter": "||cdn.pixfuture.com/adb-media/adb_detect_pixfuture.js"
  },
  "id": 45
 },
 {
  "action": {
   "type": "block"
  },
  "condition": {
   "isUrlFilterCaseSensitive": false,
   "urlFilter": "||cdn.thichxemphim1.net/wp-content/themes/halimmovies-child/jscm.min.js"
  },
  "id": 46
 },
 {
  "action": {
   "type": "block"
  },
  "condition": {
   "isUrlFilterCaseSensitive": false,
   "urlFilter": "||cdn.webhoctienganh.com/asset/home/img/banner/"
  },
  "id": 47
 },
 {
  "action": {
   "type": "block"
  },
  "condition": {
   "isUrlFilterCaseSensitive": false,
   "urlFilter": "||cdnjs.cloudflare.com/ajax/libs/devtools-detector/2.0.14/devtools-detector.min.js"
  },
  "id": 48
 },
 {
  "action": {
   "type": "block"
  },
  "condition": {
   "isUrlFilterCaseSensitive": false,
   "urlFilter": "||chodansinh.net^*.gif"
  },
  "id": 49
 },
 {
  "action": {
   "type": "block"
  },
  "condition": {
   "isUrlFilterCaseSensitive": false,
   "urlFilter": "||chophien.com/imgadvert/"
  },
  "id": 50
 },
 {
  "action": {
   "type": "block"
  },
  "condition": {
   "isUrlFilterCaseSensitive": false,
   "urlFilter": "||chotlo.me^*gif"
  },
  "id": 51
 },
 {
  "action": {
   "type": "block"
  },
  "condition": {
   "isUrlFilterCaseSensitive": false,
   "urlFilter": "||code.gunnymienphi.net^*.gif"
  },
  "id": 52
 },
 {
  "action": {
   "type": "block"
  },
  "condition": {
   "isUrlFilterCaseSensitive": false,
   "urlFilter": "||contuhoc.com/content/images/uploaded/produtcs/"
  },
  "id": 53
 },
 {
  "action": {
   "type": "block"
  },
  "condition": {
   "initiatorDomains": [
    "vietnamgsm.vn"
   ],
   "isUrlFilterCaseSensitive": false,
   "urlFilter": "||daiphatvienthong.vn/upload/hinhanh/"
  },
  "id": 54
 },
 {
  "action": {
   "type": "block"
  },
  "condition": {
   "isUrlFilterCaseSensitive": false,
   "urlFilter": "||dangtinbatdongsan.vn/filemanager/banner/"
  },
  "id": 55
 },
 {
  "action": {
   "type": "block"
  },
  "condition": {
   "isUrlFilterCaseSensitive": false,
   "urlFilter": "||danketoan.com/banner/"
  },
  "id": 56
 },
 {
  "action": {
   "type": "block"
  },
  "condition": {
   "isUrlFilterCaseSensitive": false,
   "urlFilter": "||datcang.vn/images/khicon.jpg"
  },
  "id": 57
 },
 {
  "action": {
   "type": "block"
  },
  "condition": {
   "isUrlFilterCaseSensitive": false,
   "urlFilter": "||dinhnghia.vn^*.gif"
  },
  "id": 58
 },
 {
  "action": {
   "type": "block"
  },
  "condition": {
   "isUrlFilterCaseSensitive": false,
   "urlFilter": "||film365.in/theme/js/popup-bt.js"
  },
  "id": 59
 },
 {
  "action": {
   "type": "block"
  },
  "condition": {
   "isUrlFilterCaseSensitive": false,
   "urlFilter": "||forum.idichvuseo.com/images/quang-cao"
  },
  "id": 60
 },
 {
  "action": {
   "type": "block"
  },
  "condition": {
   "isUrlFilterCaseSensitive": false,
   "urlFilter": "||fshare.vn/lib/jwplayer/jwplayer.js"
  },
  "id": 61
 },
 {
  "action": {
   "type": "block"
  },
  "condition": {
   "isUrlFilterCaseSensitive": false,
   "urlFilter": "||game4v.com^*.gif"
  },
  "id": 62
 },
 {
  "action": {
   "type": "block"
  },
  "condition": {
   "isUrlFilterCaseSensitive": false,
   "urlFilter": "||gamenoob.net/wp-content/plugins/convertplug/modules/modal/assets/js/modal.min.js"
  },
  "id": 63
 },
 {
  "action": {
   "type": "block"
  },
  "condition": {
   "isUrlFilterCaseSensitive": false,
   "urlFilter": "||gamenoob.net/wp-content/plugins/simple-banner/simple-banner.js"
  },
  "id": 64
 },
 {
  "action": {
   "type": "block"
  },
  "condition": {
   "isUrlFilterCaseSensitive": false,
   "urlFilter": "||gamenoob.net^*.gif"
  },
  "id": 65
 },
 {
  "action": {
   "type": "block"
  },
  "condition": {
   "isUrlFilterCaseSensitive": false,
   "urlFilter": "||gameviet.mobi^*.gif"
  },
  "id": 66
 },
 {
  "action": {
   "type": "block"
  },
  "condition": {
   "isUrlFilterCaseSensitive": false,
   "urlFilter": "||gocphims.net^*.gif"
  },
  "id": 67
 },
 {
  "action": {
   "type": "block"
  },
  "condition": {
   "initiatorDomains": [
    "hhtqvietsub.top",
    "phimplay24h.com"
   ],
   "isUrlFilterCaseSensitive": false,
   "urlFilter": "||googleusercontent.com^*.gif"
  },
  "id": 68
 },
 {
  "action": {
   "type": "block"
  },
  "condition": {
   "isUrlFilterCaseSensitive": false,
   "urlFilter": "||heovktgame.club/wp-content/plugins^*.gif"
  },
  "id": 69
 },
 {
  "action": {
   "type": "block"
  },
  "condition": {
   "isUrlFilterCaseSensitive": false,
   "urlFilter": "||hhpanda.com/ads/ads_xx.js"
  },
  "id": 70
 },
 {
  "action": {
   "type": "block"
  },
  "condition": {
   "isUrlFilterCaseSensitive": false,
   "urlFilter": "||hoathinhtq.tv/js/vast.js"
  },
  "id": 71
 },
 {
  "action": {
   "type": "block"
  },
  "condition": {
   "isUrlFilterCaseSensitive": false,
   "urlFilter": "||hosocongty.vn/uploads/linksite/"
  },
  "id": 72
 },
 {
  "action": {
   "type": "block"
  },
  "condition": {
   "isUrlFilterCaseSensitive": false,
   "urlFilter": "||huphimtv.com/assets/themes/js/wonderfarm68.js"
  },
  "id": 73
 },
 {
  "action": {
   "type": "block"
  },
  "condition": {
   "isUrlFilterCaseSensitive": false,
   "urlFilter": "||i-vn.joboko.com/images/jqc/"
  },
  "id": 74
 },
 {
  "action": {
   "type": "block"
  },
  "condition": {
   "initiatorDomains": [
    "khiphach.info",
    "listnhacai1.com",
    "mmo4me.com"
   ],
   "isUrlFilterCaseSensitive": false,
   "urlFilter": "||i.ibb.co^*.gif"
  },
  "id": 75
 },
 {
  "action": {
   "type": "block"
  },
  "condition": {
   "isUrlFilterCaseSensitive": false,
   "urlFilter": "||i.imgur.com/81uid6d.jpg"
  },
  "id": 76
 },
 {
  "action": {
   "type": "block"
  },
  "condition": {
   "isUrlFilterCaseSensitive": false,
   "urlFilter": "||i.imgur.com/fbuh5aq.png"
  },
  "id": 77
 },
 {
  "action": {
   "type": "block"
  },
  "condition": {
   "isUrlFilterCaseSensitive": false,
   "urlFilter": "||i.imgur.com/q0a2mv2.png"
  },
  "id": 78
 },
 {
  "action": {
   "type": "block"
  },
  "condition": {
   "initiatorDomains": [
    "massagevua.net",
    "mythethao.net"
   ],
   "isUrlFilterCaseSensitive": false,
   "urlFilter": "||i0.wp.com/s1.uphinh.org/*.gif"
  },
  "id": 79
 },
 {
  "action": {
   "type": "block"
  },
  "condition": {
   "initiatorDomains": [
    "vietrao.com"
   ],
   "isUrlFilterCaseSensitive": false,
   "urlFilter": "||i0.wp.com^*.gif"
  },
  "id": 80
 },
 {
  "action": {
   "type": "block"
  },
  "condition": {
   "isUrlFilterCaseSensitive": false,
   "urlFilter": "||iamcdn.net/players/playera.dmins.js"
  },
  "id": 81
 },
 {
  "action": {
   "type": "block"
  },
  "condition": {
   "isUrlFilterCaseSensitive": false,
   "urlFilter": "||iamcdn.net/players/playhydraxs.min.js"
  },
  "id": 82
 },
 {
  "action": {
   "type": "block"
  },
  "condition": {
   "isUrlFilterCaseSensitive": false,
   "urlFilter": "||igg-games.com^*.gif"
  },
  "id": 83
 },
 {
  "action": {
   "type": "block"
  },
  "condition": {
   "isUrlFilterCaseSensitive": false,
   "urlFilter": "||image.24h.com.vn^*banner"
  },
  "id": 84
 },
 {
  "action": {
   "type": "block"
  },
  "condition": {
   "initiatorDomains": [
    "diaoconline.vn"
   ],
   "isUrlFilterCaseSensitive": false,
   "urlFilter": "||image.diaoconline.vn/banner-dool/"
  },
  "id": 85
 },
 {
  "action": {
   "type": "block"
  },
  "condition": {
   "isUrlFilterCaseSensitive": false,
   "urlFilter": "||image.thuvienvatly.com/home/images/banners/"
  },
  "id": 86
 },
 {
  "action": {
   "type": "block"
  },
  "condition": {
   "isUrlFilterCaseSensitive": false,
   "urlFilter": "||images.asianbookie.com/vwin/"
  },
  "id": 87
 },
 {
  "action": {
   "type": "block"
  },
  "condition": {
   "isUrlFilterCaseSensitive": false,
   "urlFilter": "||images.tuyensinh247.com^*banner-"
  },
  "id": 88
 },
 {
  "action": {
   "type": "block"
  },
  "condition": {
   "isUrlFilterCaseSensitive": false,
   "urlFilter": "||images.vov.vn/uploaded/qc/"
  },
  "id": 89
 },
 {
  "action": {
   "type": "block"
  },
  "condition": {
   "isUrlFilterCaseSensitive": false,
   "urlFilter": "||images1.violympic.vn/assets/images/*.gif"
  },
  "id": 90
 },
 {
  "action": {
   "type": "block"
  },
  "condition": {
   "isUrlFilterCaseSensitive": false,
   "urlFilter": "||img-portal-prod.s3.amazonaws.com/uploads/image/attachment/3380/homerandom2.gif"
  },
  "id": 91
 },
 {
  "action": {
   "type": "block"
  },
  "condition": {
   "isUrlFilterCaseSensitive": false,
   "urlFilter": "||img.dothi.net^*.gif"
  },
  "id": 92
 },
 {
  "action": {
   "type": "block"
  },
  "condition": {
   "isUrlFilterCaseSensitive": false,
   "urlFilter": "||img.dtruyen.com/login-ads-desktop.gif"
  },
  "id": 93
 },
 {
  "action": {
   "type": "block"
  },
  "condition": {
   "isUrlFilterCaseSensitive": false,
   "urlFilter": "||img.ketqua9.net^*.gif"
  },
  "id": 94
 },
 {
  "action": {
   "type": "block"
  },
  "condition": {
   "isUrlFilterCaseSensitive": false,
   "urlFilter": "||img1.oto.com.vn/2021/02/23/mer5fxhc/1140-140-px-1-a753.jpg"
  },
  "id": 95
 },
 {
  "action": {
   "type": "block"
  },
  "condition": {
   "isUrlFilterCaseSensitive": false,
   "urlFilter": "||inet.vn/images/banner"
  },
  "id": 96
 },
 {
  "action": {
   "type": "block"
  },
  "condition": {
   "isUrlFilterCaseSensitive": false,
   "urlFilter": "||infothethao.com/images/ckeditor/images/*.gif"
  },
  "id": 97
 },
 {
  "action": {
   "type": "block"
  },
  "condition": {
   "isUrlFilterCaseSensitive": false,
   "urlFilter": "||invert.vn/media/images/"
  },
  "id": 98
 },
 {
  "action": {
   "type": "block"
  },
  "condition": {
   "isUrlFilterCaseSensitive": false,
   "urlFilter": "||investo.vn^*.gif"
  },
  "id": 99
 },
 {
  "action": {
   "type": "block"
  },
  "condition": {
   "isUrlFilterCaseSensitive": false,
   "urlFilter": "||keeng.pro/qc*.png"
  },
  "id": 100
 },
 {
  "action": {
   "type": "block"
  },
  "condition": {
   "isUrlFilterCaseSensitive": false,
   "urlFilter": "||keeng.pro^*.gif"
  },
  "id": 101
 },
 {
  "action": {
   "type": "block"
  },
  "condition": {
   "isUrlFilterCaseSensitive": false,
   "urlFilter": "||kenhgamez.com^*.gif"
  },
  "id": 102
 },
 {
  "action": {
   "type": "block"
  },
  "condition": {
   "isUrlFilterCaseSensitive": false,
   "urlFilter": "||kenhtin.net/upload/images/banner-"
  },
  "id": 103
 },
 {
  "action": {
   "type": "block"
  },
  "condition": {
   "isUrlFilterCaseSensitive": false,
   "urlFilter": "||keoso.club^*.gif"
  },
  "id": 104
 },
 {
  "action": {
   "type": "block"
  },
  "condition": {
   "isUrlFilterCaseSensitive": false,
   "urlFilter": "||ketqua247vn.net/public/media/banner/"
  },
  "id": 105
 },
 {
  "action": {
   "type": "block"
  },
  "condition": {
   "isUrlFilterCaseSensitive": false,
   "urlFilter": "||khosinhvien.com/uploads/blocks/"
  },
  "id": 106
 },
 {
  "action": {
   "type": "block"
  },
  "condition": {
   "isUrlFilterCaseSensitive": false,
   "urlFilter": "||kienthuc.net.vn/*.ads"
  },
  "id": 107
 },
 {
  "action": {
   "type": "block"
  },
  "condition": {
   "isUrlFilterCaseSensitive": false,
   "urlFilter": "||kienthuc.net.vn/*banner.min.js"
  },
  "id": 108
 },
 {
  "action": {
   "type": "block"
  },
  "condition": {
   "isUrlFilterCaseSensitive": false,
   "urlFilter": "||kienthucforex.com/wp-content/uploads/2020/04/fot_banner.jpg"
  },
  "id": 109
 },
 {
  "action": {
   "type": "block"
  },
  "condition": {
   "isUrlFilterCaseSensitive": false,
   "urlFilter": "||kienviet.net/*banner"
  },
  "id": 110
 },
 {
  "action": {
   "type": "block"
  },
  "condition": {
   "isUrlFilterCaseSensitive": false,
   "urlFilter": "||kienviet.net^*.gif"
  },
  "id": 111
 },
 {
  "action": {
   "type": "block"
  },
  "condition": {
   "isUrlFilterCaseSensitive": false,
   "urlFilter": "||laodong.vn/*quangcaoonline"
  },
  "id": 112
 },
 {
  "action": {
   "type": "block"
  },
  "condition": {
   "isUrlFilterCaseSensitive": false,
   "urlFilter": "||laptrinhvb.net/uploads/phan_mem_lay_tin_tu_dong_bat_dong_san.png"
  },
  "id": 113
 },
 {
  "action": {
   "type": "block"
  },
  "condition": {
   "isUrlFilterCaseSensitive": false,
   "urlFilter": "||luatminhkhue.vn/common/adshowleft"
  },
  "id": 114
 },
 {
  "action": {
   "type": "block"
  },
  "condition": {
   "isUrlFilterCaseSensitive": false,
   "urlFilter": "||luatvietnam.vn*/uploaded/*.gif"
  },
  "id": 115
 },
 {
  "action": {
   "type": "block"
  },
  "condition": {
   "isUrlFilterCaseSensitive": false,
   "urlFilter": "||maclife.io/*banner"
  },
  "id": 116
 },
 {
  "action": {
   "type": "block"
  },
  "condition": {
   "isUrlFilterCaseSensitive": false,
   "urlFilter": "||maclife.io^*.gif"
  },
  "id": 117
 },
 {
  "action": {
   "type": "block"
  },
  "condition": {
   "isUrlFilterCaseSensitive": false,
   "urlFilter": "||mangaqq.com/qc-new/"
  },
  "id": 118
 },
 {
  "action": {
   "type": "block"
  },
  "condition": {
   "isUrlFilterCaseSensitive": false,
   "urlFilter": "||media.baotintuc.vn/upload/qkram3u3jmfsk084htqfeg/files/2021/03/nha-in-vidanitaxa.jpg"
  },
  "id": 119
 },
 {
  "action": {
   "type": "block"
  },
  "condition": {
   "initiatorDomains": [
    "8phimmoi.net",
    "bongda21h.net",
    "phimanimehd.net",
    "phimno3.xyz"
   ],
   "requestDomains": [
    "media.discordapp"
   ]
  },
  "id": 120
 },
 {
  "action": {
   "type": "block"
  },
  "condition": {
   "isUrlFilterCaseSensitive": false,
   "urlFilter": "||media3.scdn.vn^*/banners/"
  },
  "id": 121
 },
 {
  "action": {
   "type": "block"
  },
  "condition": {
   "isUrlFilterCaseSensitive": false,
   "urlFilter": "||mehoathinh2.com/xml/"
  },
  "id": 122
 },
 {
  "action": {
   "type": "block"
  },
  "condition": {
   "isUrlFilterCaseSensitive": false,
   "urlFilter": "||mephimtv.org^*.gif"
  },
  "id": 123
 },
 {
  "action": {
   "type": "block"
  },
  "condition": {
   "isUrlFilterCaseSensitive": false,
   "urlFilter": "||minhngoc.net^*.gif"
  },
  "id": 124
 },
 {
  "action": {
   "type": "block"
  },
  "condition": {
   "isUrlFilterCaseSensitive": false,
   "urlFilter": "||mocfun.net/uploads/banners/"
  },
  "id": 125
 },
 {
  "action": {
   "type": "block"
  },
  "condition": {
   "isUrlFilterCaseSensitive": false,
   "urlFilter": "||mphimmoi31.com/theme/js/wonderfarm68.js"
  },
  "id": 126
 },
 {
  "action": {
   "type": "block"
  },
  "condition": {
   "isUrlFilterCaseSensitive": false,
   "urlFilter": "||newsmd1fr.keeng.net/netnews/*banner"
  },
  "id": 127
 },
 {
  "action": {
   "type": "block"
  },
  "condition": {
   "isUrlFilterCaseSensitive": false,
   "urlFilter": "||ngaytho.me^*.gif"
  },
  "id": 128
 },
 {
  "action": {
   "type": "block"
  },
  "condition": {
   "isUrlFilterCaseSensitive": false,
   "urlFilter": "||nghenhinvietnam.vn/data/*.ads"
  },
  "id": 129
 },
 {
  "action": {
   "type": "block"
  },
  "condition": {
   "isUrlFilterCaseSensitive": false,
   "urlFilter": "||nhaccuatui.com/ajax/ads"
  },
  "id": 130
 },
 {
  "action": {
   "type": "block"
  },
  "condition": {
   "isUrlFilterCaseSensitive": false,
   "urlFilter": "||nhatrangclub.vn/files/"
  },
  "id": 131
 },
 {
  "action": {
   "type": "block"
  },
  "condition": {
   "isUrlFilterCaseSensitive": false,
   "urlFilter": "||nhipcaudautu.vn/media/*.gif"
  },
  "id": 132
 },
 {
  "action": {
   "type": "block"
  },
  "condition": {
   "isUrlFilterCaseSensitive": false,
   "urlFilter": "||nhipsonghomnay.vn^*.gif"
  },
  "id": 133
 },
 {
  "action": {
   "type": "block"
  },
  "condition": {
   "isUrlFilterCaseSensitive": false,
   "urlFilter": "||notepad.vn/media/images/like68.jpg"
  },
  "id": 134
 },
 {
  "action": {
   "type": "block"
  },
  "condition": {
   "isUrlFilterCaseSensitive": false,
   "urlFilter": "||phanmemcntt.com/wp-content/uploads/2021/09/direct-link.jpg"
  },
  "id": 135
 },
 {
  "action": {
   "type": "block"
  },
  "condition": {
   "isUrlFilterCaseSensitive": false,
   "urlFilter": "||phimbocn.com/player-embed/assets/js/tvc.js"
  },
  "id": 136
 },
 {
  "action": {
   "type": "block"
  },
  "condition": {
   "isUrlFilterCaseSensitive": false,
   "urlFilter": "||phimchat2.com^*.gif"
  },
  "id": 137
 },
 {
  "action": {
   "type": "block"
  },
  "condition": {
   "isUrlFilterCaseSensitive": false,
   "urlFilter": "||phimgihd.net/player/dk.jpg"
  },
  "id": 138
 },
 {
  "action": {
   "type": "block"
  },
  "condition": {
   "isUrlFilterCaseSensitive": false,
   "urlFilter": "||phimmoi4s.com^*.gif"
  },
  "id": 139
 },
 {
  "action": {
   "type": "block"
  },
  "condition": {
   "isUrlFilterCaseSensitive": false,
   "urlFilter": "||phimmoichill.cc^*gif"
  },
  "id": 140
 },
 {
  "action": {
   "type": "block"
  },
  "condition": {
   "isUrlFilterCaseSensitive": false,
   "urlFilter": "||phimmoiv2.com^*.gif"
  },
  "id": 141
 },
 {
  "action": {
   "type": "block"
  },
  "condition": {
   "isUrlFilterCaseSensitive": false,
   "urlFilter": "||phimnet.vip/uploads/bn.jpg"
  },
  "id": 142
 },
 {
  "action": {
   "type": "block"
  },
  "condition": {
   "isUrlFilterCaseSensitive": false,
   "urlFilter": "||phimnet.vip/uploads/bn1.jpg"
  },
  "id": 143
 },
 {
  "action": {
   "type": "block"
  },
  "condition": {
   "isUrlFilterCaseSensitive": false,
   "urlFilter": "||phimnet.vip^*.gif"
  },
  "id": 144
 },
 {
  "action": {
   "type": "block"
  },
  "condition": {
   "isUrlFilterCaseSensitive": false,
   "urlFilter": "||phimnhanh24h.com/i9bet/"
  },
  "id": 145
 },
 {
  "action": {
   "type": "block"
  },
  "condition": {
   "isUrlFilterCaseSensitive": false,
   "urlFilter": "||phimnhua.com^*.gif"
  },
  "id": 146
 },
 {
  "action": {
   "type": "block"
  },
  "condition": {
   "isUrlFilterCaseSensitive": false,
   "urlFilter": "||phimplay24h.com^*.gif"
  },
  "id": 147
 },
 {
  "action": {
   "type": "block"
  },
  "condition": {
   "isUrlFilterCaseSensitive": false,
   "urlFilter": "||phimtm.herokuapp.com^*.gif"
  },
  "id": 148
 },
 {
  "action": {
   "type": "block"
  },
  "condition": {
   "isUrlFilterCaseSensitive": false,
   "urlFilter": "||phimtn.com/wp-content/themes/halimmovies/qc^*.gif"
  },
  "id": 149
 },
 {
  "action": {
   "type": "block"
  },
  "condition": {
   "isUrlFilterCaseSensitive": false,
   "urlFilter": "||phimtn.com/wp-content/uploads/2021/03/c777ffc5faedaed3c08afc1f1e9da8dd.20.jpg"
  },
  "id": 150
 },
 {
  "action": {
   "type": "block"
  },
  "condition": {
   "isUrlFilterCaseSensitive": false,
   "urlFilter": "||phimtn.com/wp-content/uploads/2021/03/tai-xuong-8.jpg"
  },
  "id": 151
 },
 {
  "action": {
   "type": "block"
  },
  "condition": {
   "isUrlFilterCaseSensitive": false,
   "urlFilter": "||phimz.vip/player-embed/assets/js/tvc.js"
  },
  "id": 152
 },
 {
  "action": {
   "type": "block"
  },
  "condition": {
   "isUrlFilterCaseSensitive": false,
   "urlFilter": "||photo-cms-anninhthudo.zadn.vn/uploaded/2021/xtsmr/"
  },
  "id": 153
 },
 {
  "action": {
   "type": "block"
  },
  "condition": {
   "isUrlFilterCaseSensitive": false,
   "urlFilter": "||photo2.tinhte.vn/data/attachment-files/*banner"
  },
  "id": 154
 },
 {
  "action": {
   "type": "block"
  },
  "condition": {
   "initiatorDomains": [
    "90phut9.live",
    "90phuttvpro.net",
    "vebo3.org"
   ],
   "isUrlFilterCaseSensitive": false,
   "urlFilter": "||photo2.tinhte.vn^*.gif"
  },
  "id": 155
 },
 {
  "action": {
   "type": "block"
  },
  "condition": {
   "isUrlFilterCaseSensitive": false,
   "urlFilter": "||phunutoday.vn/images/banners/"
  },
  "id": 156
 },
 {
  "action": {
   "type": "block"
  },
  "condition": {
   "isUrlFilterCaseSensitive": false,
   "urlFilter": "||phuongtrinhhoahoc.com/images/banner/"
  },
  "id": 157
 },
 {
  "action": {
   "type": "block"
  },
  "condition": {
   "initiatorDomains": [
    "biphims.cc",
    "biphims.co",
    "phimmoiaz.cc",
    "tivi4k.com"
   ],
   "isUrlFilterCaseSensitive": false,
   "urlFilter": "||pic1025.com^*gif"
  },
  "id": 158
 },
 {
  "action": {
   "type": "block"
  },
  "condition": {
   "isUrlFilterCaseSensitive": false,
   "urlFilter": "||plo.vn/*.ads"
  },
  "id": 159
 },
 {
  "action": {
   "type": "block"
  },
  "condition": {
   "isUrlFilterCaseSensitive": false,
   "urlFilter": "||plo.vn/*/banner.min.js"
  },
  "id": 160
 },
 {
  "action": {
   "type": "block"
  },
  "condition": {
   "isUrlFilterCaseSensitive": false,
   "urlFilter": "||plus.edu.vn/js/jquery/openwindow.js"
  },
  "id": 161
 },
 {
  "action": {
   "type": "block"
  },
  "condition": {
   "isUrlFilterCaseSensitive": false,
   "urlFilter": "||raovat3s.com/clientscript/yui/yuiloader-dom-event/yuiloader-dom-event.js"
  },
  "id": 162
 },
 {
  "action": {
   "type": "block"
  },
  "condition": {
   "isUrlFilterCaseSensitive": false,
   "urlFilter": "||razorphimzz.com/wp-content/uploads/2021/03/tat-ads.jpg"
  },
  "id": 163
 },
 {
  "action": {
   "type": "block"
  },
  "condition": {
   "isUrlFilterCaseSensitive": false,
   "urlFilter": "||s.tainhaccho.vn/images/afl"
  },
  "id": 164
 },
 {
  "action": {
   "type": "block"
  },
  "condition": {
   "initiatorDomains": [
    "phimdinhcao.com",
    "phimdinhcao.net",
    "phimlongtieng.net"
   ],
   "requestDomains": [
    "s3.amazonaws.com"
   ]
  },
  "id": 165
 },
 {
  "action": {
   "type": "block"
  },
  "condition": {
   "isUrlFilterCaseSensitive": false,
   "urlFilter": "||senpay.vn/widget/"
  },
  "id": 166
 },
 {
  "action": {
   "type": "block"
  },
  "condition": {
   "isUrlFilterCaseSensitive": false,
   "urlFilter": "||sggp.org.vn/*.ads"
  },
  "id": 167
 },
 {
  "action": {
   "type": "block"
  },
  "condition": {
   "isUrlFilterCaseSensitive": false,
   "urlFilter": "||sggp.org.vn/*banner"
  },
  "id": 168
 },
 {
  "action": {
   "type": "block"
  },
  "condition": {
   "isUrlFilterCaseSensitive": false,
   "urlFilter": "||sharecode.vn/filesupload/su-kien/"
  },
  "id": 169
 },
 {
  "action": {
   "type": "block"
  },
  "condition": {
   "isUrlFilterCaseSensitive": false,
   "urlFilter": "||sharecode.vn/assets/images/thiet-ke-web-gia-re.jpg"
  },
  "id": 170
 },
 {
  "action": {
   "type": "block"
  },
  "condition": {
   "isUrlFilterCaseSensitive": false,
   "urlFilter": "||sharecode.vn/assets/images/thiet-ke-website.jpg"
  },
  "id": 171
 },
 {
  "action": {
   "type": "block"
  },
  "condition": {
   "isUrlFilterCaseSensitive": false,
   "urlFilter": "||slashrun.org^*.gif"
  },
  "id": 172
 },
 {
  "action": {
   "type": "block"
  },
  "condition": {
   "isUrlFilterCaseSensitive": false,
   "urlFilter": "||sohuutritue.net.vn/files/qc/"
  },
  "id": 173
 },
 {
  "action": {
   "type": "block"
  },
  "condition": {
   "isUrlFilterCaseSensitive": false,
   "urlFilter": "||soikeo365.net^*.gif"
  },
  "id": 174
 },
 {
  "action": {
   "type": "block"
  },
  "condition": {
   "isUrlFilterCaseSensitive": false,
   "urlFilter": "||soikeoz.net^*.gif"
  },
  "id": 175
 },
 {
  "action": {
   "type": "block"
  },
  "condition": {
   "isUrlFilterCaseSensitive": false,
   "urlFilter": "||sosanhnha.com/assets/banner/"
  },
  "id": 176
 },
 {
  "action": {
   "type": "block"
  },
  "condition": {
   "isUrlFilterCaseSensitive": false,
   "urlFilter": "||sponsor.imacdn.com/aff/"
  },
  "id": 177
 },
 {
  "action": {
   "type": "block"
  },
  "condition": {
   "isUrlFilterCaseSensitive": false,
   "urlFilter": "||stablehost.com/images/banner"
  },
  "id": 178
 },
 {
  "action": {
   "type": "block"
  },
  "condition": {
   "isUrlFilterCaseSensitive": false,
   "urlFilter": "||startalk.vn/images/ru-ban-them-vui-mb.jpg"
  },
  "id": 179
 },
 {
  "action": {
   "type": "block"
  },
  "condition": {
   "isUrlFilterCaseSensitive": false,
   "urlFilter": "||static-znews.zadn.vn/banner"
  },
  "id": 180
 },
 {
  "action": {
   "type": "block"
  },
  "condition": {
   "isUrlFilterCaseSensitive": false,
   "urlFilter": "||static.bongda24h.vn/medias/*.gif"
  },
  "id": 181
 },
 {
  "action": {
   "type": "block"
  },
  "condition": {
   "isUrlFilterCaseSensitive": false,
   "urlFilter": "||static.homedy.com/*banner-"
  },
  "id": 182
 },
 {
  "action": {
   "type": "block"
  },
  "condition": {
   "isUrlFilterCaseSensitive": false,
   "urlFilter": "||static.mepuzz.com/sdk/v2/mepuzzserviceworker.min.js"
  },
  "id": 183
 },
 {
  "action": {
   "type": "block"
  },
  "condition": {
   "isUrlFilterCaseSensitive": false,
   "urlFilter": "||static.nhaccuatui.com/imgqc/"
  },
  "id": 184
 },
 {
  "action": {
   "type": "block"
  },
  "condition": {
   "isUrlFilterCaseSensitive": false,
   "urlFilter": "||static.truyenchu.com.vn/banner/"
  },
  "id": 185
 },
 {
  "action": {
   "type": "block"
  },
  "condition": {
   "isUrlFilterCaseSensitive": false,
   "urlFilter": "||static.ybox.vn^*.gif"
  },
  "id": 186
 },
 {
  "action": {
   "type": "block"
  },
  "condition": {
   "isUrlFilterCaseSensitive": false,
   "urlFilter": "||stc-tv.zing.vn/skins/tv_v2/js/fadblock.min.js"
  },
  "id": 187
 },
 {
  "action": {
   "type": "block"
  },
  "condition": {
   "isUrlFilterCaseSensitive": false,
   "urlFilter": "||stc.nas.nixcdn.com^*.gif"
  },
  "id": 188
 },
 {
  "action": {
   "type": "block"
  },
  "condition": {
   "isUrlFilterCaseSensitive": false,
   "urlFilter": "||stockbiz.vn/adsbanners/"
  },
  "id": 189
 },
 {
  "action": {
   "type": "block"
  },
  "condition": {
   "isUrlFilterCaseSensitive": false,
   "urlFilter": "||subnhanh.vip/js/ads_xx.js"
  },
  "id": 190
 },
 {
  "action": {
   "type": "block"
  },
  "condition": {
   "isUrlFilterCaseSensitive": false,
   "urlFilter": "||subnhanhvl.pro/js/ads_xx.js"
  },
  "id": 191
 },
 {
  "action": {
   "type": "block"
  },
  "condition": {
   "isUrlFilterCaseSensitive": false,
   "urlFilter": "||tamlinh247.com.vn/link_anh/2023/400x300_03_02_23.jpg"
  },
  "id": 192
 },
 {
  "action": {
   "type": "block"
  },
  "condition": {
   "isUrlFilterCaseSensitive": false,
   "urlFilter": "||tamlinh247.com.vn/link_anh/400x300_15_1_2023.jpg"
  },
  "id": 193
 },
 {
  "action": {
   "type": "block"
  },
  "condition": {
   "isUrlFilterCaseSensitive": false,
   "urlFilter": "||tamnhindautu.com/partners/"
  },
  "id": 194
 },
 {
  "action": {
   "type": "block"
  },
  "condition": {
   "isUrlFilterCaseSensitive": false,
   "urlFilter": "||tapchikientruc.com.vn/wp-content/uploads/angwp/items"
  },
  "id": 195
 },
 {
  "action": {
   "type": "block"
  },
  "condition": {
   "isUrlFilterCaseSensitive": false,
   "urlFilter": "||tapchitaichinh.vn/*adv."
  },
  "id": 196
 },
 {
  "action": {
   "type": "block"
  },
  "condition": {
   "isUrlFilterCaseSensitive": false,
   "urlFilter": "||tenovi.net/demo/cdn-ad"
  },
  "id": 197
 },
 {
  "action": {
   "type": "block"
  },
  "condition": {
   "isUrlFilterCaseSensitive": false,
   "urlFilter": "||tepbac.com/upload/advertiment/"
  },
  "id": 198
 },
 {
  "action": {
   "type": "block"
  },
  "condition": {
   "isUrlFilterCaseSensitive": false,
   "urlFilter": "||thanhnien.vn^*.ads"
  },
  "id": 199
 },
 {
  "action": {
   "type": "block"
  },
  "condition": {
   "isUrlFilterCaseSensitive": false,
   "urlFilter": "||thesaigontimes.vn/doitacqc/"
  },
  "id": 200
 },
 {
  "action": {
   "type": "block"
  },
  "condition": {
   "isUrlFilterCaseSensitive": false,
   "urlFilter": "||thethao12h.me^*.gif"
  },
  "id": 201
 },
 {
  "action": {
   "type": "block"
  },
  "condition": {
   "isUrlFilterCaseSensitive": false,
   "urlFilter": "||thietkeweb9999.com/data/upload/banner"
  },
  "id": 202
 },
 {
  "action": {
   "type": "block"
  },
  "condition": {
   "isUrlFilterCaseSensitive": false,
   "urlFilter": "||thoigian.com.vn^*.gif"
  },
  "id": 203
 },
 {
  "action": {
   "type": "block"
  },
  "condition": {
   "isUrlFilterCaseSensitive": false,
   "urlFilter": "||thuocbietduoc.com.vn/adv/"
  },
  "id": 204
 },
 {
  "action": {
   "type": "block"
  },
  "condition": {
   "isUrlFilterCaseSensitive": false,
   "urlFilter": "||thuongtruong.com.vn/data/images/"
  },
  "id": 205
 },
 {
  "action": {
   "type": "block"
  },
  "condition": {
   "isUrlFilterCaseSensitive": false,
   "urlFilter": "||thuthuattienich.com/wp-content/uploads/*banner"
  },
  "id": 206
 },
 {
  "action": {
   "type": "block"
  },
  "condition": {
   "isUrlFilterCaseSensitive": false,
   "urlFilter": "||thuysanvietnam.com.vn^*.gif"
  },
  "id": 207
 },
 {
  "action": {
   "type": "block"
  },
  "condition": {
   "isUrlFilterCaseSensitive": false,
   "urlFilter": "||tieudung.vn/images/banners/"
  },
  "id": 208
 },
 {
  "action": {
   "type": "block"
  },
  "condition": {
   "isUrlFilterCaseSensitive": false,
   "urlFilter": "||tiin.vn/banner"
  },
  "id": 209
 },
 {
  "action": {
   "type": "block"
  },
  "condition": {
   "isUrlFilterCaseSensitive": false,
   "urlFilter": "||tinhayvip.com^*.gif"
  },
  "id": 210
 },
 {
  "action": {
   "type": "block"
  },
  "condition": {
   "isUrlFilterCaseSensitive": false,
   "urlFilter": "||tinmoi.vn/?mod=ajax&act=getads"
  },
  "id": 211
 },
 {
  "action": {
   "type": "block"
  },
  "condition": {
   "isUrlFilterCaseSensitive": false,
   "urlFilter": "||tinmoi.vn/ga.js"
  },
  "id": 212
 },
 {
  "action": {
   "type": "block"
  },
  "condition": {
   "isUrlFilterCaseSensitive": false,
   "urlFilter": "||toithuthuat.com^*.gif"
  },
  "id": 213
 },
 {
  "action": {
   "type": "block"
  },
  "condition": {
   "isUrlFilterCaseSensitive": false,
   "urlFilter": "||tr.topdevvn.com/js/follow.js"
  },
  "id": 214
 },
 {
  "action": {
   "type": "block"
  },
  "condition": {
   "isUrlFilterCaseSensitive": false,
   "urlFilter": "||traderviet.net/data/siropu/images/"
  },
  "id": 215
 },
 {
  "action": {
   "type": "block"
  },
  "condition": {
   "isUrlFilterCaseSensitive": false,
   "urlFilter": "||tructiep.vn/website/adv/"
  },
  "id": 216
 },
 {
  "action": {
   "type": "block"
  },
  "condition": {
   "isUrlFilterCaseSensitive": false,
   "urlFilter": "||tructiep24h.info^*.gif"
  },
  "id": 217
 },
 {
  "action": {
   "type": "block"
  },
  "condition": {
   "isUrlFilterCaseSensitive": false,
   "urlFilter": "||truyen2u.net/content/js/custom.js"
  },
  "id": 218
 },
 {
  "action": {
   "type": "block"
  },
  "condition": {
   "isUrlFilterCaseSensitive": false,
   "urlFilter": "||truyen2u.net/content/js/script.js"
  },
  "id": 219
 },
 {
  "action": {
   "type": "block"
  },
  "condition": {
   "isUrlFilterCaseSensitive": false,
   "urlFilter": "||truyenconect.com/uploads/*-truyenconect_com-*."
  },
  "id": 220
 },
 {
  "action": {
   "type": "block"
  },
  "condition": {
   "isUrlFilterCaseSensitive": false,
   "urlFilter": "||truyentranh8.net^*.gif"
  },
  "id": 221
 },
 {
  "action": {
   "type": "block"
  },
  "condition": {
   "isUrlFilterCaseSensitive": false,
   "urlFilter": "||truyentuan.com/wp-content/banners"
  },
  "id": 222
 },
 {
  "action": {
   "type": "block"
  },
  "condition": {
   "isUrlFilterCaseSensitive": false,
   "urlFilter": "||truyenvnmoi.net^*.gif"
  },
  "id": 223
 },
 {
  "action": {
   "type": "block"
  },
  "condition": {
   "isUrlFilterCaseSensitive": false,
   "urlFilter": "||truyenvua.com/qc-new/"
  },
  "id": 224
 },
 {
  "action": {
   "type": "block"
  },
  "condition": {
   "isUrlFilterCaseSensitive": false,
   "urlFilter": "||tudomuaban.com/public/upload/ad/"
  },
  "id": 225
 },
 {
  "action": {
   "type": "block"
  },
  "condition": {
   "isUrlFilterCaseSensitive": false,
   "urlFilter": "||tuhocanninhmang.com/images/banners/"
  },
  "id": 226
 },
 {
  "action": {
   "type": "block"
  },
  "condition": {
   "isUrlFilterCaseSensitive": false,
   "urlFilter": "||tuviso.com/public/media//banner/"
  },
  "id": 227
 },
 {
  "action": {
   "type": "block"
  },
  "condition": {
   "isUrlFilterCaseSensitive": false,
   "urlFilter": "||tvhaye.org^*.gif"
  },
  "id": 228
 },
 {
  "action": {
   "type": "block"
  },
  "condition": {
   "initiatorDomains": [
    "thichxemphim1.net"
   ],
   "isUrlFilterCaseSensitive": false,
   "urlFilter": "||txp-storage.sgp1.cdn.digitaloceanspaces.com^*.gif"
  },
  "id": 229
 },
 {
  "action": {
   "type": "block"
  },
  "condition": {
   "isUrlFilterCaseSensitive": false,
   "urlFilter": "||upload.bongda365.asia//banner/"
  },
  "id": 230
 },
 {
  "action": {
   "type": "block"
  },
  "condition": {
   "isUrlFilterCaseSensitive": false,
   "urlFilter": "||vebo-vast.pages.dev^*.gif"
  },
  "id": 231
 },
 {
  "action": {
   "type": "block"
  },
  "condition": {
   "isUrlFilterCaseSensitive": false,
   "urlFilter": "||vebo1.live^*.gif"
  },
  "id": 232
 },
 {
  "action": {
   "type": "block"
  },
  "condition": {
   "isUrlFilterCaseSensitive": false,
   "urlFilter": "||vietjack.com/git/images/2k2_new_2.jpg"
  },
  "id": 233
 },
 {
  "action": {
   "type": "block"
  },
  "condition": {
   "isUrlFilterCaseSensitive": false,
   "urlFilter": "||vietjack.com/git/images/banner_"
  },
  "id": 234
 },
 {
  "action": {
   "type": "block"
  },
  "condition": {
   "isUrlFilterCaseSensitive": false,
   "urlFilter": "||vietnamplus.vn/*raovat.aspx"
  },
  "id": 235
 },
 {
  "action": {
   "type": "block"
  },
  "condition": {
   "isUrlFilterCaseSensitive": false,
   "urlFilter": "||vietyo.com/yomedia/"
  },
  "id": 236
 },
 {
  "action": {
   "type": "block"
  },
  "condition": {
   "isUrlFilterCaseSensitive": false,
   "urlFilter": "||vinagamemobile.com/wp-content/uploads/2021/06/quang-cao-game-moi-banner*.jpg"
  },
  "id": 237
 },
 {
  "action": {
   "type": "block"
  },
  "condition": {
   "isUrlFilterCaseSensitive": false,
   "urlFilter": "||vinagamemobile.com/wp-content/uploads^*.gif"
  },
  "id": 238
 },
 {
  "action": {
   "type": "block"
  },
  "condition": {
   "isUrlFilterCaseSensitive": false,
   "urlFilter": "||vkool1.net/ads/"
  },
  "id": 239
 },
 {
  "action": {
   "type": "block"
  },
  "condition": {
   "isUrlFilterCaseSensitive": false,
   "urlFilter": "||vkoolss.net/images/ads/"
  },
  "id": 240
 },
 {
  "action": {
   "type": "block"
  },
  "condition": {
   "isUrlFilterCaseSensitive": false,
   "urlFilter": "||vkoolss.net/js/pov.js"
  },
  "id": 241
 },
 {
  "action": {
   "type": "block"
  },
  "condition": {
   "isUrlFilterCaseSensitive": false,
   "urlFilter": "||vn-z.vn/banner-"
  },
  "id": 242
 },
 {
  "action": {
   "type": "block"
  },
  "condition": {
   "isUrlFilterCaseSensitive": false,
   "urlFilter": "||vnmu.edu.vn^*.gif"
  },
  "id": 243
 },
 {
  "action": {
   "type": "block"
  },
  "condition": {
   "isUrlFilterCaseSensitive": false,
   "urlFilter": "||vov.vn/ads/show-ads^"
  },
  "id": 244
 },
 {
  "action": {
   "type": "block"
  },
  "condition": {
   "isUrlFilterCaseSensitive": false,
   "urlFilter": "||voz.vn/data/backgrounds/"
  },
  "id": 245
 },
 {
  "action": {
   "type": "block"
  },
  "condition": {
   "isUrlFilterCaseSensitive": false,
   "urlFilter": "||vsc360.us/wp-content/themes/vuasanco/assets/scripts/scripts.js"
  },
  "id": 246
 },
 {
  "action": {
   "type": "block"
  },
  "condition": {
   "isUrlFilterCaseSensitive": false,
   "urlFilter": "||vsc360.us^*.gif"
  },
  "id": 247
 },
 {
  "action": {
   "type": "block"
  },
  "condition": {
   "isUrlFilterCaseSensitive": false,
   "urlFilter": "||wpcdn.xyz^*.gif"
  },
  "id": 248
 },
 {
  "action": {
   "type": "block"
  },
  "condition": {
   "initiatorDomains": [
    "7mvn2.com"
   ],
   "isUrlFilterCaseSensitive": false,
   "urlFilter": "||xc.1357668.com^*.gif"
  },
  "id": 249
 },
 {
  "action": {
   "type": "block"
  },
  "condition": {
   "isUrlFilterCaseSensitive": false,
   "urlFilter": "||xehay.vn/public/html5/ads/"
  },
  "id": 250
 },
 {
  "action": {
   "type": "block"
  },
  "condition": {
   "isUrlFilterCaseSensitive": false,
   "urlFilter": "||xevathethao.vn/wp-content/uploads/banner"
  },
  "id": 251
 },
 {
  "action": {
   "type": "block"
  },
  "condition": {
   "isUrlFilterCaseSensitive": false,
   "urlFilter": "||xonxao.com/images/banners/"
  },
  "id": 252
 },
 {
  "action": {
   "type": "block"
  },
  "condition": {
   "isUrlFilterCaseSensitive": false,
   "urlFilter": "||xoso.com.vn^*.gif"
  },
  "id": 253
 },
 {
  "action": {
   "type": "block"
  },
  "condition": {
   "isUrlFilterCaseSensitive": false,
   "urlFilter": "||xoso.com/images/banners/"
  },
  "id": 254
 },
 {
  "action": {
   "type": "block"
  },
  "condition": {
   "isUrlFilterCaseSensitive": false,
   "urlFilter": "||xoso.mobi/images/*.gif"
  },
  "id": 255
 },
 {
  "action": {
   "type": "block"
  },
  "condition": {
   "isUrlFilterCaseSensitive": false,
   "urlFilter": "||xoso888.bet^*.gif"
  },
  "id": 256
 },
 {
  "action": {
   "type": "block"
  },
  "condition": {
   "isUrlFilterCaseSensitive": false,
   "urlFilter": "||xsmn247.me/images/*.gif"
  },
  "id": 257
 },
 {
  "action": {
   "type": "block"
  },
  "condition": {
   "isUrlFilterCaseSensitive": false,
   "urlFilter": "||yeah1.com/native-ads/"
  },
  "id": 258
 },
 {
  "action": {
   "type": "block"
  },
  "condition": {
   "isUrlFilterCaseSensitive": false,
   "urlFilter": "||yhocdata.com/wp-content/plugins/dh-anti-adblocker/"
  },
  "id": 259
 },
 {
  "action": {
   "type": "block"
  },
  "condition": {
   "initiatorDomains": [
    "abysscdn.com",
    "freeplayervideo.com",
    "player-cdn.com"
   ],
   "requestDomains": [
    "tracker.idocdn.com"
   ]
  },
  "id": 260
 },
 {
  "action": {
   "type": "block"
  },
  "condition": {
   "isUrlFilterCaseSensitive": false,
   "urlFilter": "/player/vast.js"
  },
  "id": 261
 },
 {
  "action": {
   "type": "block"
  },
  "condition": {
   "isUrlFilterCaseSensitive": false,
   "urlFilter": "||mmliveapp.club/wp-content/uploads/2021/08/show-adsmmlive.png"
  },
  "id": 262
 },
 {
  "action": {
   "type": "block"
  },
  "condition": {
   "isUrlFilterCaseSensitive": false,
   "urlFilter": "||phym18.xyz/static/js/adlia.js"
  },
  "id": 263
 },
 {
  "action": {
   "type": "block"
  },
  "condition": {
   "isUrlFilterCaseSensitive": false,
   "urlFilter": "||tinwin.club/wp-content/uploads/2021/05/unnamed.jpg"
  },
  "id": 264
 },
 {
  "action": {
   "type": "block"
  },
  "condition": {
   "isUrlFilterCaseSensitive": false,
   "urlFilter": "||truyensextv.com/anh/"
  },
  "id": 265
 },
 {
  "action": {
   "type": "block"
  },
  "condition": {
   "requestDomains": [
    "ads-cdn.fptplay.net",
    "adtima-static.zascdn.me",
    "adtimaserver.vn",
    "aj1047.online",
    "aj1559.online",
    "aj2393.online",
    "amcdn.vn",
    "api.adfly.vn",
    "apinas.nct.vn",
    "asg.phukienthoitranggiare.com",
    "bidgear-syndication.com",
    "cbey.io",
    "cdn.aanetwork.vn",
    "cdnv.tpmedia.online",
    "click.advertnative.com",
    "contineljs.com",
    "delivery.adsterra.org",
    "fpgedsewst.com",
    "genmonet.com",
    "grubsnuchale.com",
    "hizopforkajf.com",
    "hoosgowhandbow.com",
    "iads.staticscdn.net",
    "imad24.com",
    "lenthyblent.com",
    "link.cado.pro",
    "livianuprein.com",
    "mairbeets.com",
    "moldingruching.com",
    "n7e4t5trg0u3yegn8szj9c8xjz5wf8szcj2a5h9dzxjs50salczs8azls0zm.com",
    "player.gliacloud.com",
    "pub.lavamedia.vn",
    "qc.violet.vn",
    "qcv5.blogtruyen.vn",
    "relandsnouts.com",
    "sbbanner.com",
    "skiddyteapots.com",
    "static.adconnect.vn",
    "static.philacct.com",
    "tags.native-ad.net",
    "teleostrodmen.com",
    "throngsarseno.com",
    "thulrlidos.com",
    "tracking.shoppingtv.vn",
    "tutsterblanche.com",
    "ugripaid.com",
    "v9banners.com",
    "vilinswell.com",
    "xc.7msport.com",
    "xenosmussal.com",
    "yoads.network"
   ]
  },
  "id": 266
 },
 {
  "action": {
   "type": "block"
  },
  "condition": {
   "initiatorDomains": [
    "bongdaso12.com",
    "bongdaso12.net",
    "bongdaso66.net"
   ],
   "isUrlFilterCaseSensitive": false,
   "resourceTypes": [
    "image"
   ],
   "urlFilter": "/adv/"
  },
  "id": 267
 },
 {
  "action": {
   "type": "block"
  },
  "condition": {
   "initiatorDomains": [
    "90phut-tv.tv",
    "bongda-info.com",
    "cakhia35.net",
    "keonhacai.de",
    "mi-tom.com",
    "plvb.xyz",
    "tvzinghd.com",
    "vebo1.live",
    "xoilac78.tv"
   ],
   "isUrlFilterCaseSensitive": false,
   "resourceTypes": [
    "image"
   ],
   "urlFilter": "/i.imgur.com/*.gif"
  },
  "id": 268
 },
 {
  "action": {
   "type": "block"
  },
  "condition": {
   "initiatorDomains": [
    "mehoathinh2.com",
    "mephimnhat2.com",
    "phimmoi2.com",
    "phimnhanh2.com",
    "vuighe1.com"
   ],
   "isUrlFilterCaseSensitive": false,
   "resourceTypes": [
    "image",
    "xmlhttprequest"
   ],
   "urlFilter": "/mmo/"
  },
  "id": 269
 },
 {
  "action": {
   "type": "block"
  },
  "condition": {
   "isUrlFilterCaseSensitive": false,
   "resourceTypes": [
    "image"
   ],
   "urlFilter": "/newchill/*gif"
  },
  "id": 270
 },
 {
  "action": {
   "type": "block"
  },
  "condition": {
   "initiatorDomains": [
    "xoilac78.tv"
   ],
   "isUrlFilterCaseSensitive": false,
   "resourceTypes": [
    "image"
   ],
   "urlFilter": "/scdn.bongdadem.net/*.gif"
  },
  "id": 271
 },
 {
  "action": {
   "type": "block"
  },
  "condition": {
   "isUrlFilterCaseSensitive": false,
   "resourceTypes": [
    "image"
   ],
   "urlFilter": "||babydeal.com.vn/image/catalog/banners"
  },
  "id": 273
 },
 {
  "action": {
   "type": "block"
  },
  "condition": {
   "isUrlFilterCaseSensitive": false,
   "resourceTypes": [
    "image"
   ],
   "urlFilter": "||baonga.com/*quang_cao"
  },
  "id": 274
 },
 {
  "action": {
   "type": "block"
  },
  "condition": {
   "isUrlFilterCaseSensitive": false,
   "resourceTypes": [
    "image"
   ],
   "urlFilter": "||blog.abit.vn/wp-content/uploads/2020/05/abit_"
  },
  "id": 275
 },
 {
  "action": {
   "type": "block"
  },
  "condition": {
   "isUrlFilterCaseSensitive": false,
   "resourceTypes": [
    "image"
   ],
   "urlFilter": "||blogtruyen.vn^*.gif"
  },
  "id": 276
 },
 {
  "action": {
   "type": "block"
  },
  "condition": {
   "initiatorDomains": [
    "timdaily.vn",
    "tivi4k.com"
   ],
   "requestDomains": [
    "bp.blogspot.com"
   ],
   "resourceTypes": [
    "image"
   ]
  },
  "id": 277
 },
 {
  "action": {
   "type": "block"
  },
  "condition": {
   "excludedInitiatorDomains": [
    "aowvn.org",
    "umu.pink"
   ],
   "isUrlFilterCaseSensitive": false,
   "resourceTypes": [
    "image"
   ],
   "urlFilter": "||bp.blogspot.com/*banner"
  },
  "id": 278
 },
 {
  "action": {
   "type": "block"
  },
  "condition": {
   "initiatorDomains": [
    "khoedep.vn"
   ],
   "requestDomains": [
    "cdn.thehinh.com"
   ],
   "resourceTypes": [
    "image"
   ]
  },
  "id": 279
 },
 {
  "action": {
   "type": "block"
  },
  "condition": {
   "initiatorDomains": [
    "hhpanda.com"
   ],
   "isUrlFilterCaseSensitive": false,
   "resourceTypes": [
    "image"
   ],
   "urlFilter": "||cdn2-img.net^*.gif"
  },
  "id": 280
 },
 {
  "action": {
   "type": "block"
  },
  "condition": {
   "isUrlFilterCaseSensitive": false,
   "resourceTypes": [
    "image"
   ],
   "urlFilter": "||cdnwp.icu^*.gif"
  },
  "id": 281
 },
 {
  "action": {
   "type": "block"
  },
  "condition": {
   "initiatorDomains": [
    "phimz.vip"
   ],
   "isUrlFilterCaseSensitive": false,
   "resourceTypes": [
    "image"
   ],
   "urlFilter": "||cms.dmpcdn.com^*gif"
  },
  "id": 282
 },
 {
  "action": {
   "type": "block"
  },
  "condition": {
   "isUrlFilterCaseSensitive": false,
   "resourceTypes": [
    "image"
   ],
   "urlFilter": "||dongphimtv.top^*.gif"
  },
  "id": 283
 },
 {
  "action": {
   "type": "block"
  },
  "condition": {
   "isUrlFilterCaseSensitive": false,
   "resourceTypes": [
    "image"
   ],
   "urlFilter": "||ducvietonline.de/*banner"
  },
  "id": 284
 },
 {
  "action": {
   "type": "block"
  },
  "condition": {
   "isUrlFilterCaseSensitive": false,
   "resourceTypes": [
    "image"
   ],
   "urlFilter": "||file1.dangcongsan.vn^*.gif"
  },
  "id": 285
 },
 {
  "action": {
   "type": "block"
  },
  "condition": {
   "isUrlFilterCaseSensitive": false,
   "resourceTypes": [
    "image"
   ],
   "urlFilter": "||gamedoithuong.org^*.gif"
  },
  "id": 286
 },
 {
  "action": {
   "type": "block"
  },
  "condition": {
   "isUrlFilterCaseSensitive": false,
   "resourceTypes": [
    "image"
   ],
   "urlFilter": "||hh3dhay.com/wp-content/uploads/*.gif"
  },
  "id": 287
 },
 {
  "action": {
   "type": "block"
  },
  "condition": {
   "isUrlFilterCaseSensitive": false,
   "resourceTypes": [
    "image"
   ],
   "urlFilter": "||hhtqvietsub.top/_nuxt/img/*gif"
  },
  "id": 288
 },
 {
  "action": {
   "type": "block"
  },
  "condition": {
   "initiatorDomains": [
    "diendanmaychu.vn"
   ],
   "requestDomains": [
    "hinhso.com"
   ],
   "resourceTypes": [
    "image"
   ]
  },
  "id": 289
 },
 {
  "action": {
   "type": "block"
  },
  "condition": {
   "isUrlFilterCaseSensitive": false,
   "resourceTypes": [
    "image"
   ],
   "urlFilter": "||hoc247.net/banners/"
  },
  "id": 290
 },
 {
  "action": {
   "type": "block"
  },
  "condition": {
   "initiatorDomains": [
    "bongda-info.com"
   ],
   "isUrlFilterCaseSensitive": false,
   "resourceTypes": [
    "image"
   ],
   "urlFilter": "||i-imgur-com.cdn.ampproject.org^*.gif"
  },
  "id": 291
 },
 {
  "action": {
   "type": "block"
  },
  "condition": {
   "isUrlFilterCaseSensitive": false,
   "resourceTypes": [
    "image"
   ],
   "urlFilter": "||i.blogtruyen.com/file/"
  },
  "id": 292
 },
 {
  "action": {
   "type": "block"
  },
  "condition": {
   "initiatorDomains": [
    "animet.net",
    "animeweb.vip",
    "banbuondalat.com",
    "diendanit.net",
    "hhtq.net",
    "hoathinhtq.tv",
    "khoedep.vn",
    "motphimmoiz.net",
    "nhacdj.vn",
    "phim18hd.biz",
    "phim18vn.biz",
    "phimdinhcao.com",
    "phimdinhcao.net",
    "phimlongtieng.net",
    "phimviethan.com",
    "phym18.xyz",
    "truyenfull.vn",
    "xemphimvuis.com"
   ],
   "requestDomains": [
    "i.imgur.com"
   ],
   "resourceTypes": [
    "image"
   ]
  },
  "id": 293
 },
 {
  "action": {
   "type": "block"
  },
  "condition": {
   "initiatorDomains": [
    "247phim.cc",
    "90phut-tv.tv",
    "90phut9.live",
    "90phuttvpro.net",
    "anime3s.com",
    "animevietsub.moe",
    "banhkhuc6.com",
    "bichill.vip",
    "biphim.in",
    "biphims.cc",
    "biphimtv.vip",
    "bongcam.tv",
    "bongdahomnay.org",
    "caheo7.tv",
    "cakhia18.com",
    "cakhia22.live",
    "cakhia27.tv",
    "dailyphimz.com",
    "film365.in",
    "fimfast2.com",
    "forum.gocmod.com",
    "ghienphim6.net",
    "haychill.site",
    "hayghe.pro",
    "hdphimhay.xyz",
    "hhpanda.com",
    "hhtq.vip",
    "huphimtv.com",
    "ketqua9.net",
    "listnhacai1.com",
    "livefb.xyz",
    "mannhan2.live",
    "megalink.vip",
    "mephimgi.net",
    "mephimnhe.net",
    "mi-tom.com",
    "motchillz.org",
    "motphimle.vip",
    "mphim14.com",
    "mphimmoi31.com",
    "mythethao.net",
    "ophimhdvn.net",
    "phim.city",
    "phim18zz.com",
    "phimgihd.net",
    "phimhot365.vip",
    "phimmoiaz.cc",
    "phimmoipro.net",
    "phimmoivn.pro",
    "phimmoiyyy.net",
    "phimnet.vip",
    "phimtn.com",
    "phimvietsub.co",
    "player.4shares.live",
    "rakhoi12.tv",
    "rakhoi7.com",
    "sphimz.com",
    "subnhanh.vip",
    "subnhanhvl.pro",
    "tivi4k.com",
    "topphimmoi.biz",
    "tructiepnba.com",
    "tvhais.top",
    "tvhay2.com",
    "vebo3.org",
    "vietphims.tv",
    "vkool1.net",
    "vtipster.net",
    "vungtv.us",
    "xamvn.vc",
    "xembongda360.com",
    "xemphimchill.net",
    "xemphimviet1.net",
    "xemtivingon.org",
    "xoilac12.org"
   ],
   "isUrlFilterCaseSensitive": false,
   "resourceTypes": [
    "image"
   ],
   "urlFilter": "||i.imgur.com^*.gif"
  },
  "id": 294
 },
 {
  "action": {
   "type": "block"
  },
  "condition": {
   "initiatorDomains": [
    "4rkinggame.com"
   ],
   "isUrlFilterCaseSensitive": false,
   "resourceTypes": [
    "image"
   ],
   "urlFilter": "||i.servimg.com/u/f22/15/86/65/76/banner"
  },
  "id": 295
 },
 {
  "action": {
   "type": "block"
  },
  "condition": {
   "initiatorDomains": [
    "anivn.club",
    "chillhay.in",
    "phimdinhcao.com",
    "phimdinhcao.net",
    "phimlongtieng.net"
   ],
   "isUrlFilterCaseSensitive": false,
   "resourceTypes": [
    "image"
   ],
   "urlFilter": "||images2-focus-opensocial.googleusercontent.com^*.gif"
  },
  "id": 296
 },
 {
  "action": {
   "type": "block"
  },
  "condition": {
   "initiatorDomains": [
    "ocumoe.com"
   ],
   "isUrlFilterCaseSensitive": false,
   "resourceTypes": [
    "image"
   ],
   "urlFilter": "||images2.imgbox.com^*.gif"
  },
  "id": 297
 },
 {
  "action": {
   "type": "block"
  },
  "condition": {
   "isUrlFilterCaseSensitive": false,
   "resourceTypes": [
    "image"
   ],
   "urlFilter": "||img.blogtruyen.vn/sharex/"
  },
  "id": 298
 },
 {
  "action": {
   "type": "block"
  },
  "condition": {
   "isUrlFilterCaseSensitive": false,
   "resourceTypes": [
    "image"
   ],
   "urlFilter": "||img.mmo4me.com/image.php?di=ll1v"
  },
  "id": 299
 },
 {
  "action": {
   "type": "block"
  },
  "condition": {
   "isUrlFilterCaseSensitive": false,
   "resourceTypes": [
    "image"
   ],
   "urlFilter": "||img.mmo4me.com/image.php?di=valt"
  },
  "id": 300
 },
 {
  "action": {
   "type": "block"
  },
  "condition": {
   "isUrlFilterCaseSensitive": false,
   "resourceTypes": [
    "image"
   ],
   "urlFilter": "||img.mmo4me.com/image.php?di=z9an"
  },
  "id": 301
 },
 {
  "action": {
   "type": "block"
  },
  "condition": {
   "isUrlFilterCaseSensitive": false,
   "resourceTypes": [
    "image"
   ],
   "urlFilter": "||img.vietcetera.com^*banner"
  },
  "id": 302
 },
 {
  "action": {
   "type": "block"
  },
  "condition": {
   "initiatorDomains": [
    "mphim14.com"
   ],
   "isUrlFilterCaseSensitive": false,
   "resourceTypes": [
    "image"
   ],
   "urlFilter": "||imgyn.imageshh.com^*.gif"
  },
  "id": 303
 },
 {
  "action": {
   "type": "block"
  },
  "condition": {
   "isUrlFilterCaseSensitive": false,
   "resourceTypes": [
    "image"
   ],
   "urlFilter": "||khoaiphim.com/image/qc/"
  },
  "id": 304
 },
 {
  "action": {
   "type": "block"
  },
  "condition": {
   "isUrlFilterCaseSensitive": false,
   "resourceTypes": [
    "image"
   ],
   "urlFilter": "||kimquy.com/image/mekong_home.png"
  },
  "id": 305
 },
 {
  "action": {
   "type": "block"
  },
  "condition": {
   "isUrlFilterCaseSensitive": false,
   "resourceTypes": [
    "image"
   ],
   "urlFilter": "||laptrinhvb.net/uploads/banner.gif"
  },
  "id": 306
 },
 {
  "action": {
   "type": "block"
  },
  "condition": {
   "initiatorDomains": [
    "animevietsub.moe",
    "hhninja1.tv"
   ],
   "isUrlFilterCaseSensitive": false,
   "resourceTypes": [
    "image"
   ],
   "urlFilter": "||lh3.googleusercontent.com/*=s0"
  },
  "id": 307
 },
 {
  "action": {
   "type": "block"
  },
  "condition": {
   "isUrlFilterCaseSensitive": false,
   "resourceTypes": [
    "image"
   ],
   "urlFilter": "||listnhacai1.com^*.gif"
  },
  "id": 308
 },
 {
  "action": {
   "type": "block"
  },
  "condition": {
   "initiatorDomains": [
    "timdaily.vn"
   ],
   "requestDomains": [
    "live.staticflickr.com"
   ],
   "resourceTypes": [
    "image"
   ]
  },
  "id": 309
 },
 {
  "action": {
   "type": "block"
  },
  "condition": {
   "isUrlFilterCaseSensitive": false,
   "resourceTypes": [
    "image"
   ],
   "urlFilter": "||lmssplus.com/static_image/ads-provider/"
  },
  "id": 310
 },
 {
  "action": {
   "type": "block"
  },
  "condition": {
   "isUrlFilterCaseSensitive": false,
   "resourceTypes": [
    "image"
   ],
   "urlFilter": "||maclife.io/wp-content/uploads/2022/12/maclife_161222.png"
  },
  "id": 311
 },
 {
  "action": {
   "type": "block"
  },
  "condition": {
   "isUrlFilterCaseSensitive": false,
   "resourceTypes": [
    "image"
   ],
   "urlFilter": "||maclife.io/wp-content/uploads/2023/03/mt_maclife.png"
  },
  "id": 312
 },
 {
  "action": {
   "type": "block"
  },
  "condition": {
   "isUrlFilterCaseSensitive": false,
   "resourceTypes": [
    "image"
   ],
   "urlFilter": "||media.baodansinh.vn/files/qc/"
  },
  "id": 313
 },
 {
  "action": {
   "type": "block"
  },
  "condition": {
   "isUrlFilterCaseSensitive": false,
   "resourceTypes": [
    "image"
   ],
   "urlFilter": "||media.giadinhvaphapluat.vn/images/*banner"
  },
  "id": 314
 },
 {
  "action": {
   "type": "block"
  },
  "condition": {
   "initiatorDomains": [
    "animevietsub.moe",
    "ophimhdvn.net",
    "phimgihd.net"
   ],
   "isUrlFilterCaseSensitive": false,
   "resourceTypes": [
    "image"
   ],
   "urlFilter": "||media.giphy.com/media/"
  },
  "id": 315
 },
 {
  "action": {
   "type": "block"
  },
  "condition": {
   "isUrlFilterCaseSensitive": false,
   "resourceTypes": [
    "image"
   ],
   "urlFilter": "||media.vodcdn.xyz^*.gif"
  },
  "id": 316
 },
 {
  "action": {
   "type": "block"
  },
  "condition": {
   "isUrlFilterCaseSensitive": false,
   "resourceTypes": [
    "image"
   ],
   "urlFilter": "||mephimtv.org/wp-banner"
  },
  "id": 317
 },
 {
  "action": {
   "type": "block"
  },
  "condition": {
   "isUrlFilterCaseSensitive": false,
   "resourceTypes": [
    "image"
   ],
   "urlFilter": "||nguontv1.com^*.gif"
  },
  "id": 318
 },
 {
  "action": {
   "type": "block"
  },
  "condition": {
   "isUrlFilterCaseSensitive": false,
   "resourceTypes": [
    "image"
   ],
   "urlFilter": "||nhandan.vn/cdn/vn/images/banners/"
  },
  "id": 319
 },
 {
  "action": {
   "type": "block"
  },
  "condition": {
   "isUrlFilterCaseSensitive": false,
   "resourceTypes": [
    "image"
   ],
   "urlFilter": "||nhipcaudautu.vn/content/*qc-"
  },
  "id": 320
 },
 {
  "action": {
   "type": "block"
  },
  "condition": {
   "isUrlFilterCaseSensitive": false,
   "resourceTypes": [
    "image"
   ],
   "urlFilter": "||onecms.vn/*banner"
  },
  "id": 321
 },
 {
  "action": {
   "type": "block"
  },
  "condition": {
   "isUrlFilterCaseSensitive": false,
   "resourceTypes": [
    "image"
   ],
   "urlFilter": "||p.thoctv.com^*.gif"
  },
  "id": 322
 },
 {
  "action": {
   "type": "block"
  },
  "condition": {
   "isUrlFilterCaseSensitive": false,
   "resourceTypes": [
    "image"
   ],
   "urlFilter": "||phimmoi4s.com/files/banner/"
  },
  "id": 323
 },
 {
  "action": {
   "type": "block"
  },
  "condition": {
   "isUrlFilterCaseSensitive": false,
   "resourceTypes": [
    "image"
   ],
   "urlFilter": "||phimyeuthich.com/ad-data/"
  },
  "id": 324
 },
 {
  "action": {
   "type": "block"
  },
  "condition": {
   "isUrlFilterCaseSensitive": false,
   "resourceTypes": [
    "image"
   ],
   "urlFilter": "||photoshoponlinemienphi.com/wp-content/uploads/2022/05/banner-01.jpg"
  },
  "id": 325
 },
 {
  "action": {
   "type": "block"
  },
  "condition": {
   "isUrlFilterCaseSensitive": false,
   "resourceTypes": [
    "image"
   ],
   "urlFilter": "||quaivatdienanh.com/*banner"
  },
  "id": 326
 },
 {
  "action": {
   "type": "block"
  },
  "condition": {
   "isUrlFilterCaseSensitive": false,
   "resourceTypes": [
    "image"
   ],
   "urlFilter": "||razorphimzz.com^*.gif"
  },
  "id": 327
 },
 {
  "action": {
   "type": "block"
  },
  "condition": {
   "isUrlFilterCaseSensitive": false,
   "resourceTypes": [
    "image"
   ],
   "urlFilter": "||realty.vn/filemanager/banner/"
  },
  "id": 328
 },
 {
  "action": {
   "type": "block"
  },
  "condition": {
   "isUrlFilterCaseSensitive": false,
   "resourceTypes": [
    "image"
   ],
   "urlFilter": "||reatimes.vn/*banner"
  },
  "id": 329
 },
 {
  "action": {
   "type": "block"
  },
  "condition": {
   "isUrlFilterCaseSensitive": false,
   "resourceTypes": [
    "image"
   ],
   "urlFilter": "||reatimes.vn/ads/"
  },
  "id": 330
 },
 {
  "action": {
   "type": "block"
  },
  "condition": {
   "isUrlFilterCaseSensitive": false,
   "resourceTypes": [
    "image"
   ],
   "urlFilter": "||saytruyenhay.com/storage/images/banner/"
  },
  "id": 331
 },
 {
  "action": {
   "type": "block"
  },
  "condition": {
   "isUrlFilterCaseSensitive": false,
   "resourceTypes": [
    "image"
   ],
   "urlFilter": "||st.nettruyenmax.com^*.gif"
  },
  "id": 332
 },
 {
  "action": {
   "type": "block"
  },
  "condition": {
   "isUrlFilterCaseSensitive": false,
   "resourceTypes": [
    "image"
   ],
   "urlFilter": "||st.nhattruyenup.com^*.gif"
  },
  "id": 333
 },
 {
  "action": {
   "type": "block"
  },
  "condition": {
   "initiatorDomains": [
    "metruyencv.com"
   ],
   "isUrlFilterCaseSensitive": false,
   "resourceTypes": [
    "image"
   ],
   "urlFilter": "||static.cdnno.com/storage/lazada/"
  },
  "id": 334
 },
 {
  "action": {
   "type": "block"
  },
  "condition": {
   "isUrlFilterCaseSensitive": false,
   "resourceTypes": [
    "image"
   ],
   "urlFilter": "||static.cdnstoremedia.com/cmsads/"
  },
  "id": 335
 },
 {
  "action": {
   "type": "block"
  },
  "condition": {
   "isUrlFilterCaseSensitive": false,
   "resourceTypes": [
    "image"
   ],
   "urlFilter": "||static.playpdc.xyz/exstatic"
  },
  "id": 336
 },
 {
  "action": {
   "type": "block"
  },
  "condition": {
   "isUrlFilterCaseSensitive": false,
   "resourceTypes": [
    "image"
   ],
   "urlFilter": "||static.playpdc.xyz^*.gif"
  },
  "id": 337
 },
 {
  "action": {
   "type": "block"
  },
  "condition": {
   "isUrlFilterCaseSensitive": false,
   "resourceTypes": [
    "image"
   ],
   "urlFilter": "||statics.voz.tech/data/94bf/16229c4da035c9.jpg"
  },
  "id": 338
 },
 {
  "action": {
   "type": "block"
  },
  "condition": {
   "isUrlFilterCaseSensitive": false,
   "resourceTypes": [
    "image"
   ],
   "urlFilter": "||suckhoelamdep.vn^*.gif"
  },
  "id": 339
 },
 {
  "action": {
   "type": "block"
  },
  "condition": {
   "isUrlFilterCaseSensitive": false,
   "resourceTypes": [
    "image"
   ],
   "urlFilter": "||thanglongkydao.com/images*px.gif"
  },
  "id": 340
 },
 {
  "action": {
   "type": "block"
  },
  "condition": {
   "isUrlFilterCaseSensitive": false,
   "resourceTypes": [
    "image"
   ],
   "urlFilter": "||thanglongkydao.com/images/logo_banner/"
  },
  "id": 341
 },
 {
  "action": {
   "type": "block"
  },
  "condition": {
   "isUrlFilterCaseSensitive": false,
   "resourceTypes": [
    "image"
   ],
   "urlFilter": "||thanhtra.com.vn/data/images/*host"
  },
  "id": 342
 },
 {
  "action": {
   "type": "block"
  },
  "condition": {
   "isUrlFilterCaseSensitive": false,
   "resourceTypes": [
    "image"
   ],
   "urlFilter": "||thoigian.com.vn/mfiles/n/06/"
  },
  "id": 343
 },
 {
  "action": {
   "type": "block"
  },
  "condition": {
   "isUrlFilterCaseSensitive": false,
   "resourceTypes": [
    "image"
   ],
   "urlFilter": "||tiendientu.org/wp-content/uploads/2021/05/binance"
  },
  "id": 344
 },
 {
  "action": {
   "type": "block"
  },
  "condition": {
   "isUrlFilterCaseSensitive": false,
   "resourceTypes": [
    "image"
   ],
   "urlFilter": "||tinsoikeo.vip^*.gif"
  },
  "id": 345
 },
 {
  "action": {
   "type": "block"
  },
  "condition": {
   "isUrlFilterCaseSensitive": false,
   "resourceTypes": [
    "image"
   ],
   "urlFilter": "||top10review.vn^*.gif"
  },
  "id": 346
 },
 {
  "action": {
   "type": "block"
  },
  "condition": {
   "isUrlFilterCaseSensitive": false,
   "resourceTypes": [
    "image"
   ],
   "urlFilter": "||topdoithuong.top^*.gif"
  },
  "id": 347
 },
 {
  "action": {
   "type": "block"
  },
  "condition": {
   "isUrlFilterCaseSensitive": false,
   "resourceTypes": [
    "image"
   ],
   "urlFilter": "||truyentranhvang.net/images/image"
  },
  "id": 348
 },
 {
  "action": {
   "type": "block"
  },
  "condition": {
   "isUrlFilterCaseSensitive": false,
   "resourceTypes": [
    "image"
   ],
   "urlFilter": "||truyentuan.com^*.gif"
  },
  "id": 349
 },
 {
  "action": {
   "type": "block"
  },
  "condition": {
   "isUrlFilterCaseSensitive": false,
   "resourceTypes": [
    "image"
   ],
   "urlFilter": "||tvhay2.com^*gif"
  },
  "id": 350
 },
 {
  "action": {
   "type": "block"
  },
  "condition": {
   "initiatorDomains": [
    "ephimchill.com",
    "hhkungfutv.net",
    "mephimgi.net",
    "mphim14.com",
    "phimhot365.vip",
    "truyentranh86.com"
   ],
   "isUrlFilterCaseSensitive": false,
   "resourceTypes": [
    "image"
   ],
   "urlFilter": "||upload.cc^*.gif"
  },
  "id": 351
 },
 {
  "action": {
   "type": "block"
  },
  "condition": {
   "isUrlFilterCaseSensitive": false,
   "resourceTypes": [
    "image"
   ],
   "urlFilter": "||vegacdn.com^*.gif"
  },
  "id": 352
 },
 {
  "action": {
   "type": "block"
  },
  "condition": {
   "isUrlFilterCaseSensitive": false,
   "resourceTypes": [
    "image"
   ],
   "urlFilter": "||vesotantai.com/upload/photo/"
  },
  "id": 353
 },
 {
  "action": {
   "type": "block"
  },
  "condition": {
   "isUrlFilterCaseSensitive": false,
   "resourceTypes": [
    "image"
   ],
   "urlFilter": "||vnadssb.com/ad-banner/"
  },
  "id": 354
 },
 {
  "action": {
   "type": "block"
  },
  "condition": {
   "isUrlFilterCaseSensitive": false,
   "resourceTypes": [
    "image"
   ],
   "urlFilter": "||vuianime.live/*.gif"
  },
  "id": 355
 },
 {
  "action": {
   "type": "block"
  },
  "condition": {
   "isUrlFilterCaseSensitive": false,
   "resourceTypes": [
    "image"
   ],
   "urlFilter": "||vuighe1.com/banner"
  },
  "id": 356
 },
 {
  "action": {
   "type": "block"
  },
  "condition": {
   "isUrlFilterCaseSensitive": false,
   "resourceTypes": [
    "image"
   ],
   "urlFilter": "||xahoingaynay.com.vn/upload/"
  },
  "id": 357
 },
 {
  "action": {
   "type": "block"
  },
  "condition": {
   "isUrlFilterCaseSensitive": false,
   "resourceTypes": [
    "image"
   ],
   "urlFilter": "||xc.7mdt.com^*.gif"
  },
  "id": 358
 },
 {
  "action": {
   "type": "block"
  },
  "condition": {
   "isUrlFilterCaseSensitive": false,
   "resourceTypes": [
    "image"
   ],
   "urlFilter": "||xemphim365vn.net/public/banner/"
  },
  "id": 359
 },
 {
  "action": {
   "type": "block"
  },
  "condition": {
   "isUrlFilterCaseSensitive": false,
   "resourceTypes": [
    "image"
   ],
   "urlFilter": "||xmedia.antt.vn/upload/*.gif"
  },
  "id": 360
 },
 {
  "action": {
   "type": "block"
  },
  "condition": {
   "isUrlFilterCaseSensitive": false,
   "resourceTypes": [
    "image"
   ],
   "urlFilter": "||zcine.net^*.gif"
  },
  "id": 361
 },
 {
  "action": {
   "type": "block"
  },
  "condition": {
   "initiatorDomains": [
    "tphimsex.club",
    "tuoi69vn.net",
    "tuoinung.cc"
   ],
   "isUrlFilterCaseSensitive": false,
   "resourceTypes": [
    "image"
   ],
   "urlFilter": "/wp-content/uploads/*.gif"
  },
  "id": 362
 },
 {
  "action": {
   "type": "block"
  },
  "condition": {
   "isUrlFilterCaseSensitive": false,
   "resourceTypes": [
    "image"
   ],
   "urlFilter": "||cdn.truyenhay1s.com/upload/3349684261674713283.webp"
  },
  "id": 363
 },
 {
  "action": {
   "type": "block"
  },
  "condition": {
   "initiatorDomains": [
    "phim18vipa.com",
    "phym18.xyz"
   ],
   "isUrlFilterCaseSensitive": false,
   "resourceTypes": [
    "image"
   ],
   "urlFilter": "||discordapp."
  },
  "id": 364
 },
 {
  "action": {
   "type": "block"
  },
  "condition": {
   "initiatorDomains": [
    "thiendia99.co"
   ],
   "isUrlFilterCaseSensitive": false,
   "resourceTypes": [
    "image"
   ],
   "urlFilter": "||greenupload.com^*.gif"
  },
  "id": 365
 },
 {
  "action": {
   "type": "block"
  },
  "condition": {
   "isUrlFilterCaseSensitive": false,
   "resourceTypes": [
    "image"
   ],
   "urlFilter": "||greenupload.com^*banner"
  },
  "id": 366
 },
 {
  "action": {
   "type": "block"
  },
  "condition": {
   "isUrlFilterCaseSensitive": false,
   "resourceTypes": [
    "image"
   ],
   "urlFilter": "||javtopxx.com/public/images/banner/"
  },
  "id": 367
 },
 {
  "action": {
   "type": "block"
  },
  "condition": {
   "initiatorDomains": [
    "vlxx.moe"
   ],
   "requestDomains": [
    "quoracdn.net"
   ],
   "resourceTypes": [
    "image"
   ]
  },
  "id": 368
 },
 {
  "action": {
   "type": "block"
  },
  "condition": {
   "isUrlFilterCaseSensitive": false,
   "resourceTypes": [
    "image"
   ],
   "urlFilter": "||rphang.online/images/*catfish"
  },
  "id": 369
 },
 {
  "action": {
   "type": "block"
  },
  "condition": {
   "isUrlFilterCaseSensitive": false,
   "resourceTypes": [
    "image"
   ],
   "urlFilter": "||sieukhung.co^*.gif"
  },
  "id": 370
 },
 {
  "action": {
   "type": "block"
  },
  "condition": {
   "requestDomains": [
    "ff.imacdn.com",
    "media.nghean24h.vn"
   ],
   "resourceTypes": [
    "image"
   ]
  },
  "id": 371
 },
 {
  "action": {
   "type": "block"
  },
  "condition": {
   "isUrlFilterCaseSensitive": false,
   "resourceTypes": [
    "script"
   ],
   "urlFilter": ".com/cpc/"
  },
  "id": 372
 },
 {
  "action": {
   "type": "block"
  },
  "condition": {
   "isUrlFilterCaseSensitive": false,
   "resourceTypes": [
    "script"
   ],
   "urlFilter": ".net/cpf/"
  },
  "id": 373
 },
 {
  "action": {
   "type": "block"
  },
  "condition": {
   "initiatorDomains": [
    "phim18zz.com"
   ],
   "isUrlFilterCaseSensitive": false,
   "resourceTypes": [
    "script"
   ],
   "urlFilter": "/assets/themes/js/ads"
  },
  "id": 374
 },
 {
  "action": {
   "type": "block"
  },
  "condition": {
   "initiatorDomains": [
    "cafef.vn",
    "gamek.vn",
    "genk.vn",
    "kenh14.vn"
   ],
   "isUrlFilterCaseSensitive": false,
   "resourceTypes": [
    "script"
   ],
   "urlFilter": "/core/"
  },
  "id": 375
 },
 {
  "action": {
   "type": "block"
  },
  "condition": {
   "isUrlFilterCaseSensitive": false,
   "resourceTypes": [
    "script"
   ],
   "urlFilter": "/disable-devtool.min.js"
  },
  "id": 376
 },
 {
  "action": {
   "type": "block"
  },
  "condition": {
   "initiatorDomains": [
    "tvzinghd.com"
   ],
   "isUrlFilterCaseSensitive": false,
   "resourceTypes": [
    "script"
   ],
   "urlFilter": "/qc1.js"
  },
  "id": 377
 },
 {
  "action": {
   "type": "block"
  },
  "condition": {
   "isUrlFilterCaseSensitive": false,
   "resourceTypes": [
    "script"
   ],
   "urlFilter": "/v/*/vast.js"
  },
  "id": 379
 },
 {
  "action": {
   "type": "block"
  },
  "condition": {
   "initiatorDomains": [
    "api.anime3s.com",
    "ophimhay.com",
    "tvzinghd.com"
   ],
   "isUrlFilterCaseSensitive": false,
   "resourceTypes": [
    "script"
   ],
   "urlFilter": "/vast.js"
  },
  "id": 380
 },
 {
  "action": {
   "type": "block"
  },
  "condition": {
   "isUrlFilterCaseSensitive": false,
   "resourceTypes": [
    "script"
   ],
   "urlFilter": "||api.affmates.com/js/popup_app.min.js"
  },
  "id": 381
 },
 {
  "action": {
   "type": "block"
  },
  "condition": {
   "isUrlFilterCaseSensitive": false,
   "resourceTypes": [
    "script"
   ],
   "urlFilter": "||chillhay.in/guide/popup"
  },
  "id": 382
 },
 {
  "action": {
   "type": "block"
  },
  "condition": {
   "isUrlFilterCaseSensitive": false,
   "resourceTypes": [
    "script"
   ],
   "urlFilter": "||nghenhinvietnam.vn/*banner"
  },
  "id": 383
 },
 {
  "action": {
   "type": "block"
  },
  "condition": {
   "isUrlFilterCaseSensitive": false,
   "resourceTypes": [
    "script"
   ],
   "urlFilter": "||nhipcaudautu.vn/*gafin"
  },
  "id": 384
 },
 {
  "action": {
   "type": "block"
  },
  "condition": {
   "initiatorDomains": [
    "sachmoi.net"
   ],
   "requestDomains": [
    "st.getsitecontrol.com"
   ],
   "resourceTypes": [
    "script"
   ]
  },
  "id": 385
 },
 {
  "action": {
   "type": "block"
  },
  "condition": {
   "isUrlFilterCaseSensitive": false,
   "resourceTypes": [
    "script"
   ],
   "urlFilter": "||tienphong.vn/web/jscripts/banner"
  },
  "id": 386
 },
 {
  "action": {
   "type": "block"
  },
  "condition": {
   "isUrlFilterCaseSensitive": false,
   "resourceTypes": [
    "script"
   ],
   "urlFilter": "||wikidichz.net/static/js/adx/"
  },
  "id": 387
 },
 {
  "action": {
   "type": "block"
  },
  "condition": {
   "isUrlFilterCaseSensitive": false,
   "resourceTypes": [
    "script"
   ],
   "urlFilter": "||wikisach.net/static/js/adx/"
  },
  "id": 388
 },
 {
  "action": {
   "type": "block"
  },
  "condition": {
   "isUrlFilterCaseSensitive": false,
   "resourceTypes": [
    "script"
   ],
   "urlFilter": "||vl3x.vip/ads/"
  },
  "id": 389
 },
 {
  "action": {
   "type": "block"
  },
  "condition": {
   "requestDomains": [
    "adtima-static.zadn.vn",
    "api.baomoi.com",
    "api.zingnews.vn"
   ],
   "resourceTypes": [
    "script"
   ]
  },
  "id": 390
 },
 {
  "action": {
   "type": "block"
  },
  "condition": {
   "isUrlFilterCaseSensitive": false,
   "resourceTypes": [
    "xmlhttprequest"
   ],
   "urlFilter": ".vn/c3s-ad/"
  },
  "id": 391
 },
 {
  "action": {
   "type": "block"
  },
  "condition": {
   "isUrlFilterCaseSensitive": false,
   "resourceTypes": [
    "xmlhttprequest"
   ],
   "urlFilter": "/ads/*.xml"
  },
  "id": 392
 },
 {
  "action": {
   "type": "block"
  },
  "condition": {
   "isUrlFilterCaseSensitive": false,
   "resourceTypes": [
    "xmlhttprequest"
   ],
   "urlFilter": "||phimz.vip/tvc/"
  },
  "id": 393
 },
 {
  "action": {
   "type": "block"
  },
  "condition": {
   "initiatorDomains": [
    "bongdaso12.com",
    "bongdaso12.net",
    "bongdaso66.net"
   ],
   "isUrlFilterCaseSensitive": false,
   "resourceTypes": [
    "sub_frame"
   ],
   "urlFilter": "/_bannerslot.aspx"
  },
  "id": 394
 },
 {
  "action": {
   "type": "block"
  },
  "condition": {
   "initiatorDomains": [
    "dtruyen.com"
   ],
   "isUrlFilterCaseSensitive": false,
   "resourceTypes": [
    "sub_frame"
   ],
   "urlFilter": "||geo.dailymotion.com/player"
  },
  "id": 395
 },
 {
  "action": {
   "type": "block"
  },
  "condition": {
   "isUrlFilterCaseSensitive": false,
   "resourceTypes": [
    "sub_frame"
   ],
   "urlFilter": "||goweatherforecast.com/vi/embed"
  },
  "id": 396
 },
 {
  "action": {
   "type": "block"
  },
  "condition": {
   "initiatorDomains": [
    "maclife.io"
   ],
   "requestDomains": [
    "laptopvang.com"
   ],
   "resourceTypes": [
    "sub_frame"
   ]
  },
  "id": 397
 },
 {
  "action": {
   "type": "block"
  },
  "condition": {
   "isUrlFilterCaseSensitive": false,
   "resourceTypes": [
    "sub_frame"
   ],
   "urlFilter": "||metruyencv.com/passback/"
  },
  "id": 398
 },
 {
  "action": {
   "type": "block"
  },
  "condition": {
   "excludedInitiatorDomains": [
    "bgames.com"
   ],
   "requestDomains": [
    "player.tubia.com"
   ],
   "resourceTypes": [
    "sub_frame"
   ]
  },
  "id": 399
 },
 {
  "action": {
   "type": "block"
  },
  "condition": {
   "isUrlFilterCaseSensitive": false,
   "resourceTypes": [
    "sub_frame"
   ],
   "urlFilter": "||thethao247.vn/neo/"
  },
  "id": 400
 },
 {
  "action": {
   "type": "block"
  },
  "condition": {
   "initiatorDomains": [
    "truyentranh86.com"
   ],
   "isUrlFilterCaseSensitive": false,
   "resourceTypes": [
    "sub_frame"
   ],
   "urlFilter": "||youtube.com/embed/"
  },
  "id": 401
 },
 {
  "action": {
   "type": "block"
  },
  "condition": {
   "isUrlFilterCaseSensitive": false,
   "resourceTypes": [
    "sub_frame"
   ],
   "urlFilter": "||zingnews.vn/interactive^"
  },
  "id": 402
 },
 {
  "action": {
   "type": "block"
  },
  "condition": {
   "isUrlFilterCaseSensitive": false,
   "resourceTypes": [
    "sub_frame"
   ],
   "urlFilter": "||hentaivn.autos/qx/"
  },
  "id": 403
 },
 {
  "action": {
   "type": "block"
  },
  "condition": {
   "isUrlFilterCaseSensitive": false,
   "resourceTypes": [
    "sub_frame"
   ],
   "urlFilter": "||phimsexsub.pro/300100-*.html"
  },
  "id": 404
 },
 {
  "action": {
   "type": "block"
  },
  "condition": {
   "requestDomains": [
    "cdn.javbabe.net"
   ],
   "resourceTypes": [
    "sub_frame"
   ]
  },
  "id": 405
 },
 {
  "action": {
   "type": "block"
  },
  "condition": {
   "initiatorDomains": [
    "vaoroi13.online"
   ],
   "isUrlFilterCaseSensitive": false,
   "resourceTypes": [
    "media"
   ],
   "urlFilter": "||assets-vaegaa.wedodemos.com/ads/"
  },
  "id": 406
 },
 {
  "action": {
   "type": "block"
  },
  "condition": {
   "isUrlFilterCaseSensitive": false,
   "resourceTypes": [
    "media"
   ],
   "urlFilter": "||hh3dhay.com/wp-content/uploads/*.mp4"
  },
  "id": 407
 },
 {
  "action": {
   "type": "block"
  },
  "condition": {
   "isUrlFilterCaseSensitive": false,
   "resourceTypes": [
    "media"
   ],
   "urlFilter": "||hh3dhay.xyz/wp-content/uploads"
  },
  "id": 408
 },
 {
  "action": {
   "type": "block"
  },
  "condition": {
   "isUrlFilterCaseSensitive": false,
   "resourceTypes": [
    "media"
   ],
   "urlFilter": "||luotphimtv1.com/wp-content/uploads/"
  },
  "id": 409
 },
 {
  "action": {
   "type": "block"
  },
  "condition": {
   "isUrlFilterCaseSensitive": false,
   "resourceTypes": [
    "media"
   ],
   "urlFilter": "||sphimz.com/wp-content/plugins/tr-grabber/player/"
  },
  "id": 410
 },
 {
  "action": {
   "type": "block"
  },
  "condition": {
   "requestDomains": [
    "ff.imacdn.com"
   ],
   "resourceTypes": [
    "media"
   ]
  },
  "id": 411
 },
 {
  "action": {
   "type": "block"
  },
  "condition": {
   "domainType": "firstParty",
   "isUrlFilterCaseSensitive": false,
   "urlFilter": "||phimdinhcao.com^*.xml"
  },
  "id": 412
 },
 {
  "action": {
   "type": "block"
  },
  "condition": {
   "domainType": "firstParty",
   "isUrlFilterCaseSensitive": false,
   "urlFilter": "||phimdinhcao.net^*.xml"
  },
  "id": 413
 },
 {
  "action": {
   "type": "block"
  },
  "condition": {
   "domainType": "firstParty",
   "isUrlFilterCaseSensitive": false,
   "urlFilter": "||phimlongtieng.net^*.xml"
  },
  "id": 414
 },
 {
  "action": {
   "type": "block"
  },
  "condition": {
   "domainType": "firstParty",
   "isUrlFilterCaseSensitive": false,
   "urlFilter": "||razorphimzz.com^*.mp4"
  },
  "id": 415
 },
 {
  "action": {
   "type": "block"
  },
  "condition": {
   "domainType": "firstParty",
   "isUrlFilterCaseSensitive": false,
   "resourceTypes": [
    "image"
   ],
   "urlFilter": "||hosocongty.vn/uploads/products/"
  },
  "id": 416
 },
 {
  "action": {
   "type": "block"
  },
  "condition": {
   "domainType": "firstParty",
   "isUrlFilterCaseSensitive": false,
   "resourceTypes": [
    "image"
   ],
   "urlFilter": "||tuyensinhso.vn/images/banners/*.gif"
  },
  "id": 417
 },
 {
  "action": {
   "type": "block"
  },
  "condition": {
   "domainType": "firstParty",
   "isUrlFilterCaseSensitive": false,
   "resourceTypes": [
    "script"
   ],
   "urlFilter": "||clbgamesvn.com/diendan/popup/popup.js"
  },
  "id": 418
 },
 {
  "action": {
   "type": "block"
  },
  "condition": {
   "domainType": "firstParty",
   "isUrlFilterCaseSensitive": false,
   "resourceTypes": [
    "script"
   ],
   "urlFilter": "||product.ithongtin.com/api/get-product"
  },
  "id": 419
 },
 {
  "action": {
   "type": "block"
  },
  "condition": {
   "domainType": "firstParty",
   "isUrlFilterCaseSensitive": false,
   "resourceTypes": [
    "sub_frame"
   ],
   "urlFilter": "||phimz.vip/tvc/load.html"
  },
  "id": 420
 },
 {
  "action": {
   "type": "block"
  },
  "condition": {
   "domainType": "firstParty",
   "requestDomains": [
    "truyentuan.com"
   ],
   "resourceTypes": [
    "sub_frame"
   ]
  },
  "id": 421
 },
 {
  "action": {
   "type": "block"
  },
  "condition": {
   "domainType": "thirdParty",
   "isUrlFilterCaseSensitive": false,
   "urlFilter": "||kplus.vn/landing"
  },
  "id": 422
 },
 {
  "action": {
   "type": "block"
  },
  "condition": {
   "domainType": "thirdParty",
   "isUrlFilterCaseSensitive": false,
   "urlFilter": "||maytinh360.vn/images/"
  },
  "id": 423
 },
 {
  "action": {
   "type": "block"
  },
  "condition": {
   "domainType": "thirdParty",
   "isUrlFilterCaseSensitive": false,
   "urlFilter": "||nhadatvang.vn/images/"
  },
  "id": 424
 },
 {
  "action": {
   "type": "block"
  },
  "condition": {
   "domainType": "thirdParty",
   "isUrlFilterCaseSensitive": false,
   "urlFilter": "||purgrobi.com/ub.pi"
  },
  "id": 425
 },
 {
  "action": {
   "type": "block"
  },
  "condition": {
   "domainType": "thirdParty",
   "isUrlFilterCaseSensitive": false,
   "urlFilter": "||qtcshop.com/images/"
  },
  "id": 426
 },
 {
  "action": {
   "type": "block"
  },
  "condition": {
   "domainType": "thirdParty",
   "isUrlFilterCaseSensitive": false,
   "urlFilter": "||quangcaosanpham.com/images/"
  },
  "id": 427
 },
 {
  "action": {
   "type": "block"
  },
  "condition": {
   "domainType": "thirdParty",
   "isUrlFilterCaseSensitive": false,
   "urlFilter": "||raovatdidong.vn/images/"
  },
  "id": 428
 },
 {
  "action": {
   "type": "block"
  },
  "condition": {
   "domainType": "thirdParty",
   "excludedInitiatorDomains": [
    "qthang.net"
   ],
   "isUrlFilterCaseSensitive": false,
   "urlFilter": "||storage.fshare.vn/images/"
  },
  "id": 429
 },
 {
  "action": {
   "type": "block"
  },
  "condition": {
   "domainType": "thirdParty",
   "isUrlFilterCaseSensitive": false,
   "urlFilter": "||timsanpham.com/images/"
  },
  "id": 430
 },
 {
  "action": {
   "type": "block"
  },
  "condition": {
   "domainType": "thirdParty",
   "isUrlFilterCaseSensitive": false,
   "urlFilter": "||uniad."
  },
  "id": 431
 },
 {
  "action": {
   "type": "block"
  },
  "condition": {
   "domainType": "thirdParty",
   "requestDomains": [
    "adflex.vn",
    "adpia.vn",
    "adsplay.net",
    "adtima.vn",
    "anthill.vn",
    "ants.vn",
    "blueseed.tv",
    "gammaplatform.com",
    "genieesspv.jp",
    "meta.vn",
    "pub.lavanetwork.net",
    "qc.coccoc.com",
    "realclick.vn",
    "yomedia.vn"
   ]
  },
  "id": 432
 },
 {
  "action": {
   "type": "block"
  },
  "condition": {
   "domainType": "thirdParty",
   "isUrlFilterCaseSensitive": false,
   "resourceTypes": [
    "image"
   ],
   "urlFilter": "||tuyensinh247.com/"
  },
  "id": 433
 },
 {
  "action": {
   "type": "block"
  },
  "condition": {
   "domainType": "thirdParty",
   "requestDomains": [
    "taboola.com"
   ],
   "resourceTypes": [
    "script"
   ]
  },
  "id": 434
 },
 {
  "action": {
   "type": "block"
  },
  "condition": {
   "domainType": "thirdParty",
   "initiatorDomains": [
    "sexdiaryx.net"
   ],
   "resourceTypes": [
    "script"
   ]
  },
  "id": 435
 },
 {
  "action": {
   "type": "block"
  },
  "condition": {
   "domainType": "thirdParty",
   "requestDomains": [
    "bf.333xbet.com"
   ],
   "resourceTypes": [
    "media"
   ]
  },
  "id": 436
 },
 {
  "action": {
   "type": "allow"
  },
  "condition": {
   "isUrlFilterCaseSensitive": false,
   "urlFilter": "/favicon.ico"
  },
  "id": 437
 },
 {
  "action": {
   "type": "allow"
  },
  "condition": {
   "isUrlFilterCaseSensitive": false,
   "urlFilter": "||anime47.com/ads/v/8.26.9/jw"
  },
  "id": 438
 },
 {
  "action": {
   "type": "allow"
  },
  "condition": {
   "isUrlFilterCaseSensitive": false,
   "urlFilter": "||anime47.com/ads/v/8.26.9/translations"
  },
  "id": 439
 },
 {
  "action": {
   "type": "allow"
  },
  "condition": {
   "isUrlFilterCaseSensitive": false,
   "urlFilter": "||blogtruyen.vn/file/bullseyegreen.gif"
  },
  "id": 440
 },
 {
  "action": {
   "type": "allow"
  },
  "condition": {
   "initiatorDomains": [
    "azrom.net"
   ],
   "isUrlFilterCaseSensitive": false,
   "urlFilter": "||contextual.media.net/dmedianet.js"
  },
  "id": 441
 },
 {
  "action": {
   "type": "allow"
  },
  "condition": {
   "initiatorDomains": [
    "cungthi.online",
    "romgoc.net"
   ],
   "isUrlFilterCaseSensitive": false,
   "urlFilter": "||googleads.g.doubleclick.net/pagead/"
  },
  "id": 442
 },
 {
  "action": {
   "type": "allow"
  },
  "condition": {
   "initiatorDomains": [
    "game24h.vn"
   ],
   "isUrlFilterCaseSensitive": false,
   "urlFilter": "||googletagservices.com/tag/js/gpt.js"
  },
  "id": 443
 },
 {
  "action": {
   "type": "allow"
  },
  "condition": {
   "initiatorDomains": [
    "autoitvn.com"
   ],
   "isUrlFilterCaseSensitive": false,
   "urlFilter": "||i.imgur.com/msrdtut.png"
  },
  "id": 444
 },
 {
  "action": {
   "type": "allow"
  },
  "condition": {
   "isUrlFilterCaseSensitive": false,
   "urlFilter": "||itudong.com/wp-content/uploads/2021/08/background1_itudong.jpg"
  },
  "id": 445
 },
 {
  "action": {
   "type": "allow"
  },
  "condition": {
   "isUrlFilterCaseSensitive": false,
   "urlFilter": "||stackjava.com/wp-content/uploads/*logo-250x250.png"
  },
  "id": 446
 },
 {
  "action": {
   "type": "allow"
  },
  "condition": {
   "initiatorDomains": [
    "cmangaah.com"
   ],
   "isUrlFilterCaseSensitive": false,
   "urlFilter": "||static.ads-twitter.com/uwt.js"
  },
  "id": 447
 },
 {
  "action": {
   "type": "allow"
  },
  "condition": {
   "isUrlFilterCaseSensitive": false,
   "urlFilter": "||thanhtra.com.vn/data/images/0/2022/02/18/host/logott.jpg"
  },
  "id": 448
 },
 {
  "action": {
   "type": "allow"
  },
  "condition": {
   "initiatorDomains": [
    "cungthi.online"
   ],
   "isUrlFilterCaseSensitive": false,
   "urlFilter": "||tpc.googlesyndication.com/sodar/sodar2.js"
  },
  "id": 449
 },
 {
  "action": {
   "type": "allow"
  },
  "condition": {
   "initiatorDomains": [
    "trueid.net"
   ],
   "requestDomains": [
    "www3.doubleclick.net"
   ]
  },
  "id": 450
 },
 {
  "action": {
   "type": "allow"
  },
  "condition": {
   "isUrlFilterCaseSensitive": false,
   "urlFilter": "||yhocdata.com/ext/d1/assets/js/ads-prebid.js"
  },
  "id": 451
 },
 {
  "action": {
   "type": "allow"
  },
  "condition": {
   "isUrlFilterCaseSensitive": false,
   "urlFilter": "||yhocdata.com/ext/d1/public/js/prebid-ads.js"
  },
  "id": 452
 },
 {
  "action": {
   "type": "allow"
  },
  "condition": {
   "initiatorDomains": [
    "gvnvh18.com"
   ],
   "isUrlFilterCaseSensitive": false,
   "resourceTypes": [
    "image"
   ],
   "urlFilter": "||4.bp.blogspot.com/-faf4f4begfs/x6bgitbh8ri/aaaaaaaadr4/ti07qdfvywk4cpdnaj8mn5q_yvzug2cjgck4bgayycw/s1600/gvnvh18.png"
  },
  "id": 453
 },
 {
  "action": {
   "type": "allow"
  },
  "condition": {
   "isUrlFilterCaseSensitive": false,
   "resourceTypes": [
    "image"
   ],
   "urlFilter": "||media.nghean24h.vn/thumb"
  },
  "id": 454
 },
 {
  "action": {
   "type": "allow"
  },
  "condition": {
   "initiatorDomains": [
    "123link.f4vnn.com",
    "1shortlink.com",
    "753x.blogspot.com",
    "anhdep24.com",
    "audiotruyenfull.com",
    "baominh.tech",
    "covemarkets.com",
    "cungthi.online",
    "dafontvn.com",
    "designervn.net",
    "dichthuatphuongdong.com",
    "diendancauduong.com",
    "filehk.com",
    "filess.us",
    "giavang.net",
    "gocmod.com",
    "gvnvh18.com",
    "ichi.pro",
    "ios.codevn.net",
    "iot.chinhphucvn.com",
    "khuchotot.com",
    "kientruc360.info",
    "kites.vn",
    "laptrinhx.com",
    "lehait.net",
    "letrongdai.vn",
    "minhpc.com",
    "ngohoanganhtuan.com",
    "ngohoanganhtuan.net",
    "nguonhd.net",
    "nguontv1.com",
    "nguyentinhblog.com",
    "nhacsong.pro",
    "noobanswer.com",
    "note1s.com",
    "phuongtrinhhoahoc.com",
    "qthang.net",
    "quangcaoyenbai.com",
    "romgoc.net",
    "sachiepvien.net",
    "sesenblog.com",
    "shortenlink.vip",
    "sub1s.com",
    "sum.vn",
    "thelanb.com",
    "thuthuatmeovat.net",
    "tiengnhatdongian.com",
    "toeicexamstore.xyz",
    "toilaquantri.com",
    "traderviet.net",
    "traffic1s.com",
    "tromcap.com",
    "truyenaudiocv.org",
    "tusachxinh.info",
    "vnjpclub.com",
    "vongquaymayman.one",
    "vungoctuan.vn",
    "vutrung.gnomio.com",
    "windowslite.net",
    "xaydungplus.com"
   ],
   "requestDomains": [
    "pagead2.googlesyndication.com"
   ],
   "resourceTypes": [
    "image",
    "script",
    "xmlhttprequest"
   ]
  },
  "id": 455
 },
 {
  "action": {
   "type": "allow"
  },
  "condition": {
   "isUrlFilterCaseSensitive": false,
   "resourceTypes": [
    "image"
   ],
   "urlFilter": "||viettelstore.vn/images/advertises/"
  },
  "id": 456
 },
 {
  "action": {
   "type": "allow"
  },
  "condition": {
   "isUrlFilterCaseSensitive": false,
   "resourceTypes": [
    "image"
   ],
   "urlFilter": "||vr.com.vn/uploads/adv/banner/"
  },
  "id": 457
 },
 {
  "action": {
   "type": "allow"
  },
  "condition": {
   "initiatorDomains": [
    "sctvonline.vn"
   ],
   "isUrlFilterCaseSensitive": false,
   "resourceTypes": [
    "script"
   ],
   "urlFilter": "||cdnjs.cloudflare.com/ajax/libs/videojs-contrib-ads/6.0.0/videojs-contrib-ads.js"
  },
  "id": 458
 },
 {
  "action": {
   "type": "allow"
  },
  "condition": {
   "initiatorDomains": [
    "24h.com.vn",
    "danet.vn",
    "fptplay.vn",
    "gamgame24h",
    "sctvonline.vn",
    "vieon.vn",
    "vtvcab.vn"
   ],
   "requestDomains": [
    "imasdk.googleapis.com"
   ],
   "resourceTypes": [
    "script",
    "xmlhttprequest"
   ]
  },
  "id": 459
 },
 {
  "action": {
   "type": "allow"
  },
  "condition": {
   "initiatorDomains": [
    "tuoitre.vn"
   ],
   "isUrlFilterCaseSensitive": false,
   "resourceTypes": [
    "script"
   ],
   "urlFilter": "||media1.admicro.vn/cms/"
  },
  "id": 460
 },
 {
  "action": {
   "type": "allow"
  },
  "condition": {
   "initiatorDomains": [
    "linkneverdie.net"
   ],
   "requestDomains": [
    "pagead2.googlesyndication.com"
   ],
   "resourceTypes": [
    "script"
   ]
  },
  "id": 461
 },
 {
  "action": {
   "type": "allow"
  },
  "condition": {
   "initiatorDomains": [
    "cafef.vn",
    "gamek.vn",
    "genk.vn",
    "kenh14.vn"
   ],
   "isUrlFilterCaseSensitive": false,
   "resourceTypes": [
    "script"
   ],
   "urlFilter": "||player.sohatv.vn/resource/"
  },
  "id": 462
 },
 {
  "action": {
   "type": "allow"
  },
  "condition": {
   "initiatorDomains": [
    "genk.vn"
   ],
   "isUrlFilterCaseSensitive": false,
   "resourceTypes": [
    "script"
   ],
   "urlFilter": "||static.amcdn.vn/tka/cdn.js"
  },
  "id": 463
 },
 {
  "action": {
   "type": "allow"
  },
  "condition": {
   "initiatorDomains": [
    "linkneverdie.net"
   ],
   "isUrlFilterCaseSensitive": false,
   "resourceTypes": [
    "script"
   ],
   "urlFilter": "||www.clickadu.com/cdn-cgi/scripts/5c5dd728/cloudflare-static/email-decode.min.js"
  },
  "id": 464
 },
 {
  "action": {
   "type": "allow"
  },
  "condition": {
   "initiatorDomains": [
    "vtvgiaitri.vn"
   ],
   "requestDomains": [
    "pubads.g.doubleclick.net"
   ],
   "resourceTypes": [
    "xmlhttprequest"
   ]
  },
  "id": 465
 },
 {
  "action": {
   "type": "allow"
  },
  "condition": {
   "isUrlFilterCaseSensitive": false,
   "resourceTypes": [
    "xmlhttprequest"
   ],
   "urlFilter": "||voz.vn/u/adx."
  },
  "id": 466
 },
 {
  "action": {
   "type": "allow"
  },
  "condition": {
   "requestDomains": [
    "player.phimno3.xyz"
   ],
   "resourceTypes": [
    "sub_frame"
   ]
  },
  "id": 467
 },
 {
  "action": {
   "type": "allow"
  },
  "condition": {
   "isUrlFilterCaseSensitive": false,
   "resourceTypes": [
    "sub_frame"
   ],
   "urlFilter": "||quangcao.tuoitre.vn/customer/banner/2020/v/vietlot/mb"
  },
  "id": 468
 },
 {
  "action": {
   "type": "allow"
  },
  "condition": {
   "domainType": "firstParty",
   "isUrlFilterCaseSensitive": false,
   "urlFilter": "||chiasenhac.vn/test_ads.html"
  },
  "id": 469
 },
 {
  "action": {
   "type": "allow"
  },
  "condition": {
   "domainType": "firstParty",
   "isUrlFilterCaseSensitive": false,
   "urlFilter": "||forum.gocmod.com/js/"
  },
  "id": 470
 },
 {
  "action": {
   "type": "allow"
  },
  "condition": {
   "domainType": "firstParty",
   "isUrlFilterCaseSensitive": false,
   "urlFilter": "||luyenthithukhoa.vn/vietmxdetect/"
  },
  "id": 471
 },
 {
  "action": {
   "type": "allow"
  },
  "condition": {
   "domainType": "firstParty",
   "isUrlFilterCaseSensitive": false,
   "urlFilter": "||xahoingaynay.com.vn/upload/20989/20200817/asset_2_8x_9596af5d4e.png"
  },
  "id": 472
 },
 {
  "action": {
   "type": "allow"
  },
  "condition": {
   "domainType": "firstParty",
   "initiatorDomains": [
    "lehait.net"
   ],
   "isUrlFilterCaseSensitive": false,
   "resourceTypes": [
    "image"
   ],
   "urlFilter": "/images/ad-300x250.jpg"
  },
  "id": 473
 },
 {
  "action": {
   "type": "allow"
  },
  "condition": {
   "domainType": "firstParty",
   "isUrlFilterCaseSensitive": false,
   "resourceTypes": [
    "image"
   ],
   "urlFilter": "||animevnn.com/*/img/load-img.gif"
  },
  "id": 474
 },
 {
  "action": {
   "type": "allow"
  },
  "condition": {
   "domainType": "firstParty",
   "isUrlFilterCaseSensitive": false,
   "resourceTypes": [
    "image"
   ],
   "urlFilter": "||animevnn.com/*/img/loadimg.gif"
  },
  "id": 475
 },
 {
  "action": {
   "type": "allow"
  },
  "condition": {
   "domainType": "firstParty",
   "isUrlFilterCaseSensitive": false,
   "resourceTypes": [
    "script"
   ],
   "urlFilter": "/wp-content/plugins/advanced-ads/admin/assets/js/advertisement.js"
  },
  "id": 476
 },
 {
  "action": {
   "type": "allow"
  },
  "condition": {
   "domainType": "firstParty",
   "isUrlFilterCaseSensitive": false,
   "resourceTypes": [
    "xmlhttprequest"
   ],
   "urlFilter": "||apicdn.sctvonline.vn/tenants/sctv/"
  },
  "id": 477
 }
]
