[
 {
  "action": {
   "responseHeaders": [
    {
     "header": "content-security-policy",
     "operation": "append",
     "value": "script-src *"
    }
   ],
   "type": "modifyHeaders"
  },
  "condition": {
   "requestDomains": [
    "gaypornmasters.com",
    "gaypornwave.com"
   ],
   "resourceTypes": [
    "main_frame",
    "sub_frame"
   ]
  },
  "id": 1479
 },
 {
  "action": {
   "responseHeaders": [
    {
     "header": "content-security-policy",
     "operation": "append",
     "value": "style-src 'self' *"
    }
   ],
   "type": "modifyHeaders"
  },
  "condition": {
   "requestDomains": [
    "oggiscuola.com"
   ],
   "resourceTypes": [
    "main_frame",
    "sub_frame"
   ]
  },
  "id": 1480
 },
 {
  "action": {
   "responseHeaders": [
    {
     "header": "content-security-policy",
     "operation": "append",
     "value": "style-src *;script-src *"
    }
   ],
   "type": "modifyHeaders"
  },
  "condition": {
   "requestDomains": [
    "digitalsynopsis.com"
   ],
   "resourceTypes": [
    "main_frame",
    "sub_frame"
   ]
  },
  "id": 1481
 },
 {
  "action": {
   "responseHeaders": [
    {
     "header": "content-security-policy",
     "operation": "append",
     "value": "script-src * 'unsafe-eval' 'unsafe-inline'"
    }
   ],
   "type": "modifyHeaders"
  },
  "condition": {
   "requestDomains": [
    "articlesmania.me"
   ],
   "resourceTypes": [
    "main_frame",
    "sub_frame"
   ]
  },
  "id": 1482
 },
 {
  "action": {
   "responseHeaders": [
    {
     "header": "content-security-policy",
     "operation": "append",
     "value": "script-src * 'unsafe-inline'"
    }
   ],
   "type": "modifyHeaders"
  },
  "condition": {
   "requestDomains": [
    "quicasting.it",
    "sysnettechsolutions.com"
   ],
   "resourceTypes": [
    "main_frame",
    "sub_frame"
   ]
  },
  "id": 1483
 },
 {
  "action": {
   "responseHeaders": [
    {
     "header": "content-security-policy",
     "operation": "append",
     "value": "frame-src"
    }
   ],
   "type": "modifyHeaders"
  },
  "condition": {
   "requestDomains": [
    "chromeactions.com",
    "mixesoft.com",
    "mycinema.pro"
   ],
   "resourceTypes": [
    "main_frame",
    "sub_frame"
   ]
  },
  "id": 1484
 }
]
