[
 {
  "action": {
   "responseHeaders": [
    {
     "header": "content-security-policy",
     "operation": "append",
     "value": "script-src 'self' * blob: data: 'unsafe-inline'"
    }
   ],
   "type": "modifyHeaders"
  },
  "condition": {
   "initiatorDomains": [
    "animals.walla.co.il",
    "b.walla.co.il",
    "buzzit.walla.co.il",
    "cars.walla.co.il",
    "celebs.walla.co.il",
    "e.walla.co.il",
    "elections.walla.co.il",
    "fashion.walla.co.il",
    "finance.walla.co.il",
    "food.walla.co.il",
    "healthy.walla.co.il",
    "home.walla.co.il",
    "judaism.walla.co.il",
    "mag.walla.co.il",
    "movies.walla.co.il",
    "nadlan.walla.co.il",
    "news.walla.co.il",
    "sports.walla.co.il",
    "tags.walla.co.il",
    "tech.walla.co.il",
    "travel.walla.co.il",
    "tv-guide.walla.co.il",
    "viva.walla.co.il",
    "vod.walla.co.il",
    "weather.walla.co.il",
    "www.walla.co.il"
   ],
   "requestDomains": [
    "walla.co.il"
   ],
   "resourceTypes": [
    "main_frame",
    "sub_frame"
   ]
  },
  "id": 258
 }
]
