[
 {
  "action": {
   "responseHeaders": [
    {
     "header": "content-security-policy",
     "operation": "append",
     "value": "script-src"
    }
   ],
   "type": "modifyHeaders"
  },
  "condition": {
   "isUrlFilterCaseSensitive": false,
   "resourceTypes": [
    "main_frame",
    "sub_frame"
   ],
   "urlFilter": ".infox.sg^"
  },
  "id": 5786
 },
 {
  "action": {
   "responseHeaders": [
    {
     "header": "content-security-policy",
     "operation": "append",
     "value": "script-src"
    }
   ],
   "type": "modifyHeaders"
  },
  "condition": {
   "isUrlFilterCaseSensitive": false,
   "resourceTypes": [
    "main_frame",
    "sub_frame"
   ],
   "urlFilter": "/gateway/ahr0c"
  },
  "id": 5787
 },
 {
  "action": {
   "responseHeaders": [
    {
     "header": "content-security-policy",
     "operation": "append",
     "value": "frame-src 'self'"
    }
   ],
   "type": "modifyHeaders"
  },
  "condition": {
   "isUrlFilterCaseSensitive": false,
   "resourceTypes": [
    "main_frame",
    "sub_frame"
   ],
   "urlFilter": "|http*//fastpic.org/"
  },
  "id": 5788
 },
 {
  "action": {
   "responseHeaders": [
    {
     "header": "content-security-policy",
     "operation": "append",
     "value": "script-src 'self' 'unsafe-inline' 'unsafe-eval' static.fastpic.org"
    }
   ],
   "type": "modifyHeaders"
  },
  "condition": {
   "isUrlFilterCaseSensitive": false,
   "resourceTypes": [
    "main_frame",
    "sub_frame"
   ],
   "urlFilter": "|http*//fastpic.org/"
  },
  "id": 5789
 },
 {
  "action": {
   "responseHeaders": [
    {
     "header": "content-security-policy",
     "operation": "append",
     "value": "script-src"
    }
   ],
   "type": "modifyHeaders"
  },
  "condition": {
   "isUrlFilterCaseSensitive": false,
   "resourceTypes": [
    "main_frame",
    "sub_frame"
   ],
   "urlFilter": "||24smi-*/top/"
  },
  "id": 5790
 },
 {
  "action": {
   "responseHeaders": [
    {
     "header": "content-security-policy",
     "operation": "append",
     "value": "script-src"
    }
   ],
   "type": "modifyHeaders"
  },
  "condition": {
   "isUrlFilterCaseSensitive": false,
   "resourceTypes": [
    "main_frame",
    "sub_frame"
   ],
   "urlFilter": "||24smi.*/top/"
  },
  "id": 5791
 },
 {
  "action": {
   "responseHeaders": [
    {
     "header": "content-security-policy",
     "operation": "append",
     "value": "script-src"
    }
   ],
   "type": "modifyHeaders"
  },
  "condition": {
   "isUrlFilterCaseSensitive": false,
   "resourceTypes": [
    "main_frame",
    "sub_frame"
   ],
   "urlFilter": "||24top.*/top/"
  },
  "id": 5792
 },
 {
  "action": {
   "responseHeaders": [
    {
     "header": "content-security-policy",
     "operation": "append",
     "value": "script-src"
    }
   ],
   "type": "modifyHeaders"
  },
  "condition": {
   "isUrlFilterCaseSensitive": false,
   "resourceTypes": [
    "main_frame",
    "sub_frame"
   ],
   "urlFilter": "||an.yandex.ru/count/"
  },
  "id": 5793
 },
 {
  "action": {
   "responseHeaders": [
    {
     "header": "content-security-policy",
     "operation": "append",
     "value": "sandbox allow-same-origin;"
    }
   ],
   "type": "modifyHeaders"
  },
  "condition": {
   "requestDomains": [
    "azbne.net",
    "betnetmed.advertserve.com",
    "driverpack.io",
    "driverpaksolution.ru",
    "exoclick.com",
    "runewslenta.com",
    "statusklic.info",
    "syndication.exosrv.com",
    "utarget.ru"
   ],
   "resourceTypes": [
    "main_frame",
    "sub_frame"
   ]
  },
  "id": 5794
 },
 {
  "action": {
   "responseHeaders": [
    {
     "header": "content-security-policy",
     "operation": "append",
     "value": "sandbox allow-same-origin;"
    }
   ],
   "type": "modifyHeaders"
  },
  "condition": {
   "isUrlFilterCaseSensitive": false,
   "resourceTypes": [
    "main_frame",
    "sub_frame"
   ],
   "urlFilter": "||crossout.net/*free?*&r="
  },
  "id": 5795
 },
 {
  "action": {
   "responseHeaders": [
    {
     "header": "content-security-policy",
     "operation": "append",
     "value": "connect-src 'self'"
    }
   ],
   "type": "modifyHeaders"
  },
  "condition": {
   "isUrlFilterCaseSensitive": false,
   "resourceTypes": [
    "main_frame",
    "sub_frame"
   ],
   "urlFilter": "||d3ward.github.io/toolz/adblock"
  },
  "id": 5796
 },
 {
  "action": {
   "responseHeaders": [
    {
     "header": "content-security-policy",
     "operation": "append",
     "value": "script-src"
    }
   ],
   "type": "modifyHeaders"
  },
  "condition": {
   "isUrlFilterCaseSensitive": false,
   "resourceTypes": [
    "main_frame",
    "sub_frame"
   ],
   "urlFilter": "||drive.google.com/file/d/1vmzdhlb_-dcnbtubkfqpnnvsep_2gnsy/"
  },
  "id": 5797
 },
 {
  "action": {
   "responseHeaders": [
    {
     "header": "content-security-policy",
     "operation": "append",
     "value": "script-src"
    }
   ],
   "type": "modifyHeaders"
  },
  "condition": {
   "requestDomains": [
    "ex.24smi.info",
    "folltiz.site",
    "hiwoenrep.ru",
    "idealmedia.io",
    "lentapronews.com",
    "memytonsfor.ru",
    "redatastore.ru",
    "t1mcapp.com",
    "tdsclicks2.ru",
    "utarget.ru",
    "yadistr.ru"
   ],
   "resourceTypes": [
    "main_frame",
    "sub_frame"
   ]
  },
  "id": 5798
 },
 {
  "action": {
   "responseHeaders": [
    {
     "header": "content-security-policy",
     "operation": "append",
     "value": "img-src 'self' addons.mozilla.org raw.githubusercontent.com"
    }
   ],
   "type": "modifyHeaders"
  },
  "condition": {
   "isUrlFilterCaseSensitive": false,
   "resourceTypes": [
    "main_frame",
    "sub_frame"
   ],
   "urlFilter": "||forum.ru-board.com/*.cgi?*=5&topic=51141"
  },
  "id": 5799
 },
 {
  "action": {
   "responseHeaders": [
    {
     "header": "content-security-policy",
     "operation": "append",
     "value": "sandbox allow-same-origin;"
    }
   ],
   "type": "modifyHeaders"
  },
  "condition": {
   "isUrlFilterCaseSensitive": false,
   "resourceTypes": [
    "main_frame",
    "sub_frame"
   ],
   "urlFilter": "||gdz-ru.work/subscribe/"
  },
  "id": 5800
 },
 {
  "action": {
   "responseHeaders": [
    {
     "header": "content-security-policy",
     "operation": "append",
     "value": "sandbox allow-same-origin;"
    }
   ],
   "type": "modifyHeaders"
  },
  "condition": {
   "isUrlFilterCaseSensitive": false,
   "resourceTypes": [
    "main_frame",
    "sub_frame"
   ],
   "urlFilter": "||lis-gor.com/"
  },
  "id": 5801
 },
 {
  "action": {
   "responseHeaders": [
    {
     "header": "content-security-policy",
     "operation": "append",
     "value": "script-src 'self' 'unsafe-inline' 'unsafe-eval' data:"
    }
   ],
   "type": "modifyHeaders"
  },
  "condition": {
   "requestDomains": [
    "modfix.ru",
    "wallpapershome.ru"
   ],
   "resourceTypes": [
    "main_frame",
    "sub_frame"
   ]
  },
  "id": 5802
 },
 {
  "action": {
   "responseHeaders": [
    {
     "header": "content-security-policy",
     "operation": "append",
     "value": "script-src 'unsafe-eval' data:"
    }
   ],
   "type": "modifyHeaders"
  },
  "condition": {
   "isUrlFilterCaseSensitive": false,
   "resourceTypes": [
    "main_frame",
    "sub_frame"
   ],
   "urlFilter": "||modsfire.com/download/*/"
  },
  "id": 5803
 },
 {
  "action": {
   "responseHeaders": [
    {
     "header": "content-security-policy",
     "operation": "append",
     "value": "script-src 'self' 'unsafe-inline' 'unsafe-eval' data: *.googletagmanager.com *.ua"
    }
   ],
   "type": "modifyHeaders"
  },
  "condition": {
   "requestDomains": [
    "nikopolnews.net"
   ],
   "resourceTypes": [
    "main_frame",
    "sub_frame"
   ]
  },
  "id": 5804
 },
 {
  "action": {
   "responseHeaders": [
    {
     "header": "content-security-policy",
     "operation": "append",
     "value": "frame-src 'self'"
    }
   ],
   "type": "modifyHeaders"
  },
  "condition": {
   "isUrlFilterCaseSensitive": false,
   "resourceTypes": [
    "main_frame",
    "sub_frame"
   ],
   "urlFilter": "||nsportal.ru/download/"
  },
  "id": 5805
 },
 {
  "action": {
   "responseHeaders": [
    {
     "header": "content-security-policy",
     "operation": "append",
     "value": "frame-src 'self'"
    }
   ],
   "type": "modifyHeaders"
  },
  "condition": {
   "isUrlFilterCaseSensitive": false,
   "resourceTypes": [
    "main_frame",
    "sub_frame"
   ],
   "urlFilter": "||nsportal.ru/umschool/"
  },
  "id": 5806
 },
 {
  "action": {
   "responseHeaders": [
    {
     "header": "content-security-policy",
     "operation": "append",
     "value": "script-src 'self' * blob: data:"
    }
   ],
   "type": "modifyHeaders"
  },
  "condition": {
   "requestDomains": [
    "psysovet24.ru"
   ],
   "resourceTypes": [
    "main_frame",
    "sub_frame"
   ]
  },
  "id": 5807
 },
 {
  "action": {
   "responseHeaders": [
    {
     "header": "content-security-policy",
     "operation": "append",
     "value": "media-src 'none'"
    }
   ],
   "type": "modifyHeaders"
  },
  "condition": {
   "requestDomains": [
    "smartmama.com.ua"
   ],
   "resourceTypes": [
    "main_frame",
    "sub_frame"
   ]
  },
  "id": 5808
 },
 {
  "action": {
   "responseHeaders": [
    {
     "header": "content-security-policy",
     "operation": "append",
     "value": "script-src 'self'"
    }
   ],
   "type": "modifyHeaders"
  },
  "condition": {
   "requestDomains": [
    "adblock-tester.com",
    "checkadblock.ru",
    "vazhno.ru"
   ],
   "resourceTypes": [
    "main_frame",
    "sub_frame"
   ]
  },
  "id": 5809
 },
 {
  "action": {
   "responseHeaders": [
    {
     "header": "content-security-policy",
     "operation": "append",
     "value": "script-src 'self' 'unsafe-inline' 'unsafe-eval' data: *.amazonaws.com *.cloudflare.com apis.google.com cse.google.com www.google.com *.google.com/complete/ *.googleapis.com *.googletagmanager.com *.net *.io *.jquery.com *.keycaptcha.com *.ru *.twitter.com *.ua"
    }
   ],
   "type": "modifyHeaders"
  },
  "condition": {
   "requestDomains": [
    "vikna.tv"
   ],
   "resourceTypes": [
    "main_frame",
    "sub_frame"
   ]
  },
  "id": 5810
 },
 {
  "action": {
   "responseHeaders": [
    {
     "header": "content-security-policy",
     "operation": "append",
     "value": "script-src 'self' 'unsafe-inline' 'unsafe-eval' i.li.ru"
    }
   ],
   "type": "modifyHeaders"
  },
  "condition": {
   "isUrlFilterCaseSensitive": false,
   "resourceTypes": [
    "main_frame",
    "sub_frame"
   ],
   "urlFilter": "||www.liveinternet.ru/|"
  },
  "id": 5811
 },
 {
  "action": {
   "responseHeaders": [
    {
     "header": "content-security-policy",
     "operation": "append",
     "value": "frame-src 'self' *.ukr.net *.sinoptik.ua kinoafisha.ua *.twitter.com *.google.com"
    }
   ],
   "type": "modifyHeaders"
  },
  "condition": {
   "requestDomains": [
    "www.ukr.net"
   ],
   "resourceTypes": [
    "main_frame",
    "sub_frame"
   ]
  },
  "id": 5812
 },
 {
  "action": {
   "responseHeaders": [
    {
     "header": "content-security-policy",
     "operation": "append",
     "value": "connect-src"
    }
   ],
   "type": "modifyHeaders"
  },
  "condition": {
   "isUrlFilterCaseSensitive": false,
   "resourceTypes": [
    "main_frame",
    "sub_frame"
   ],
   "urlFilter": "||yandex.ru/turbo?text=https*fishki.net"
  },
  "id": 5813
 },
 {
  "action": {
   "responseHeaders": [
    {
     "header": "content-security-policy",
     "operation": "append",
     "value": "script-src"
    }
   ],
   "type": "modifyHeaders"
  },
  "condition": {
   "isUrlFilterCaseSensitive": false,
   "resourceTypes": [
    "main_frame",
    "sub_frame"
   ],
   "urlFilter": "||yandex.ru/mapuid/"
  },
  "id": 5814
 },
 {
  "action": {
   "responseHeaders": [
    {
     "header": "content-security-policy",
     "operation": "append",
     "value": "connect-src 'self' *.ukr.net *.fwdcdn.com"
    }
   ],
   "type": "modifyHeaders"
  },
  "condition": {
   "requestDomains": [
    "mail.ukr.net"
   ],
   "resourceTypes": [
    "main_frame",
    "sub_frame"
   ]
  },
  "id": 5828
 }
]
