[
 {
  "action": {
   "responseHeaders": [
    {
     "header": "content-security-policy",
     "operation": "append",
     "value": "script-src data: blob: * 'self' 'unsafe-inline'"
    }
   ],
   "type": "modifyHeaders"
  },
  "condition": {
   "requestDomains": [
    "baomoi.com",
    "zingnews.vn"
   ],
   "resourceTypes": [
    "main_frame",
    "sub_frame"
   ]
  },
  "id": 480
 },
 {
  "action": {
   "responseHeaders": [
    {
     "header": "content-security-policy",
     "operation": "append",
     "value": "script-src 'self' 'unsafe-inline'"
    }
   ],
   "type": "modifyHeaders"
  },
  "condition": {
   "requestDomains": [
    "link1s.com",
    "ycongnghe.com"
   ],
   "resourceTypes": [
    "main_frame",
    "sub_frame"
   ]
  },
  "id": 481
 }
]
